 TIME                                   ,T_R                                     ,
  +2.1120000000000000E+03,  +4.9884999999999998E+01,
  +2.1130000000000000E+03,  +5.2173000000000002E+01,
  +2.1140000000000000E+03,  +5.0729999999999997E+01,
  +2.1150000000000000E+03,  +5.2612000000000002E+01,
  +2.1160000000000000E+03,  +5.1110999999999997E+01,
  +2.1170000000000000E+03,  +5.2524000000000001E+01,
  +2.1180000000000000E+03,  +5.0048000000000002E+01,
  +2.1190000000000000E+03,  +4.7619999999999997E+01,
  +2.1200000000000000E+03,  +4.5195000000000000E+01,
  +2.1210000000000000E+03,  +4.2850000000000001E+01,
  +2.1220000000000000E+03,  +4.0600000000000001E+01,
  +2.1230000000000000E+03,  +3.8439999999999998E+01,
  +2.1240000000000000E+03,  +4.6228000000000002E+01,
  +2.1250000000000000E+03,  +4.9768000000000001E+01,
  +2.1260000000000000E+03,  +5.1573999999999998E+01,
  +2.1270000000000000E+03,  +5.2564999999999998E+01,
  +2.1280000000000000E+03,  +5.3127000000000002E+01,
  +2.1290000000000000E+03,  +5.3456000000000003E+01,
  +2.1300000000000000E+03,  +5.3651000000000003E+01,
  +2.1310000000000000E+03,  +5.3786000000000001E+01,
  +2.1320000000000000E+03,  +5.1950000000000003E+01,
  +2.1330000000000000E+03,  +5.3011000000000003E+01,
  +2.1340000000000000E+03,  +5.3744000000000000E+01,
  +2.1350000000000000E+03,  +5.2841000000000001E+01,
  +2.1360000000000000E+03,  +5.1802000000000000E+01,
  +2.1370000000000000E+03,  +5.0639000000000003E+01,
  +2.1380000000000000E+03,  +5.2631999999999998E+01,
  +2.1390000000000000E+03,  +5.1359000000000002E+01,
  +2.1400000000000000E+03,  +5.2853999999999999E+01,
  +2.1410000000000000E+03,  +5.0881000000000000E+01,
  +2.1420000000000000E+03,  +4.8219000000000001E+01,
  +2.1430000000000000E+03,  +4.5624000000000002E+01,
  +2.1440000000000000E+03,  +4.3039999999999999E+01,
  +2.1450000000000000E+03,  +4.0552000000000000E+01,
  +2.1460000000000000E+03,  +3.8161000000000001E+01,
  +2.1470000000000000E+03,  +3.5869999999999997E+01,
  +2.1480000000000000E+03,  +4.4844999999999999E+01,
  +2.1490000000000000E+03,  +4.1359000000000002E+01,
  +2.1500000000000000E+03,  +4.7305000000000000E+01,
  +2.1510000000000000E+03,  +5.0109999999999999E+01,
  +2.1520000000000000E+03,  +5.1591000000000001E+01,
  +2.1530000000000000E+03,  +5.2436999999999998E+01,
  +2.1540000000000000E+03,  +5.2951999999999998E+01,
  +2.1550000000000000E+03,  +5.3286999999999999E+01,
  +2.1560000000000000E+03,  +5.3551000000000002E+01,
  +2.1570000000000000E+03,  +5.3814000000000000E+01,
  +2.1580000000000000E+03,  +5.4152000000000001E+01,
  +2.1590000000000000E+03,  +5.3299999999999997E+01,
  +2.1600000000000000E+03,  +5.2344999999999999E+01,
  +2.1610000000000000E+03,  +5.3494000000000000E+01,
  +2.1620000000000000E+03,  +5.2491000000000000E+01,
  +2.1630000000000000E+03,  +5.3526000000000003E+01,
  +2.1640000000000000E+03,  +5.2268999999999998E+01,
  +2.1650000000000000E+03,  +5.0332999999999998E+01,
  +2.1660000000000000E+03,  +4.7710000000000001E+01,
  +2.1670000000000000E+03,  +4.5143000000000001E+01,
  +2.1680000000000000E+03,  +4.2590000000000003E+01,
  +2.1690000000000000E+03,  +4.0134000000000000E+01,
  +2.1700000000000000E+03,  +3.7776000000000003E+01,
  +2.1710000000000000E+03,  +3.5520000000000003E+01,
  +2.1720000000000000E+03,  +4.4698999999999998E+01,
  +2.1730000000000000E+03,  +4.8856000000000002E+01,
  +2.1740000000000000E+03,  +5.0982999999999997E+01,
  +2.1750000000000000E+03,  +5.2152999999999999E+01,
  +2.1760000000000000E+03,  +5.2826000000000001E+01,
  +2.1770000000000000E+03,  +5.3220999999999997E+01,
  +2.1780000000000000E+03,  +5.3463999999999999E+01,
  +2.1790000000000000E+03,  +5.3630000000000003E+01,
  +2.1800000000000000E+03,  +5.3780000000000001E+01,
  +2.1810000000000000E+03,  +5.2094000000000001E+01,
  +2.1820000000000000E+03,  +5.3268000000000001E+01,
  +2.1830000000000000E+03,  +5.2226999999999997E+01,
  +2.1840000000000000E+03,  +5.1299999999999997E+01,
  +2.1850000000000000E+03,  +5.0286000000000001E+01,
  +2.1860000000000000E+03,  +4.9186999999999998E+01,
  +2.1870000000000000E+03,  +4.7973999999999997E+01,
  +2.1880000000000000E+03,  +5.1289999999999999E+01,
  +2.1890000000000000E+03,  +4.9246000000000002E+01,
  +2.1900000000000000E+03,  +4.6731999999999999E+01,
  +2.1910000000000000E+03,  +4.4372999999999998E+01,
  +2.1920000000000000E+03,  +4.2085000000000001E+01,
  +2.1930000000000000E+03,  +3.9920000000000002E+01,
  +2.1940000000000000E+03,  +3.7860999999999997E+01,
  +2.1950000000000000E+03,  +3.5896999999999998E+01,
  +2.1960000000000000E+03,  +3.3969000000000001E+01,
  +2.1970000000000000E+03,  +4.4143000000000001E+01,
  +2.1980000000000000E+03,  +4.8713999999999999E+01,
  +2.1990000000000000E+03,  +5.1006000000000000E+01,
  +2.2000000000000000E+03,  +5.2253000000000000E+01,
  +2.2010000000000000E+03,  +5.2975999999999999E+01,
  +2.2020000000000000E+03,  +5.3411000000000001E+01,
  +2.2030000000000000E+03,  +5.3691000000000003E+01,
  +2.2040000000000000E+03,  +5.1972000000000001E+01,
  +2.2050000000000000E+03,  +5.0252000000000002E+01,
  +2.2060000000000000E+03,  +4.8933000000000000E+01,
  +2.2070000000000000E+03,  +4.7829999999999998E+01,
  +2.2080000000000000E+03,  +4.6933999999999997E+01,
  +2.2090000000000000E+03,  +4.5987000000000002E+01,
  +2.2100000000000000E+03,  +5.0594999999999999E+01,
  +2.2110000000000000E+03,  +4.9344999999999999E+01,
  +2.2120000000000000E+03,  +4.7869000000000000E+01,
  +2.2130000000000000E+03,  +4.5947000000000003E+01,
  +2.2140000000000000E+03,  +4.3622999999999998E+01,
  +2.2150000000000000E+03,  +4.1448999999999998E+01,
  +2.2160000000000000E+03,  +3.9381999999999998E+01,
  +2.2170000000000000E+03,  +3.7459000000000003E+01,
  +2.2180000000000000E+03,  +3.5649999999999999E+01,
  +2.2190000000000000E+03,  +3.3936000000000000E+01,
  +2.2200000000000000E+03,  +3.2247999999999998E+01,
  +2.2210000000000000E+03,  +4.3524999999999999E+01,
  +2.2220000000000000E+03,  +4.8566000000000003E+01,
  +2.2230000000000000E+03,  +5.1049999999999997E+01,
  +2.2240000000000000E+03,  +5.2387999999999998E+01,
  +2.2250000000000000E+03,  +5.3143999999999998E+01,
  +2.2260000000000000E+03,  +5.3588000000000001E+01,
  +2.2270000000000000E+03,  +5.3871000000000002E+01,
  +2.2280000000000000E+03,  +5.2390000000000001E+01,
  +2.2290000000000000E+03,  +5.0899999999999999E+01,
  +2.2300000000000000E+03,  +4.9771999999999998E+01,
  +2.2310000000000000E+03,  +4.8853000000000002E+01,
  +2.2320000000000000E+03,  +5.2023000000000003E+01,
  +2.2330000000000000E+03,  +5.1231999999999999E+01,
  +2.2340000000000000E+03,  +5.0387999999999998E+01,
  +2.2350000000000000E+03,  +4.9423999999999999E+01,
  +2.2360000000000000E+03,  +4.8195999999999998E+01,
  +2.2370000000000000E+03,  +4.6521000000000001E+01,
  +2.2380000000000000E+03,  +4.4448999999999998E+01,
  +2.2390000000000000E+03,  +4.2473999999999997E+01,
  +2.2400000000000000E+03,  +4.0597999999999999E+01,
  +2.2410000000000000E+03,  +3.8877000000000002E+01,
  +2.2420000000000000E+03,  +3.7265999999999998E+01,
  +2.2430000000000000E+03,  +3.5750000000000000E+01,
  +2.2440000000000000E+03,  +3.4252000000000002E+01,
  +2.2450000000000000E+03,  +4.4667000000000002E+01,
  +2.2460000000000000E+03,  +4.9317999999999998E+01,
  +2.2470000000000000E+03,  +4.6771999999999998E+01,
  +2.2480000000000000E+03,  +5.0390999999999998E+01,
  +2.2490000000000000E+03,  +5.2145000000000003E+01,
  +2.2500000000000000E+03,  +5.0124000000000002E+01,
  +2.2510000000000000E+03,  +5.2093000000000004E+01,
  +2.2520000000000000E+03,  +5.0314999999999998E+01,
  +2.2530000000000000E+03,  +4.8738999999999997E+01,
  +2.2540000000000000E+03,  +4.7630000000000003E+01,
  +2.2550000000000000E+03,  +4.6774000000000001E+01,
  +2.2560000000000000E+03,  +4.6164999999999999E+01,
  +2.2570000000000000E+03,  +5.0863000000000000E+01,
  +2.2580000000000000E+03,  +5.0104999999999997E+01,
  +2.2590000000000000E+03,  +4.9268999999999998E+01,
  +2.2600000000000000E+03,  +4.8231000000000002E+01,
  +2.2610000000000000E+03,  +4.6875000000000000E+01,
  +2.2620000000000000E+03,  +4.5261000000000003E+01,
  +2.2630000000000000E+03,  +4.3725000000000001E+01,
  +2.2640000000000000E+03,  +4.2277000000000001E+01,
  +2.2650000000000000E+03,  +4.0963000000000001E+01,
  +2.2660000000000000E+03,  +3.9737000000000002E+01,
  +2.2670000000000000E+03,  +3.8591000000000001E+01,
  +2.2680000000000000E+03,  +3.7462000000000003E+01,
  +2.2690000000000000E+03,  +3.6290999999999997E+01,
  +2.2700000000000000E+03,  +4.5918999999999997E+01,
  +2.2710000000000000E+03,  +4.3786000000000001E+01,
  +2.2720000000000000E+03,  +4.1853999999999999E+01,
  +2.2730000000000000E+03,  +4.0052999999999997E+01,
  +2.2740000000000000E+03,  +3.8341000000000001E+01,
  +2.2750000000000000E+03,  +3.6731999999999999E+01,
  +2.2760000000000000E+03,  +3.5262999999999998E+01,
  +2.2770000000000000E+03,  +3.4000999999999998E+01,
  +2.2780000000000000E+03,  +3.3125999999999998E+01,
  +2.2790000000000000E+03,  +3.2463999999999999E+01,
