time,electricity,PV,temp,heat_water,heat_space
0,0.342904439,0,-2.62,0.028804782,2.271993184
1,0.102075794,0,-3.313,0.036005977,2.335992992
2,0.185367266,0,-3.869,0.028804782,2.415992752
3,0.198504184,0,-4.301,0.052808766,2.575992272
4,0.297293413,0,-4.747,0.127221119,2.975991072
5,0.287833334,0,-5.11,0.400866544,3.967988096
6,0.605078791,0,-5.437,0.626504,4.95998512
7,0.482008592,0,-5.26,0.540089655,4.671985984
8,0.749058297,0.173,-3.187,0.408067739,4.575986272
9,0.740346601,0.422,-0.595,0.39126495,4.383986848
10,0.668065401,0.62,2.251,0.355258973,4.191987424
11,0.524537117,0.739,3.796,0.36005977,4.015987952
12,0.870684264,0.779,5.011,0.348057778,3.935988192
13,0.73990649,0.762,5.955,0.280846621,4.015987952
14,0.75444203,0.716,6.593,0.268844628,4.127987616
15,0.434770853,0.612,6.814,0.240039847,4.287987136
16,0.608450373,0.47,6.707,0.280846621,4.463986608
17,0.595174543,0.32,6.426,0.331254988,4.591986224
18,0.63934474,0.155,5.789,0.321653394,4.671985984
19,0.818434561,0.016,3.664,0.338456184,4.623986128
20,1.051910297,0,2.047,0.350458176,4.415986752
21,0.71723583,0,2.024,0.300049808,3.91998824
22,0.458570209,0,2.008,0.175229088,2.87999136
23,0.508640422,0,1.625,0.072011954,2.383992848
24,0.317493369,0,1.091,0.028804782,2.415992752
25,0.143189556,0,1.03,0.036005977,2.47999256
26,0.192431644,0,1.357,0.028804782,2.55999232
27,0.308996872,0,1.592,0.052808766,2.71999184
28,0.284467517,0,1.356,0.127221119,3.151990544
29,0.2280029,0,0.98,0.400866544,4.191987424
30,0.447999716,0,0.754,0.626504,5.247984256
31,0.723600153,0,0.786,0.540089655,4.943985168
32,0.750230054,0.052,1.043,0.408067739,4.847985456
33,0.627079773,0.204,1.902,0.39126495,4.63998608
34,0.718341386,0.567,4.059,0.355258973,4.447986656
35,0.716586793,0.764,6.127,0.36005977,4.255987232
36,0.833289136,0.853,7.368,0.348057778,4.175987472
37,0.523157616,0.884,8.22,0.280846621,4.255987232
38,0.620334451,0.86,8.765,0.268844628,4.367986896
39,0.736875127,0.783,8.989,0.240039847,4.543986368
40,0.510280158,0.651,8.839,0.280846621,4.71998584
41,0.453734648,0.463,8.322,0.331254988,4.863985408
42,0.684650614,0.232,7.302,0.321653394,4.927985216
43,0.809459583,0.03,4.537,0.338456184,4.895985312
44,0.763846041,0,1.996,0.350458176,4.655986032
45,0.866990445,0,1.245,0.300049808,4.143987568
46,0.712625287,0,0.519,0.175229088,3.03999088
47,0.538921764,0,-0.213,0.072011954,2.527992416
48,0.138522546,0,-0.907,0.028804782,2.383992848
49,0.345642114,0,-1.416,0.036005977,2.447992656
50,0.222516619,0,-1.633,0.028804782,2.527992416
51,0.105581809,0,-1.595,0.052808766,2.687991936
52,0.241661615,0,-1.486,0.127221119,3.103990688
53,0.099591968,0,-1.455,0.400866544,4.143987568
54,0.42865043,0,-1.592,0.626504,5.167984496
55,0.631167425,0,-1.469,0.540089655,4.87998536
56,0.781433808,0.169,0.501,0.408067739,4.783985648
57,0.735028919,0.411,2.543,0.39126495,4.575986272
58,0.659846857,0.613,5.535,0.355258973,4.383986848
59,0.805757406,0.757,6.891,0.36005977,4.191987424
60,0.766665359,0.844,7.974,0.348057778,4.111987664
61,0.666495479,0.875,8.86,0.280846621,4.191987424
62,0.749143528,0.851,9.505,0.268844628,4.303987088
63,0.588788964,0.775,9.811,0.240039847,4.47998656
64,0.414979311,0.643,9.747,0.280846621,4.655986032
65,0.576226579,0.456,9.306,0.331254988,4.7999856
66,0.723937309,0.229,8.301,0.321653394,4.863985408
67,0.643112726,0.031,5.372,0.338456184,4.815985552
68,1.003162516,0,2.64,0.350458176,4.591986224
69,0.840029631,0,1.804,0.300049808,4.095987712
70,0.670840724,0,1.04,0.175229088,3.007990976
71,0.519407083,0,0.173,0.072011954,2.495992512
72,0.193136578,0,-0.684,0.028804782,2.047993856
73,0.341694634,0,-0.957,0.036005977,2.111993664
74,0.134064155,0,-0.62,0.028804782,2.191993424
75,0.29202422,0,-0.187,0.052808766,2.351992944
76,0.050776537,0,0.065,0.127221119,2.767991696
77,0.286197046,0,-0.224,0.400866544,3.695988912
78,0.462878095,0,-0.536,0.626504,4.607986176
79,0.632281731,0,-0.704,0.540089655,4.351986944
80,0.656250924,0.079,0.042,0.408067739,4.23998728
81,0.599677708,0.264,2.137,0.39126495,4.015987952
82,0.619281383,0.57,5.306,0.355258973,3.823988528
83,0.777049115,0.708,6.973,0.36005977,3.647989056
84,0.708383663,0.797,8.098,0.348057778,3.583989248
85,0.780183919,0.838,8.978,0.280846621,3.663989008
86,0.564020071,0.806,9.592,0.268844628,3.775988672
87,0.567537302,0.662,9.799,0.240039847,3.935988192
88,0.413571181,0.446,9.628,0.280846621,4.111987664
89,0.530890766,0.263,9.191,0.331254988,4.23998728
90,0.597192331,0.128,8.467,0.321653394,4.31998704
91,0.783748077,0.016,6.806,0.338456184,4.303987088
92,0.675086052,0,5.166,0.350458176,4.07998776
93,0.694938882,0,4.637,0.300049808,3.631989104
94,0.492775056,0,4.383,0.175229088,2.63999208
95,0.478130375,0,4.205,0.072011954,2.143993568
96,0.365892062,0,4.202,0.028804782,1.711994864
97,0.363067016,0,4.355,0.036005977,1.791994624
98,0.2136762,0,4.493,0.028804782,1.871994384
99,0.276429353,0,4.635,0.052808766,2.063993808
100,0.362145329,0,4.712,0.127221119,2.527992416
101,0.143409164,0,4.77,0.400866544,3.407989776
102,0.646351128,0,4.75,0.626504,4.223987328
103,0.551008009,0,4.728,0.540089655,3.999988
104,0.647714101,0.012,4.964,0.408067739,3.823988528
105,0.829338963,0.064,5.481,0.39126495,3.567989296
106,0.592926804,0.275,6.703,0.355258973,3.35998992
107,0.723179325,0.636,8.643,0.36005977,3.183990448
108,0.722665232,0.7,9.793,0.348057778,3.135990592
109,0.862160022,0.717,10.409,0.280846621,3.215990352
110,0.735953237,0.713,10.786,0.268844628,3.327990016
111,0.674680144,0.632,10.821,0.240039847,3.503989488
112,0.514486617,0.53,10.606,0.280846621,3.647989056
113,0.551492422,0.373,9.958,0.331254988,3.807988576
114,0.681745709,0.146,8.825,0.321653394,3.91998824
115,0.664074123,0.025,6.873,0.338456184,3.903988288
116,0.88543147,0,3.889,0.350458176,3.711988864
117,0.647683011,0,2.743,0.300049808,3.263990208
118,0.360093171,0,2.244,0.175229088,2.31999304
119,0.577399354,0,2.2,0.072011954,1.823994528
120,0.158764037,0,2.102,0.028804782,1.487995536
121,0.324960148,0,1.825,0.036005977,1.567995296
122,0,0,1.451,0.028804782,1.647995056
123,0.175530396,0,0.953,0.052808766,1.855994432
124,0.219114391,0,0.46,0.127221119,2.335992992
125,0.159130011,0,-0.03,0.400866544,3.151990544
126,0.401676757,0,-0.572,0.626504,3.871988384
127,0.532102837,0.003,-0.359,0.540089655,3.67998896
128,0.653898703,0.164,3.056,0.408067739,3.487989536
129,0.586620115,0.388,5.527,0.39126495,3.1999904
130,0.732998825,0.594,8.572,0.355258973,2.991991024
131,0.726451738,0.745,10.537,0.36005977,2.815991552
132,0.638539166,0.83,11.864,0.348057778,2.783991648
133,0.780852273,0.859,12.877,0.280846621,2.863991408
134,0.717311699,0.835,13.651,0.268844628,2.975991072
135,0.804279603,0.762,14.127,0.240039847,3.151990544
136,0.829473498,0.637,14.261,0.280846621,3.295990112
137,0.771449019,0.457,14.008,0.331254988,3.455989632
138,0.865443189,0.237,13.179,0.321653394,3.583989248
139,1.006859763,0.038,10.221,0.338456184,3.583989248
140,0.662705575,0,7.256,0.350458176,3.391989824
141,0.775877931,0,6.213,0.300049808,2.975991072
142,0.738012705,0,5.515,0.175229088,2.07999376
143,0.87470653,0,4.918,0.072011954,1.5999952
144,0.41811696,0,4.389,0.028804782,1.135996592
145,0.244805621,0,3.922,0.036005977,1.1999964
146,0.288945319,0,3.555,0.028804782,1.263996208
147,0.293106634,0,3.307,0.052808766,1.423995728
148,0.186083142,0,3.148,0.127221119,1.807994576
149,0.102547166,0,3.034,0.400866544,2.415992752
150,0.086965613,0,2.932,0.626504,2.927991216
151,0.217801321,0.003,3.301,0.540089655,2.815991552
152,0.447636162,0.181,5.224,0.408067739,2.671991984
153,0.810181053,0.415,8.037,0.39126495,2.431992704
154,0.791966536,0.608,11.466,0.355258973,2.271993184
155,0.844276557,0.744,13.903,0.36005977,2.127993616
156,0.9940302,0.824,15.407,0.348057778,2.095993712
157,1.040570693,0.85,16.545,0.280846621,2.175993472
158,0.641754389,0.826,17.381,0.268844628,2.255993232
159,0.53490618,0.752,17.858,0.240039847,2.415992752
160,0.439537334,0.626,17.915,0.280846621,2.511992464
161,0.615264411,0.449,17.504,0.331254988,2.63999208
162,0.745233083,0.234,16.244,0.321653394,2.751991744
163,0.839571473,0.039,13.508,0.338456184,2.751991744
164,0.676292274,0,11.191,0.350458176,2.607992176
165,0.509221606,0,10.786,0.300049808,2.287993136
166,0.690451386,0,10.258,0.175229088,1.5999952
167,0.415615138,0,9.643,0.072011954,1.215996352
