index,electricity,PV,temp,heat_water,heat_space
0,0.0,0.0,6.286,0.200000003,1.700000048
1,0.0,0.0,5.997,0.100000001,1.700000048
2,0.0,0.0,5.705,0.100000001,1.799999952
3,0.0,0.0,5.534,0.0,1.700000048
4,0.0,0.0,5.451,0.100000001,1.799999952
5,0.0,0.0,5.241,0.100000001,2.599999905
6,0.0,0.0,5.217,0.100000001,3.599999905
7,0.0,0.0,5.286,0.200000003,3.299999952
8,0.0,0.0,5.491,0.5,3.099999905
9,0.0,0.0,5.688,1.0,2.799999952
10,0.0,0.0,5.828,1.100000024,2.700000048
11,0.0,0.0,5.999,1.100000024,2.299999952
12,0.0,0.0,6.31,1.0,2.0
13,0.0,0.0,6.725,0.800000012,1.799999952
14,0.0,0.0,6.698,0.699999988,2.200000048
15,0.0,0.0,6.085,0.600000024,2.400000095
16,0.0,0.0,5.25,0.600000024,2.099999905
17,0.0,0.0,4.751,0.600000024,2.099999905
18,0.0,0.0,4.214,0.699999988,2.299999952
19,0.0,0.0,3.543,0.699999988,2.400000095
20,0.0,0.0,3.0,0.699999988,2.5
21,0.0,0.0,2.71,0.600000024,2.400000095
22,0.0,0.0,2.373,0.5,1.100000024
23,0.0,0.0,1.691,0.300000012,0.899999976
24,0.0,0.0,1.013,0.200000003,1.0
25,0.0,0.0,1.227,0.100000001,1.899999976
26,0.0,0.0,1.679,0.0,1.799999952
27,0.0,0.0,1.818,0.0,2.0
28,0.0,0.0,1.477,0.100000001,2.599999905
29,0.0,0.0,1.127,0.300000012,3.599999905
30,0.0,0.0,0.765,1.0,5.5
31,0.0,0.0,0.51,0.899999976,5.099999905
32,0.0,0.0,1.148,0.800000012,4.5
33,0.0,0.0,2.368,0.699999988,4.400000095
34,0.0,0.0,3.581,0.600000024,4.099999905
35,0.0,0.0,4.443,0.5,4.0
36,0.0,0.0,4.72,0.5,3.799999952
37,0.0,0.0,4.549,0.5,3.900000095
38,0.0,0.0,3.514,0.400000006,3.599999905
39,0.0,0.0,1.164,0.400000006,3.799999952
40,0.0,0.0,0.193,0.5,4.300000191
41,0.0,0.0,-0.57,0.600000024,4.300000191
42,0.0,0.0,-1.408,0.699999988,5.0
43,0.0,0.0,-2.167,0.899999976,5.0
44,0.0,0.0,-2.645,0.899999976,5.199999809
45,0.0,0.0,-2.733,1.0,5.599999905
46,0.0,0.0,-2.325,0.5,3.599999905
47,0.0,0.0,-1.55,0.300000012,3.400000095
48,0.0,0.0,-0.877,0.200000003,3.599999905
49,0.0,0.0,-0.699,0.100000001,3.400000095
50,0.0,0.0,-0.711,0.0,3.299999952
51,0.0,0.0,-0.693,0.0,3.200000048
52,0.0,0.0,-0.576,0.100000001,3.599999905
53,0.0,0.0,-0.261,0.400000006,5.300000191
54,0.0,0.0,0.114,1.0,6.599999905
55,0.0,0.0,0.414,1.0,6.0
56,0.0,0.0,0.861,0.800000012,4.699999809
57,0.0,0.0,1.458,0.600000024,4.099999905
58,0.0,0.0,2.221,0.600000024,4.5
59,0.0,0.0,2.915,0.5,3.900000095
60,0.0,0.0,3.333,0.5,3.900000095
61,0.0,0.0,3.431,0.5,3.799999952
62,0.0,0.0,3.076,0.5,3.799999952
63,0.0,0.0,2.237,0.400000006,3.5
64,0.0,0.0,2.097,0.5,3.5
65,0.0,0.0,1.97,0.699999988,3.799999952
66,0.0,0.0,1.588,0.699999988,3.599999905
67,0.0,0.0,1.191,0.899999976,4.5
68,0.0,0.0,0.779,1.0,4.699999809
69,0.0,0.0,0.71,0.800000012,4.199999809
70,0.0,0.0,0.869,0.5,2.799999952
71,0.0,0.0,0.809,0.300000012,2.400000095
72,0.0,0.0,0.573,0.200000003,2.5
73,0.0,0.0,0.357,0.100000001,2.599999905
74,0.0,0.0,0.226,0.0,2.700000048
75,0.0,0.0,0.213,0.0,2.900000095
76,0.0,0.0,0.258,0.100000001,3.200000048
77,0.0,0.0,0.321,0.300000012,4.599999905
78,0.0,0.0,0.467,0.899999976,6.099999905
79,0.0,0.0,0.651,1.0,6.400000095
80,0.0,0.0,0.945,0.800000012,5.400000095
81,0.0,0.0,1.26,0.600000024,4.400000095
82,0.0,0.0,1.682,0.600000024,4.599999905
83,0.0,0.0,2.364,0.5,4.599999905
84,0.0,0.0,2.969,0.5,4.300000191
85,0.0,0.0,3.146,0.5,4.199999809
86,0.0,0.0,2.976,0.5,4.199999809
87,0.0,0.0,2.51,0.400000006,4.5
88,0.0,0.0,2.143,0.5,4.900000095
89,0.0,0.0,1.808,0.600000024,4.800000191
90,0.0,0.0,1.599,0.699999988,5.0
91,0.0,0.0,1.52,0.899999976,5.199999809
92,0.0,0.0,1.548,1.0,5.400000095
93,0.0,0.0,1.699,0.899999976,5.0
94,0.0,0.0,1.947,0.5,3.099999905
95,0.0,0.0,2.178,0.300000012,2.700000048
96,0.0,0.0,2.37,0.200000003,2.599999905
97,0.0,0.0,2.523,0.100000001,2.5
98,0.0,0.0,2.683,0.0,2.400000095
99,0.0,0.0,2.903,0.0,2.400000095
100,0.0,0.0,3.359,0.100000001,2.599999905
101,0.0,0.0,3.898,0.300000012,4.099999905
102,0.0,0.0,3.974,0.899999976,5.400000095
103,0.0,0.0,4.009,1.0,5.599999905
104,0.0,0.0,4.222,0.800000012,5.0
105,0.0,0.0,4.58,0.600000024,4.599999905
106,0.0,0.0,4.986,0.600000024,4.800000191
107,0.0,0.0,5.414,0.600000024,4.5
108,0.0,0.0,5.644,0.5,3.700000048
109,0.0,0.0,5.597,0.5,3.799999952
110,0.0,0.0,5.424,0.5,4.0
111,0.0,0.0,5.162,0.400000006,4.199999809
112,0.0,0.0,4.937,0.5,4.400000095
113,0.0,0.0,4.743,0.600000024,4.5
114,0.0,0.0,4.563,0.699999988,5.900000095
115,0.0,0.0,4.387,1.0,6.099999905
116,0.0,0.0,4.261,1.0,5.900000095
117,0.0,0.0,4.163,1.0,5.599999905
118,0.0,0.0,3.995,0.5,3.400000095
119,0.0,0.0,3.819,0.300000012,3.299999952
120,0.0,0.0,3.679,0.200000003,3.200000048
121,0.0,0.0,3.573,0.100000001,3.200000048
122,0.0,0.0,3.598,0.100000001,3.0
123,0.0,0.0,3.518,0.0,3.200000048
124,0.0,0.0,3.398,0.100000001,3.900000095
125,0.0,0.0,3.278,0.100000001,5.199999809
126,0.0,0.0,3.112,0.100000001,7.099999905
127,0.0,0.0,2.934,0.200000003,6.5
128,0.0,0.0,2.928,0.5,5.699999809
129,0.0,0.0,3.156,1.0,5.5
130,0.0,0.0,3.615,1.100000024,5.199999809
131,0.0,0.0,4.237,1.100000024,4.800000191
132,0.0,0.0,4.733,0.899999976,4.800000191
133,0.0,0.0,5.0,0.800000012,4.599999905
134,0.0,0.0,4.716,0.699999988,4.800000191
135,0.0,0.0,3.8,0.600000024,5.199999809
136,0.0,0.0,3.367,0.600000024,4.900000095
137,0.0,0.0,2.976,0.699999988,5.5
138,0.0,0.0,2.485,0.699999988,5.5
139,0.0,0.0,2.135,0.800000012,5.900000095
140,0.0,0.0,1.876,0.800000012,6.300000191
141,0.0,0.0,1.647,0.600000024,6.0
142,0.0,0.0,1.665,0.5,3.299999952
143,0.0,0.0,1.656,0.300000012,3.400000095
144,0.0,0.0,1.593,0.200000003,3.099999905
145,0.0,0.0,1.504,0.100000001,3.400000095
146,0.0,0.0,1.52,0.100000001,3.099999905
147,0.0,0.0,1.38,0.0,3.299999952
148,0.0,0.0,1.235,0.100000001,3.700000048
149,0.0,0.0,1.265,0.100000001,5.0
150,0.0,0.0,1.345,0.100000001,7.099999905
151,0.0,0.0,1.353,0.200000003,6.699999809
152,0.0,0.0,1.693,0.600000024,6.0
153,0.0,0.0,2.563,1.0,4.800000191
154,0.0,0.0,3.531,1.100000024,4.699999809
155,0.0,0.0,4.371,1.200000048,4.800000191
156,0.0,0.0,4.835,1.0,4.400000095
157,0.0,0.0,4.844,0.800000012,4.699999809
158,0.0,0.0,4.596,0.600000024,4.099999905
159,0.0,0.0,4.456,0.600000024,4.900000095
160,0.0,0.0,4.612,0.600000024,5.099999905
161,0.0,0.0,4.749,0.699999988,5.5
162,0.0,0.0,5.004,0.800000012,6.099999905
163,0.0,0.0,5.067,0.800000012,6.5
164,0.0,0.0,5.415,0.699999988,6.099999905
165,0.0,0.0,5.796,0.600000024,5.900000095
166,0.0,0.0,6.057,0.400000006,3.299999952
167,0.0,0.0,6.558,0.300000012,2.799999952
168,0.0,0.0,6.855,0.200000003,2.799999952
169,0.0,0.0,6.495,0.100000001,2.700000048
170,0.0,0.0,5.455,0.0,2.599999905
171,0.0,0.0,4.667,0.0,2.599999905
172,0.0,0.0,4.23,0.100000001,3.400000095
173,0.0,0.0,4.039,0.300000012,5.199999809
174,0.0,0.0,4.088,0.899999976,6.5
175,0.0,0.0,4.354,1.0,6.5
176,0.0,0.0,4.742,0.800000012,5.400000095
177,0.0,0.0,5.047,0.699999988,5.199999809
178,0.0,0.0,5.356,0.600000024,4.900000095
179,0.0,0.0,5.556,0.600000024,4.699999809
180,0.0,0.0,5.59,0.5,4.400000095
181,0.0,0.0,5.842,0.5,4.199999809
182,0.0,0.0,5.798,0.5,4.800000191
183,0.0,0.0,5.375,0.400000006,4.599999905
184,0.0,0.0,4.923,0.5,5.0
185,0.0,0.0,4.579,0.600000024,5.099999905
186,0.0,0.0,4.372,0.699999988,5.699999809
187,0.0,0.0,4.2,0.899999976,5.800000191
188,0.0,0.0,4.011,1.0,6.199999809
189,0.0,0.0,3.855,0.899999976,5.900000095
190,0.0,0.0,3.674,0.5,3.5
191,0.0,0.0,3.493,0.300000012,3.0
192,0.0,0.0,3.365,0.200000003,2.799999952
193,0.0,0.0,3.186,0.100000001,2.700000048
194,0.0,0.0,3.011,0.0,3.0
195,0.0,0.0,2.89,0.0,3.0
196,0.0,0.0,2.736,0.100000001,3.299999952
197,0.0,0.0,2.593,0.300000012,4.300000191
198,0.0,0.0,2.457,0.899999976,6.199999809
199,0.0,0.0,2.247,1.0,6.199999809
200,0.0,0.0,2.222,0.800000012,5.0
201,0.0,0.0,2.566,0.699999988,5.0
202,0.0,0.0,3.364,0.600000024,4.400000095
203,0.0,0.0,4.109,0.600000024,4.199999809
204,0.0,0.0,4.373,0.5,3.900000095
205,0.0,0.0,4.201,0.5,4.0
206,0.0,0.0,3.52,0.5,4.099999905
207,0.0,0.0,2.363,0.400000006,3.799999952
208,0.0,0.0,1.346,0.5,4.0
209,0.0,0.0,0.508,0.600000024,4.099999905
210,0.0,0.0,0.105,0.699999988,4.699999809
211,0.0,0.0,-0.051,0.899999976,5.0
212,0.0,0.0,-0.147,1.0,4.900000095
213,0.0,0.0,-0.344,0.899999976,4.699999809
214,0.0,0.0,-0.653,0.600000024,2.900000095
215,0.0,0.0,-1.441,0.300000012,2.400000095
216,0.0,0.0,-2.364,0.200000003,2.200000048
217,0.0,0.0,-2.992,0.100000001,2.099999905
218,0.0,0.0,-2.96,0.0,2.200000048
219,0.0,0.0,-2.581,0.0,2.5
220,0.0,0.0,-2.081,0.100000001,2.900000095
221,0.0,0.0,-1.832,0.300000012,4.099999905
222,0.0,0.0,-1.719,0.899999976,5.900000095
223,0.0,0.0,-1.62,1.0,5.599999905
224,0.0,0.0,-1.296,0.800000012,4.800000191
225,0.0,0.0,-0.812,0.699999988,4.400000095
226,0.0,0.0,-0.277,0.600000024,4.300000191
227,0.0,0.0,0.13,0.5,3.900000095
228,0.0,0.0,0.333,0.600000024,3.799999952
229,0.0,0.0,0.35,0.5,3.5
230,0.0,0.0,0.032,0.5,3.799999952
231,0.0,0.0,-0.847,0.400000006,3.5
232,0.0,0.0,-1.019,0.5,4.0
233,0.0,0.0,-0.98,0.600000024,4.5
234,0.0,0.0,-1.057,0.800000012,5.0
235,0.0,0.0,-1.257,0.899999976,4.900000095
236,0.0,0.0,-1.287,1.0,5.099999905
237,0.0,0.0,-1.171,1.0,5.0
238,0.0,0.0,-0.953,0.5,2.799999952
239,0.0,0.0,-0.941,0.300000012,2.299999952
240,0.0,0.0,-0.926,0.200000003,2.299999952
241,0.0,0.0,-0.81,0.100000001,2.200000048
242,0.0,0.0,-0.69,0.0,2.200000048
243,0.0,0.0,-0.51,0.0,2.200000048
244,0.0,0.0,-0.453,0.100000001,2.5
245,0.0,0.0,-0.313,0.300000012,3.700000048
246,0.0,0.0,-0.041,1.0,5.599999905
247,0.0,0.0,0.28,0.899999976,4.800000191
248,0.0,0.0,0.717,0.800000012,4.199999809
249,0.0,0.0,1.383,0.699999988,3.900000095
250,0.0,0.0,2.329,0.600000024,3.400000095
251,0.0,0.0,3.26,0.600000024,3.599999905
252,0.0,0.0,3.773,0.5,3.299999952
253,0.0,0.0,3.973,0.5,3.400000095
254,0.0,0.0,4.29,0.400000006,3.0
255,0.0,0.0,4.429,0.400000006,3.299999952
256,0.0,0.0,4.546,0.5,3.700000048
257,0.0,0.0,4.771,0.600000024,4.0
258,0.0,0.0,4.948,0.699999988,4.300000191
259,0.0,0.0,4.949,0.899999976,4.300000191
260,0.0,0.0,4.938,1.0,4.5
261,0.0,0.0,4.963,0.800000012,3.799999952
262,0.0,0.0,4.897,0.5,2.599999905
263,0.0,0.0,4.695,0.300000012,2.5
264,0.0,0.0,4.434,0.200000003,2.400000095
265,0.0,0.0,4.092,0.100000001,2.299999952
266,0.0,0.0,3.932,0.0,2.400000095
267,0.0,0.0,3.777,0.0,2.5
268,0.0,0.0,3.637,0.100000001,2.700000048
269,0.0,0.0,3.509,0.300000012,3.900000095
270,0.0,0.0,3.388,0.899999976,5.300000191
271,0.0,0.0,3.237,1.0,5.199999809
272,0.0,0.0,3.143,0.800000012,4.5
273,0.0,0.0,3.449,0.699999988,4.300000191
274,0.0,0.0,3.958,0.600000024,3.799999952
275,0.0,0.0,4.543,0.600000024,3.799999952
276,0.0,0.0,4.94,0.5,3.5
277,0.0,0.0,4.922,0.5,3.799999952
278,0.0,0.0,4.955,0.5,3.799999952
279,0.0,0.0,5.115,0.400000006,3.700000048
280,0.0,0.0,5.359,0.5,4.199999809
281,0.0,0.0,5.623,0.600000024,4.199999809
282,0.0,0.0,5.666,0.800000012,4.900000095
283,0.0,0.0,5.6,0.899999976,4.800000191
284,0.0,0.0,5.574,1.0,5.199999809
285,0.0,0.0,5.491,0.899999976,4.800000191
286,0.0,0.0,5.44,0.5,3.200000048
287,0.0,0.0,5.258,0.300000012,2.700000048
288,0.0,0.0,5.211,0.200000003,3.200000048
289,0.0,0.0,5.345,0.100000001,3.299999952
290,0.0,0.0,5.411,0.100000001,3.5
291,0.0,0.0,5.383,0.0,3.400000095
292,0.0,0.0,5.378,0.100000001,3.799999952
293,0.0,0.0,5.391,0.100000001,5.699999809
294,0.0,0.0,5.864,0.100000001,7.199999809
295,0.0,0.0,6.418,0.200000003,6.800000191
296,0.0,0.0,6.771,0.5,6.0
297,0.0,0.0,7.029,1.0,5.599999905
298,0.0,0.0,7.216,1.100000024,5.300000191
299,0.0,0.0,7.395,1.100000024,5.400000095
300,0.0,0.0,7.463,1.0,5.0
301,0.0,0.0,7.465,0.800000012,5.5
302,0.0,0.0,7.428,0.699999988,5.0
303,0.0,0.0,7.381,0.600000024,4.800000191
304,0.0,0.0,7.375,0.600000024,5.800000191
305,0.0,0.0,7.414,0.600000024,5.5
306,0.0,0.0,7.433,0.600000024,5.400000095
307,0.0,0.0,7.298,0.800000012,6.400000095
308,0.0,0.0,6.859,0.800000012,6.699999809
309,0.0,0.0,6.278,0.600000024,6.900000095
310,0.0,0.0,5.785,0.5,3.900000095
311,0.0,0.0,5.394,0.300000012,3.099999905
312,0.0,0.0,5.33,0.200000003,3.400000095
313,0.0,0.0,5.299,0.100000001,3.400000095
314,0.0,0.0,5.193,0.100000001,3.299999952
315,0.0,0.0,5.083,0.0,3.599999905
316,0.0,0.0,4.998,0.100000001,4.199999809
317,0.0,0.0,4.747,0.100000001,6.0
318,0.0,0.0,4.479,0.100000001,8.699999809
319,0.0,0.0,4.285,0.200000003,7.699999809
320,0.0,0.0,4.227,0.5,6.400000095
321,0.0,0.0,4.224,1.0,7.0
322,0.0,0.0,4.459,1.100000024,6.699999809
323,0.0,0.0,4.731,1.100000024,6.0
324,0.0,0.0,4.895,1.0,6.199999809
325,0.0,0.0,4.731,0.800000012,5.800000191
326,0.0,0.0,4.047,0.600000024,5.199999809
327,0.0,0.0,2.941,0.600000024,5.900000095
328,0.0,0.0,2.165,0.600000024,6.400000095
329,0.0,0.0,1.601,0.699999988,6.900000095
330,0.0,0.0,1.268,0.699999988,6.900000095
331,0.0,0.0,0.797,0.699999988,7.400000095
332,0.0,0.0,0.363,0.800000012,8.699999809
333,0.0,0.0,0.366,0.600000024,8.100000381
334,0.0,0.0,0.264,0.5,5.0
335,0.0,0.0,0.265,0.300000012,4.5
336,0.0,0.0,0.192,0.200000003,4.400000095
337,0.0,0.0,0.167,0.100000001,4.400000095
338,0.0,0.0,-0.011,0.0,4.199999809
339,0.0,0.0,0.064,0.0,4.400000095
340,0.0,0.0,0.118,0.100000001,5.900000095
341,0.0,0.0,0.248,0.300000012,8.199999809
342,0.0,0.0,0.917,0.899999976,10.5
343,0.0,0.0,1.4,0.899999976,10.19999981
344,0.0,0.0,2.21,0.800000012,8.600000381
345,0.0,0.0,3.068,0.699999988,8.600000381
346,0.0,0.0,4.156,0.600000024,8.100000381
347,0.0,0.0,5.309,0.600000024,8.399999619
348,0.0,0.0,6.036,0.5,6.699999809
349,0.0,0.0,6.211,0.5,7.400000095
350,0.0,0.0,5.815,0.400000006,6.5
351,0.0,0.0,5.033,0.400000006,7.199999809
352,0.0,0.0,4.565,0.5,7.800000191
353,0.0,0.0,4.365,0.600000024,8.199999809
354,0.0,0.0,4.177,0.699999988,8.5
355,0.0,0.0,4.058,1.0,9.800000191
356,0.0,0.0,4.12,0.899999976,9.399999619
357,0.0,0.0,4.136,1.0,10.19999981
358,0.0,0.0,4.197,0.5,5.900000095
359,0.0,0.0,4.442,0.300000012,5.300000191
360,0.0,0.0,4.551,0.200000003,5.599999905
361,0.0,0.0,4.337,0.100000001,5.199999809
362,0.0,0.0,3.941,0.0,5.5
363,0.0,0.0,3.51,0.0,5.099999905
364,0.0,0.0,3.067,0.100000001,5.699999809
365,0.0,0.0,2.288,0.300000012,8.300000191
366,0.0,0.0,1.935,1.0,11.60000038
367,0.0,0.0,2.17,1.0,11.10000038
368,0.0,0.0,2.741,0.800000012,8.800000191
369,0.0,0.0,3.371,0.699999988,7.900000095
370,0.0,0.0,4.278,0.600000024,7.900000095
371,0.0,0.0,5.073,0.600000024,7.199999809
372,0.0,0.0,5.333,0.5,6.800000191
373,0.0,0.0,5.295,0.5,6.400000095
374,0.0,0.0,4.802,0.400000006,6.400000095
375,0.0,0.0,3.771,0.5,7.0
376,0.0,0.0,3.132,0.5,7.5
377,0.0,0.0,2.88,0.600000024,8.100000381
378,0.0,0.0,2.524,0.699999988,8.899999619
379,0.0,0.0,1.999,0.899999976,9.399999619
380,0.0,0.0,1.684,1.0,9.899999619
381,0.0,0.0,1.739,0.899999976,9.199999809
382,0.0,0.0,2.166,0.5,5.800000191
383,0.0,0.0,2.631,0.300000012,4.699999809
384,0.0,0.0,2.891,0.200000003,4.699999809
385,0.0,0.0,3.175,0.100000001,4.099999905
386,0.0,0.0,3.288,0.0,5.199999809
387,0.0,0.0,3.151,0.0,5.099999905
388,0.0,0.0,2.997,0.100000001,6.199999809
389,0.0,0.0,2.952,0.300000012,8.399999619
390,0.0,0.0,2.834,0.899999976,11.19999981
391,0.0,0.0,2.577,1.0,11.5
392,0.0,0.0,2.866,0.800000012,9.600000381
393,0.0,0.0,3.571,0.699999988,8.399999619
394,0.0,0.0,4.315,0.600000024,7.599999905
395,0.0,0.0,4.663,0.600000024,7.199999809
396,0.0,0.0,4.327,0.5,6.5
397,0.0,0.0,3.506,0.5,6.5
398,0.0,0.0,2.765,0.5,6.199999809
399,0.0,0.0,2.102,0.400000006,6.300000191
400,0.0,0.0,1.54,0.5,7.599999905
401,0.0,0.0,1.179,0.600000024,7.800000191
402,0.0,0.0,0.98,0.699999988,8.5
403,0.0,0.0,0.85,1.0,9.600000381
404,0.0,0.0,0.706,1.0,9.699999809
405,0.0,0.0,0.601,0.800000012,8.199999809
406,0.0,0.0,0.331,0.5,5.199999809
407,0.0,0.0,-0.04,0.300000012,5.099999905
408,0.0,0.0,-0.621,0.200000003,4.699999809
409,0.0,0.0,-1.289,0.100000001,4.599999905
410,0.0,0.0,-1.93,0.0,4.599999905
411,0.0,0.0,-2.292,0.0,4.900000095
412,0.0,0.0,-2.499,0.100000001,5.199999809
413,0.0,0.0,-2.698,0.300000012,7.300000191
414,0.0,0.0,-2.975,0.899999976,10.10000038
415,0.0,0.0,-3.181,0.899999976,9.399999619
416,0.0,0.0,-2.39,0.800000012,8.399999619
417,0.0,0.0,-0.952,0.699999988,7.300000191
418,0.0,0.0,0.989,0.5,6.400000095
419,0.0,0.0,2.158,0.600000024,6.699999809
420,0.0,0.0,2.525,0.5,6.0
421,0.0,0.0,2.41,0.5,5.800000191
422,0.0,0.0,1.254,0.5,5.900000095
423,0.0,0.0,-0.791,0.400000006,5.800000191
424,0.0,0.0,-1.866,0.5,6.800000191
425,0.0,0.0,-2.282,0.600000024,6.699999809
426,0.0,0.0,-2.27,0.800000012,7.599999905
427,0.0,0.0,-2.191,0.899999976,7.5
428,0.0,0.0,-2.193,1.0,7.800000191
429,0.0,0.0,-2.217,1.0,7.699999809
430,0.0,0.0,-2.274,0.5,4.099999905
431,0.0,0.0,-2.32,0.300000012,3.799999952
432,0.0,0.0,-2.381,0.200000003,3.200000048
433,0.0,0.0,-2.501,0.100000001,3.099999905
434,0.0,0.0,-2.706,0.0,2.900000095
435,0.0,0.0,-2.933,0.0,3.5
436,0.0,0.0,-3.152,0.100000001,3.200000048
437,0.0,0.0,-3.309,0.300000012,4.400000095
438,0.0,0.0,-3.372,0.899999976,6.400000095
439,0.0,0.0,-3.248,0.899999976,5.599999905
440,0.0,0.0,-2.272,0.800000012,5.0
441,0.0,0.0,-0.842,0.699999988,4.599999905
442,0.0,0.0,0.891,0.600000024,4.400000095
443,0.0,0.0,1.927,0.600000024,3.799999952
444,0.0,0.0,2.292,0.5,3.400000095
445,0.0,0.0,2.119,0.5,3.5
446,0.0,0.0,0.679,0.400000006,3.900000095
447,0.0,0.0,-1.998,0.400000006,3.900000095
448,0.0,0.0,-2.793,0.5,4.599999905
449,0.0,0.0,-2.797,0.600000024,4.400000095
450,0.0,0.0,-2.941,0.800000012,5.199999809
451,0.0,0.0,-3.157,0.899999976,4.900000095
452,0.0,0.0,-3.382,0.899999976,5.199999809
453,0.0,0.0,-3.604,0.899999976,5.199999809
454,0.0,0.0,-3.846,0.5,3.0
455,0.0,0.0,-4.076,0.300000012,2.799999952
456,0.0,0.0,-4.277,0.200000003,3.0
457,0.0,0.0,-4.438,0.100000001,2.700000048
458,0.0,0.0,-4.557,0.100000001,3.5
459,0.0,0.0,-4.605,0.0,3.200000048
460,0.0,0.0,-4.62,0.100000001,3.400000095
461,0.0,0.0,-4.638,0.100000001,5.900000095
462,0.0,0.0,-4.671,0.100000001,7.199999809
463,0.0,0.0,-4.482,0.200000003,7.199999809
464,0.0,0.0,-2.971,0.5,6.5
465,0.0,0.0,-1.401,1.0,6.0
466,0.0,0.0,-0.098,1.200000048,6.400000095
467,0.0,0.0,0.753,1.100000024,5.800000191
468,0.0,0.0,1.235,1.0,5.900000095
469,0.0,0.0,1.198,0.800000012,5.099999905
470,0.0,0.0,0.15,0.699999988,5.199999809
471,0.0,0.0,-2.251,0.600000024,5.599999905
472,0.0,0.0,-3.233,0.600000024,5.900000095
473,0.0,0.0,-3.452,0.600000024,5.699999809
474,0.0,0.0,-3.636,0.699999988,6.199999809
475,0.0,0.0,-3.814,0.800000012,7.0
476,0.0,0.0,-3.992,0.800000012,7.699999809
477,0.0,0.0,-4.169,0.600000024,7.400000095
478,0.0,0.0,-4.391,0.5,4.400000095
479,0.0,0.0,-4.601,0.300000012,3.599999905
480,0.0,0.0,-4.745,0.200000003,3.799999952
481,0.0,0.0,-4.892,0.100000001,3.799999952
482,0.0,0.0,-5.189,0.100000001,3.799999952
483,0.0,0.0,-5.49,0.0,3.900000095
484,0.0,0.0,-5.79,0.100000001,4.199999809
485,0.0,0.0,-6.066,0.100000001,5.699999809
486,0.0,0.0,-6.426,0.100000001,7.300000191
487,0.0,0.0,-6.615,0.200000003,6.900000095
488,0.0,0.0,-5.138,0.600000024,6.5
489,0.0,0.0,-3.58,1.0,5.300000191
490,0.0,0.0,-1.56,1.0,4.599999905
491,0.0,0.0,-0.08,1.100000024,4.400000095
492,0.0,0.0,0.611,1.0,4.300000191
493,0.0,0.0,0.779,0.800000012,4.400000095
494,0.0,0.0,0.046,0.699999988,4.199999809
495,0.0,0.0,-1.508,0.600000024,4.400000095
496,0.0,0.0,-2.332,0.600000024,4.5
497,0.0,0.0,-3.014,0.600000024,5.099999905
498,0.0,0.0,-3.873,0.800000012,6.0
499,0.0,0.0,-4.842,0.800000012,5.800000191
500,0.0,0.0,-5.69,0.699999988,5.800000191
501,0.0,0.0,-6.235,0.600000024,5.599999905
502,0.0,0.0,-6.605,0.5,3.200000048
503,0.0,0.0,-6.903,0.300000012,2.599999905
