 TIME                                   ,T_to_src                                ,T_to_load                               ,Loss_th                                 ,
 HOURS              ,"°C                 ,°C                  ,kJ"                 ,
  +2.1120000000000000E+03,  +3.0000000000000000E+01,  +3.0000000000000000E+01,  +0.0000000000000000E+00,
  +2.1130000000000000E+03,  +3.2238813733581587E+01,  +3.2238813733581623E+01,  +0.0000000000000000E+00,
  +2.1140000000000000E+03,  +3.3848368291792163E+01,  +3.3848368291792184E+01,  +0.0000000000000000E+00,
  +2.1150000000000000E+03,  +3.5845007684758222E+01,  +3.5845007684758208E+01,  +0.0000000000000000E+00,
  +2.1160000000000000E+03,  +3.7847755083791313E+01,  +3.7847755083791334E+01,  +0.0000000000000000E+00,
  +2.1170000000000000E+03,  +3.9885442241819696E+01,  +3.9885442241819717E+01,  +0.0000000000000000E+00,
  +2.1180000000000000E+03,  +3.6852339895842505E+01,  +6.5000000000000000E+01,  +0.0000000000000000E+00,
  +2.1190000000000000E+03,  +4.1866071669410360E+01,  +5.7561425037495233E+01,  +0.0000000000000000E+00,
  +2.1200000000000000E+03,  +4.4299461238189032E+01,  +6.5000000000000000E+01,  +0.0000000000000000E+00,
  +2.1210000000000000E+03,  +4.5370711223505566E+01,  +6.1282553941315172E+01,  +0.0000000000000000E+00,
  +2.1220000000000000E+03,  +3.4704000000000001E+01,  +4.5370711223505580E+01,  +0.0000000000000000E+00,
  +2.1230000000000000E+03,  +4.1284309941520469E+01,  +6.5000000000000000E+01,  +0.0000000000000000E+00,
  +2.1240000000000000E+03,  +4.6767443005346564E+01,  +6.5000000000000000E+01,  +0.0000000000000000E+00,
  +2.1250000000000000E+03,  +4.6742644881671261E+01,  +6.5000000000000000E+01,  +0.0000000000000000E+00,
  +2.1260000000000000E+03,  +4.0236325730596718E+01,  +6.5000000000000014E+01,  +0.0000000000000000E+00,
  +2.1270000000000000E+03,  +4.8080888945188981E+01,  +6.5000000000000000E+01,  +0.0000000000000000E+00,
  +2.1280000000000000E+03,  +4.8078805011999883E+01,  +6.3261028177625739E+01,  +0.0000000000000000E+00,
  +2.1290000000000000E+03,  +3.9573000000000000E+01,  +4.8078805011999862E+01,  +0.0000000000000000E+00,
  +2.1300000000000000E+03,  +3.6737000000000002E+01,  +4.8078805011999876E+01,  +0.0000000000000000E+00,
  +2.1310000000000000E+03,  +4.2847743087557610E+01,  +4.8078805011999883E+01,  +0.0000000000000000E+00,
  +2.1320000000000000E+03,  +4.4997179195804200E+01,  +6.5000000000000000E+01,  +0.0000000000000000E+00,
  +2.1330000000000000E+03,  +4.4341999999999999E+01,  +6.4109680151942271E+01,  +0.0000000000000000E+00,
  +2.1340000000000000E+03,  +4.0835059495325204E+01,  +6.4999999999999986E+01,  +0.0000000000000000E+00,
  +2.1350000000000000E+03,  +4.6082504345367532E+01,  +6.5000000000000014E+01,  +0.0000000000000000E+00,
  +2.1360000000000000E+03,  +4.6745280314187610E+01,  +6.5000000000000043E+01,  +0.0000000000000000E+00,
  +2.1370000000000000E+03,  +5.3542269771928602E+01,  +6.4999999999999943E+01,  +0.0000000000000000E+00,
  +2.1380000000000000E+03,  +4.9966999999999999E+01,  +6.5000000000000043E+01,  +0.0000000000000000E+00,
  +2.1390000000000000E+03,  +4.0241999999999997E+01,  +6.4999999999999986E+01,  +0.0000000000000000E+00,
  +2.1400000000000000E+03,  +4.6646378746593996E+01,  +6.5000000000000014E+01,  +0.0000000000000000E+00,
  +2.1410000000000000E+03,  +4.7051925278219393E+01,  +6.5000000000000014E+01,  +0.0000000000000000E+00,
  +2.1420000000000000E+03,  +4.7982826541274811E+01,  +6.5000000000000000E+01,  +0.0000000000000000E+00,
  +2.1430000000000000E+03,  +4.7942352290679295E+01,  +5.1441294343210039E+01,  +0.0000000000000000E+00,
  +2.1440000000000000E+03,  +4.8144639096710641E+01,  +4.8144639096710627E+01,  +0.0000000000000000E+00,
  +2.1450000000000000E+03,  +4.7425708275361693E+01,  +6.5000000000000000E+01,  +0.0000000000000000E+00,
  +2.1460000000000000E+03,  +4.6057548869538429E+01,  +6.5000000000000000E+01,  +0.0000000000000000E+00,
  +2.1470000000000000E+03,  +4.5618000000000002E+01,  +6.5000000000000014E+01,  +0.0000000000000000E+00,
  +2.1480000000000000E+03,  +4.8702620613830810E+01,  +6.0080709491177394E+01,  +0.0000000000000000E+00,
  +2.1490000000000000E+03,  +4.6518000000000001E+01,  +4.8702620613830810E+01,  +0.0000000000000000E+00,
  +2.1500000000000000E+03,  +4.4255000000000003E+01,  +4.8702620613830817E+01,  +0.0000000000000000E+00,
  +2.1510000000000000E+03,  +4.7110725394896718E+01,  +4.8702620613830817E+01,  +0.0000000000000000E+00,
  +2.1520000000000000E+03,  +4.8130104651162796E+01,  +4.8702620613830810E+01,  +0.0000000000000000E+00,
  +2.1530000000000000E+03,  +4.4310000000000002E+01,  +4.8211824474315200E+01,  +0.0000000000000000E+00,
  +2.1540000000000000E+03,  +4.4216392156862746E+01,  +4.8130104651162803E+01,  +0.0000000000000000E+00,
  +2.1550000000000000E+03,  +4.6940928104575171E+01,  +4.8130104651162789E+01,  +0.0000000000000000E+00,
  +2.1560000000000000E+03,  +4.6985714640198523E+01,  +6.5000000000000000E+01,  +0.0000000000000000E+00,
  +2.1570000000000000E+03,  +4.2110264104864491E+01,  +6.5000000000000000E+01,  +0.0000000000000000E+00,
  +2.1580000000000000E+03,  +4.2479899852003577E+01,  +6.4999999999999986E+01,  +0.0000000000000000E+00,
  +2.1590000000000000E+03,  +4.9300553318118766E+01,  +6.5000000000000014E+01,  +0.0000000000000000E+00,
  +2.1600000000000000E+03,  +4.9676818145973485E+01,  +6.5000000000000014E+01,  +0.0000000000000000E+00,
  +2.1610000000000000E+03,  +4.2366000000000000E+01,  +6.4999999999999972E+01,  +0.0000000000000000E+00,
  +2.1620000000000000E+03,  +4.3507562700964627E+01,  +6.4999999999999986E+01,  +0.0000000000000000E+00,
  +2.1630000000000000E+03,  +4.6515933194154485E+01,  +6.4847451307981899E+01,  +0.0000000000000000E+00,
  +2.1640000000000000E+03,  +4.6131096521601307E+01,  +6.5000000000000000E+01,  +0.0000000000000000E+00,
  +2.1650000000000000E+03,  +3.8706000000000003E+01,  +6.5000000000000000E+01,  +0.0000000000000000E+00,
  +2.1660000000000000E+03,  +4.3968902061855673E+01,  +5.2291207402282460E+01,  +0.0000000000000000E+00,
  +2.1670000000000000E+03,  +4.6746977375058371E+01,  +4.9676818145973478E+01,  +0.0000000000000000E+00,
  +2.1680000000000000E+03,  +4.6940208210407775E+01,  +6.5000000000000014E+01,  +0.0000000000000000E+00,
  +2.1690000000000000E+03,  +4.7656687287595055E+01,  +6.4999999999999986E+01,  +0.0000000000000000E+00,
  +2.1700000000000000E+03,  +4.7705784228308858E+01,  +6.4999999999999972E+01,  +0.0000000000000000E+00,
  +2.1710000000000000E+03,  +4.8196290720216908E+01,  +6.5000000000000028E+01,  +0.0000000000000000E+00,
  +2.1720000000000000E+03,  +4.6884999999999998E+01,  +6.5000000000000014E+01,  +0.0000000000000000E+00,
  +2.1730000000000000E+03,  +4.4329999999999998E+01,  +5.8199972488663839E+01,  +0.0000000000000000E+00,
  +2.1740000000000000E+03,  +4.4982489642184554E+01,  +4.8196290720216901E+01,  +0.0000000000000000E+00,
  +2.1750000000000000E+03,  +4.7639538389513113E+01,  +4.8196290720216901E+01,  +0.0000000000000000E+00,
  +2.1760000000000000E+03,  +4.6518000000000001E+01,  +4.7818220249906446E+01,  +0.0000000000000000E+00,
  +2.1770000000000000E+03,  +4.4255000000000003E+01,  +4.7639538389513099E+01,  +0.0000000000000000E+00,
  +2.1780000000000000E+03,  +4.7081767597765371E+01,  +4.7639538389513113E+01,  +0.0000000000000000E+00,
  +2.1790000000000000E+03,  +4.7984499219064404E+01,  +6.5000000000000000E+01,  +0.0000000000000000E+00,
  +2.1800000000000000E+03,  +4.5908997826419011E+01,  +6.4999999999999986E+01,  +0.0000000000000000E+00,
  +2.1810000000000000E+03,  +4.4124000000000002E+01,  +6.5000000000000000E+01,  +0.0000000000000000E+00,
  +2.1820000000000000E+03,  +4.7624018018018020E+01,  +6.3571632559000605E+01,  +0.0000000000000000E+00,
  +2.1830000000000000E+03,  +4.7494793333333341E+01,  +4.7984499219064382E+01,  +0.0000000000000000E+00,
  +2.1840000000000000E+03,  +3.7420999999999999E+01,  +4.7984499219064396E+01,  +0.0000000000000000E+00,
  +2.1850000000000000E+03,  +3.4936000000000000E+01,  +4.7984499219064404E+01,  +0.0000000000000000E+00,
  +2.1860000000000000E+03,  +4.1992277078085635E+01,  +4.7984499219064389E+01,  +0.0000000000000000E+00,
  +2.1870000000000000E+03,  +4.4433915441176467E+01,  +4.7984499219064389E+01,  +0.0000000000000000E+00,
  +2.1880000000000000E+03,  +4.2366000000000000E+01,  +4.7544025399560205E+01,  +0.0000000000000000E+00,
  +2.1890000000000000E+03,  +4.3650794554455452E+01,  +4.7494793333333341E+01,  +0.0000000000000000E+00,
  +2.1900000000000000E+03,  +4.5960720873786414E+01,  +6.5000000000000000E+01,  +0.0000000000000000E+00,
  +2.1910000000000000E+03,  +4.5837567352281994E+01,  +6.1660441830869253E+01,  +0.0000000000000000E+00,
  +2.1920000000000000E+03,  +3.8706000000000003E+01,  +4.6847546755704151E+01,  +0.0000000000000000E+00,
  +2.1930000000000000E+03,  +4.3318854651162788E+01,  +4.5837567352282015E+01,  +0.0000000000000000E+00,
  +2.1940000000000000E+03,  +4.5990747741687741E+01,  +4.5990747741687748E+01,  +0.0000000000000000E+00,
  +2.1950000000000000E+03,  +4.6258108871701332E+01,  +4.6258108871701324E+01,  +0.0000000000000000E+00,
  +2.1960000000000000E+03,  +4.6825612799125828E+01,  +6.5000000000000000E+01,  +0.0000000000000000E+00,
  +2.1970000000000000E+03,  +4.7030829390120680E+01,  +6.5000000000000000E+01,  +0.0000000000000000E+00,
  +2.1980000000000000E+03,  +4.7565303299649457E+01,  +6.5000000000000014E+01,  +0.0000000000000000E+00,
  +2.1990000000000000E+03,  +4.6884999999999998E+01,  +6.5000000000000000E+01,  +0.0000000000000000E+00,
  +2.2000000000000000E+03,  +4.4329999999999998E+01,  +6.4999999999999986E+01,  +0.0000000000000000E+00,
  +2.2010000000000000E+03,  +4.4983869731800766E+01,  +6.5000000000000000E+01,  +0.0000000000000000E+00,
  +2.2020000000000000E+03,  +4.7603919626192472E+01,  +6.4999999999999986E+01,  +0.0000000000000000E+00,
  +2.2030000000000000E+03,  +4.7029018796621351E+01,  +6.5000000000000014E+01,  +0.0000000000000000E+00,
  +2.2040000000000000E+03,  +4.5923228612329730E+01,  +6.5000000000000028E+01,  +0.0000000000000000E+00,
  +2.2050000000000000E+03,  +4.8682583769645767E+01,  +6.5000000000000014E+01,  +0.0000000000000000E+00,
  +2.2060000000000000E+03,  +4.9182868235025339E+01,  +6.5000000000000014E+01,  +0.0000000000000000E+00,
  +2.2070000000000000E+03,  +4.7897781504134542E+01,  +6.4999999999999986E+01,  +0.0000000000000000E+00,
  +2.2080000000000000E+03,  +4.4124000000000002E+01,  +6.4999999999999929E+01,  +0.0000000000000000E+00,
  +2.2090000000000000E+03,  +4.8824480398998460E+01,  +6.5000000000000071E+01,  +0.0000000000000000E+00,
  +2.2100000000000000E+03,  +4.7127000000000002E+01,  +6.4999999999999986E+01,  +0.0000000000000000E+00,
  +2.2110000000000000E+03,  +3.7420999999999999E+01,  +6.4999999999999986E+01,  +0.0000000000000000E+00,
  +2.2120000000000000E+03,  +3.4936000000000000E+01,  +6.5000000000000057E+01,  +0.0000000000000000E+00,
  +2.2130000000000000E+03,  +4.3298805999999992E+01,  +6.4999999999999972E+01,  +0.0000000000000000E+00,
  +2.2140000000000000E+03,  +4.5969626963350777E+01,  +6.5000000000000014E+01,  +0.0000000000000000E+00,
  +2.2150000000000000E+03,  +4.4201622418911228E+01,  +6.5000000000000000E+01,  +0.0000000000000000E+00,
  +2.2160000000000000E+03,  +4.8492972105867182E+01,  +6.5000000000000057E+01,  +0.0000000000000000E+00,
  +2.2170000000000000E+03,  +5.2085000000000001E+01,  +6.5000000000000000E+01,  +0.0000000000000000E+00,
  +2.2180000000000000E+03,  +5.1275852700907933E+01,  +6.4999999999999972E+01,  +0.0000000000000000E+00,
  +2.2190000000000000E+03,  +5.4702004256570078E+01,  +6.5000000000000028E+01,  +0.0000000000000000E+00,
  +2.2200000000000000E+03,  +4.8189000000000000E+01,  +6.4999999999999972E+01,  +0.0000000000000000E+00,
  +2.2210000000000000E+03,  +5.3441100013189732E+01,  +6.5000000000000014E+01,  +0.0000000000000000E+00,
  +2.2220000000000000E+03,  +4.7619999999999997E+01,  +6.4999999999999972E+01,  +0.0000000000000000E+00,
  +2.2230000000000000E+03,  +4.8721667447306793E+01,  +6.5000000000000014E+01,  +0.0000000000000000E+00,
  +2.2240000000000000E+03,  +4.7817000000000000E+01,  +6.5000000000000000E+01,  +0.0000000000000000E+00,
  +2.2250000000000000E+03,  +4.8380334763948504E+01,  +6.5000000000000000E+01,  +0.0000000000000000E+00,
  +2.2260000000000000E+03,  +4.7659314472072026E+01,  +6.4999999999999986E+01,  +0.0000000000000000E+00,
  +2.2270000000000000E+03,  +4.4329999999999998E+01,  +6.5000000000000000E+01,  +0.0000000000000000E+00,
  +2.2280000000000000E+03,  +4.5174048663286868E+01,  +6.5000000000000000E+01,  +0.0000000000000000E+00,
  +2.2290000000000000E+03,  +4.9831907931953673E+01,  +6.5000000000000014E+01,  +0.0000000000000000E+00,
  +2.2300000000000000E+03,  +5.0959037562528600E+01,  +6.4999999999999957E+01,  +0.0000000000000000E+00,
  +2.2310000000000000E+03,  +6.0345626154368553E+01,  +6.5000000000000099E+01,  +0.0000000000000000E+00,
  +2.2320000000000000E+03,  +5.0411000000000001E+01,  +6.4999999999999872E+01,  +0.0000000000000000E+00,
  +2.2330000000000000E+03,  +5.9624531109200142E+01,  +6.4999999999999929E+01,  +0.0000000000000000E+00,
  +2.2340000000000000E+03,  +4.4310000000000002E+01,  +6.5000000000000000E+01,  +0.0000000000000000E+00,
  +2.2350000000000000E+03,  +4.4211479452054796E+01,  +6.5000000000000000E+01,  +0.0000000000000000E+00,
  +2.2360000000000000E+03,  +4.7482887671232874E+01,  +6.5000000000000000E+01,  +0.0000000000000000E+00,
  +2.2370000000000000E+03,  +4.7358137010676153E+01,  +6.5000000000000014E+01,  +0.0000000000000000E+00,
  +2.2380000000000000E+03,  +4.2625321051678085E+01,  +6.5000000000000000E+01,  +0.0000000000000000E+00,
  +2.2390000000000000E+03,  +3.4936000000000000E+01,  +6.5000000000000014E+01,  +0.0000000000000000E+00,
  +2.2400000000000000E+03,  +4.4182344292102904E+01,  +6.5000000000000014E+01,  +0.0000000000000000E+00,
  +2.2410000000000000E+03,  +5.1313909522026449E+01,  +6.4999999999999972E+01,  +0.0000000000000000E+00,
  +2.2420000000000000E+03,  +4.2366000000000000E+01,  +6.4999999999999972E+01,  +0.0000000000000000E+00,
  +2.2430000000000000E+03,  +4.3455454545454550E+01,  +6.4999999999999972E+01,  +0.0000000000000000E+00,
  +2.2440000000000000E+03,  +4.6251620111731846E+01,  +6.4999999999999972E+01,  +0.0000000000000000E+00,
  +2.2450000000000000E+03,  +4.5508000000000003E+01,  +6.4999999999999986E+01,  +0.0000000000000000E+00,
  +2.2460000000000000E+03,  +3.8706000000000003E+01,  +6.5000000000000000E+01,  +0.0000000000000000E+00,
  +2.2470000000000000E+03,  +4.3583678851174938E+01,  +6.4999999999999986E+01,  +0.0000000000000000E+00,
  +2.2480000000000000E+03,  +4.6301332567049812E+01,  +5.1964702636534348E+01,  +0.0000000000000000E+00,
  +2.2490000000000000E+03,  +4.6508123435858835E+01,  +4.6508123435858828E+01,  +0.0000000000000000E+00,
  +2.2500000000000000E+03,  +4.7035203247011246E+01,  +4.7035203247011253E+01,  +0.0000000000000000E+00,
  +2.2510000000000000E+03,  +4.7161609654375759E+01,  +6.5000000000000000E+01,  +0.0000000000000000E+00,
  +2.2520000000000000E+03,  +4.7503833558959592E+01,  +6.5000000000000000E+01,  +0.0000000000000000E+00,
  +2.2530000000000000E+03,  +4.7277301446769606E+01,  +6.5000000000000043E+01,  +0.0000000000000000E+00,
  +2.2540000000000000E+03,  +5.0790962175158064E+01,  +6.4999999999999986E+01,  +0.0000000000000000E+00,
  +2.2550000000000000E+03,  +4.5618000000000002E+01,  +6.5000000000000057E+01,  +0.0000000000000000E+00,
  +2.2560000000000000E+03,  +4.8837081871345035E+01,  +6.4999999999999957E+01,  +0.0000000000000000E+00,
  +2.2570000000000000E+03,  +4.6518000000000001E+01,  +6.5000000000000043E+01,  +0.0000000000000000E+00,
  +2.2580000000000000E+03,  +4.4255000000000003E+01,  +6.4999999999999957E+01,  +0.0000000000000000E+00,
  +2.2590000000000000E+03,  +4.7208123456790126E+01,  +6.5000000000000028E+01,  +0.0000000000000000E+00,
  +2.2600000000000000E+03,  +4.8403471910112366E+01,  +6.4999999999999986E+01,  +0.0000000000000000E+00,
  +2.2610000000000000E+03,  +4.4310000000000002E+01,  +6.5000000000000028E+01,  +0.0000000000000000E+00,
  +2.2620000000000000E+03,  +4.5645683388631198E+01,  +6.5000000000000028E+01,  +0.0000000000000000E+00,
  +2.2630000000000000E+03,  +4.9870270336624699E+01,  +6.4999999999999972E+01,  +0.0000000000000000E+00,
  +2.2640000000000000E+03,  +4.8968640963683768E+01,  +6.5000000000000000E+01,  +0.0000000000000000E+00,
  +2.2650000000000000E+03,  +5.1158301274693748E+01,  +6.5000000000000043E+01,  +0.0000000000000000E+00,
  +2.2660000000000000E+03,  +3.4936000000000000E+01,  +6.4999999999999957E+01,  +0.0000000000000000E+00,
  +2.2670000000000000E+03,  +4.3702392727272724E+01,  +6.5000000000000000E+01,  +0.0000000000000000E+00,
  +2.2680000000000000E+03,  +4.6066073891625614E+01,  +6.4999999999999972E+01,  +0.0000000000000000E+00,
  +2.2690000000000000E+03,  +4.2366000000000000E+01,  +6.5000000000000028E+01,  +0.0000000000000000E+00,
  +2.2700000000000000E+03,  +4.3509779783393498E+01,  +6.4999999999999957E+01,  +0.0000000000000000E+00,
  +2.2710000000000000E+03,  +4.6306798561151069E+01,  +6.5000000000000028E+01,  +0.0000000000000000E+00,
  +2.2720000000000000E+03,  +4.5508000000000003E+01,  +6.5000000000000000E+01,  +0.0000000000000000E+00,
  +2.2730000000000000E+03,  +4.3591745898140609E+01,  +6.5000000000000043E+01,  +0.0000000000000000E+00,
  +2.2740000000000000E+03,  +4.6701654355310232E+01,  +6.4999999999999972E+01,  +0.0000000000000000E+00,
  +2.2750000000000000E+03,  +4.7650419497589624E+01,  +6.5000000000000014E+01,  +0.0000000000000000E+00,
  +2.2760000000000000E+03,  +4.7646126123749269E+01,  +6.4999999999999986E+01,  +0.0000000000000000E+00,
  +2.2770000000000000E+03,  +4.7879911551386463E+01,  +4.8658281315066809E+01,  +0.0000000000000000E+00,
  +2.2780000000000000E+03,  +4.7874924082559971E+01,  +4.7874924082559914E+01,  +0.0000000000000000E+00,
  +2.2790000000000000E+03,  +4.7939112105255354E+01,  +6.4999999999999986E+01,  +0.0000000000000000E+00,
