index,py_P_elec,py_P_heat_60,py_P_heat_55,py_P_heat_50,py_m_hs_60,py_m_hs_55,py_m_hs_50,py_COP_60,py_COP_55,py_COP_50,py_V_60,py_V_55,py_V_50,py_V_total,py_T_return,py_P_heat_total,m_ges,T_avg
0,0.0,0.0,0.0,0.0,0.0,0.0,0.0,2.13,2.41,2.72,0.5326502544803662,0.5325365438234819,0.38615720933979947,1.4513440076436477,40.0,0.0,0.0,54.06414083772347
1,0.0,0.0,0.0,0.0,0.0,0.0,0.0,2.11,2.39,2.71,0.5319678742310758,0.531740704864823,0.23920675113715453,1.3029153302330534,40.0,0.0,0.0,53.12970973060338
2,0.0,0.0,0.0,0.0,0.0,0.0,0.0,2.1,2.38,2.69,0.5312861918695487,0.5309458153233717,0.08388444300722228,1.1461164502001426,40.0,0.0,0.0,52.14297218582111
3,0.0,0.0,0.0,0.0,0.0,0.0,0.0,2.09,2.37,2.68,0.5306052066820373,0.488402622632719,0.0,1.0190078293147562,40.0,0.0,0.0,51.211339670707204
4,0.0,0.0,0.0,0.0,0.0,0.0,0.0,2.08,2.36,2.67,0.5299249179555234,0.38432053571434854,0.0,0.914245453669872,40.0,0.0,0.0,50.22706649676606
5,0.0,0.0,0.0,0.0,0.0,0.0,0.0,2.07,2.35,2.66,0.5292453249777191,0.2344953746624427,0.0,0.7637406996401619,40.0,0.0,0.0,48.813960699681886
6,0.0,0.0,0.0,0.0,0.0,0.0,0.0,2.07,2.35,2.65,0.5285664270370639,0.027514896117571533,0.0,0.5560813231546354,40.0,0.0,0.0,46.86503248906554
7,0.0,0.0,0.0,0.0,0.0,0.0,0.0,2.08,2.35,2.66,0.40635367663480315,0.0,0.0,0.40635367663480315,40.0,0.0,0.0,45.07942095793504
8,0.0,0.0,0.0,0.0,0.0,0.0,0.0,2.09,2.36,2.67,0.2722524256529501,0.0,0.0,0.2722524256529501,40.0,0.0,0.0,43.403155320661874
9,0.0,0.0,0.0,0.0,0.0,0.0,0.0,2.1,2.38,2.69,0.1511906827864072,0.0,0.0,0.1511906827864072,40.0,0.0,0.0,41.88988353483009
10,0.06958725326064281,0.0,0.0,0.18718971127112916,0.0,0.0,16.117746006017555,2.1,2.38,2.69,0.042604166841441526,0.0,0.0,0.042604166841441526,40.0,0.18718971127112916,16.117746006017555,40.53255208551802
11,0.8495940782287823,0.0,0.0,2.302399952,0.0,0.0,198.24539168636733,2.11,2.39,2.71,0.04230254724147779,0.0,0.0,0.04230254724147779,40.0,2.302399952,198.24539168636733,40.52878184051847
12,0.7346416792059947,0.0,0.0028,2.0024,0.0,0.16072709876481922,172.41425494643252,2.13,2.41,2.73,0.042121658154888754,0.0,0.0,0.042121658154888754,40.0,2.0052000000000003,172.57498204519734,40.52652072693611
13,4.506837197863691,0.0,9.397462441740133,1.802399952,0.0,539.4381692900877,155.19349023150505,2.15,2.44,2.75,0.04194095406820279,0.5386340968541584,0.0,0.5805750509223612,40.0,11.199862393740133,694.6316595215927,45.57395658386028
14,8.09497108571088,0.0,17.797599952,2.202400048,0.0,1021.6273590220877,189.63501966135996,2.15,2.44,2.75,0.041760434792215854,1.5582395652077843,0.0,1.6,40.0,20.0,1211.2623786834477,55.13050135872567
15,0.9024813135923035,0.0,0.0383683526215286,2.402400095,0.0,2.202440714729942,206.8557842901836,2.12,2.4,2.71,0.0415801001379173,1.5584198998620828,0.0,1.6,40.0,2.4407684476215286,209.05822500491354,55.12993781293099
16,0.8067030905682065,0.0,0.038368888117240374,2.102399905,0.0,2.202471453541426,181.02462705754368,2.07,2.35,2.66,0.04139994991648979,1.5586000500835102,0.0,1.6,40.0,2.1407687931172403,183.2270985110851,55.12937484348903
17,0.8189812562567569,0.0,0.03836942306529423,2.102399905,0.0,2.2025021609159565,181.02462705754368,2.05,2.32,2.62,0.04121998393930911,1.558780016060691,0.0,1.6,40.0,2.140769328065294,183.22712921845965,55.12881244981035
18,0.9057129503662973,0.0,0.03836995746623373,2.302399952,0.0,2.202532836884736,198.24539168636733,2.02,2.29,2.59,0.04104020201794395,1.5589597979820562,0.0,1.6,40.0,2.3407699094662338,200.44792452325206,55.128250631306074
19,0.9591712360117837,0.0,0.03837049132063086,2.402400095,0.0,2.202563481480598,206.8557842901836,1.99,2.25,2.55,0.04086060396415571,1.5591393960358444,0.0,1.6,40.0,2.440770586320631,209.05834777166422,55.12768938738799
20,1.0142563568821814,0.0,0.03837102462903985,2.5024,0.0,2.202594094735357,215.4661564012948,1.96,2.22,2.51,0.04068118958989831,1.5593188104101017,0.0,1.6,40.0,2.54077102462904,217.66875049603016,55.12712871746843
21,0.9783227336525018,0.0,0.03837155739202913,2.402400095,0.0,2.202624676681641,206.8557842901836,1.95,2.21,2.5,0.04050195870731798,1.5594980412926822,0.0,1.6,40.0,2.440771652392029,209.05840896686524,55.12656862096037
22,0.45932511670070153,0.0,0.02392164636450289,1.1120369364570242,0.0,1.373163149230191,95.75060920502953,1.93,2.19,2.48,0.04032291112875309,1.5588485863577164,0.0008285025135306403,1.6,40.0,1.135958582821527,97.12377235425973,55.12342002692256
23,0.0,0.0,0.0,0.0,0.0,0.0,0.0,1.9,2.15,2.43,0.04014404666673392,1.5052277327297603,0.0006208998960444766,1.5459926792925387,40.0,0.0,0.0,54.61719120202596
24,0.0,0.0,0.0,0.0,0.0,0.0,0.0,1.86,2.11,2.39,0.039965365133989156,1.445937440606414,0.00041361559655456577,1.4863164213369577,40.0,0.0,0.0,54.05781566733847
25,0.0,0.0,0.0,0.0,0.0,0.0,0.0,1.87,2.13,2.41,0.03978686634341902,1.3351172319312363,0.00020664912698307265,1.3751107474016384,40.0,0.0,0.0,53.01535143569172
26,0.0,0.0,0.0,0.0,0.0,0.0,0.0,1.9,2.15,2.43,0.03960855010813506,1.230162636080722,0.0,1.2697711861888572,40.0,0.0,0.0,52.02788158960846
27,0.5227429968776628,0.0,1.116328292260878,0.014455397049764793,0.0,64.08007417292004,1.2446646585547618,1.9,2.16,2.44,0.03943041624143332,1.1778700629174996,0.001036423937841214,1.2183369030967743,40.0,1.1307836893106427,65.3247388314748,51.54188969248098
28,0.0,0.0,0.0,0.0,0.0,0.0,0.0,1.89,2.14,2.42,0.03925246455680077,1.0272358176291445,0.0008285025135306403,1.067316784699476,40.0,0.0,0.0,50.1261697379428
29,0.0,0.0,0.0,0.0,0.0,0.0,0.0,1.87,2.12,2.4,0.03907469486791515,0.8194472200663372,0.0006208998960444766,0.8591428148302969,40.0,0.0,0.0,48.174631998321125
30,0.0,0.0,0.0,0.0,0.0,0.0,0.0,1.85,2.1,2.38,0.03889710698864473,0.5029717987280715,0.0004136155965548325,0.542282521313271,40.0,0.0,0.0,45.2041595479122
31,0.0,0.0,0.0,0.0,0.0,0.0,0.0,1.84,2.09,2.36,0.038719700733048174,0.20980755274782031,0.00020664912698333898,0.24873390260785183,40.0,0.0,0.0,42.452233623217566
32,0.0,0.0,0.0,0.0,0.0,0.0,0.0,1.87,2.12,2.4,0.002081366492197709,0.0,0.0,0.002081366492197709,40.0,0.0,0.0,40.026017081152474
33,1.7764398674418176,0.0,0.0028,4.402400095,0.0,0.16072709876481922,379.0633901096328,1.93,2.19,2.48,0.0019416126376111077,0.0,0.0,0.0019416126376111077,40.0,4.405200095,379.2241172083976,40.02427015797014
34,1.6100287209150328,0.0,0.0028,4.102399905,0.0,0.16072709876481922,353.2322328769929,1.99,2.25,2.55,0.0018020017128720285,0.0,0.0,0.0018020017128720285,40.0,4.105199905,353.3929599757577,40.02252502141091
35,1.534703981342662,0.0,0.0028,4.0024,0.0,0.16072709876481922,344.62186076588165,2.03,2.3,2.61,0.0016625335718024549,0.0,0.0,0.0016625335718024549,40.0,4.005199999999999,344.7825878646465,40.02078166964754
36,8.43431317866579,0.022746511371762715,16.174853536628234,3.802399952,0.9792805660190329,928.4776006743327,327.4010960509542,2.05,2.32,2.62,0.002501487099068532,0.92720941332357,0.0,0.9297109004226385,40.0,20.0,1256.857977291306,48.72385683864683
37,6.566808649464427,0.0,11.715479620320298,3.902400095,0.0,672.4982321473026,336.01148865477046,2.04,2.31,2.61,0.0023613035763739654,1.5976386964236262,0.0,1.6,40.0,15.6178797153203,1008.509720802073,55.00737907367617
38,1.4298104435800745,0.0,0.03848534658457936,3.602399905,0.0,2.2091564648207087,310.18033142213056,1.99,2.25,2.55,0.002221263422959503,1.5977787365770406,0.0,1.6,40.0,3.6408852515845793,312.38948788695126,55.00694144819674
39,1.8116064690696083,0.0,3.83848571442757,0.0024,0.0,220.3388116179099,0.20664912698333898,1.87,2.12,2.4,0.002081366492197709,1.5979186335078024,0.0,1.6,40.0,3.84088571442757,220.54546074489323,55.00650427028811
40,2.0969084113036067,0.0,4.338486368845274,0.0024,0.0,249.04011681972008,0.20664912698333898,1.83,2.07,2.35,0.0019416126376111077,1.598058387362389,0.0,1.6,40.0,4.340886368845274,249.24676594670342,55.00606753949254
41,2.138229086062895,0.0,4.3384867838381105,0.0024,0.0,249.04014064136103,0.20664912698333898,1.79,2.03,2.3,0.0018020017128720285,1.5981979982871282,0.0,1.6,40.0,4.34088678383811,249.24678976834437,55.00563125535273
42,0.005349738869788501,0.0,0.0,0.012036912457024127,0.0,0.0,1.0364239378412141,1.76,1.99,2.25,0.0016625335718024549,1.3094605732374363,0.0008285025135306403,1.3119516093227692,40.0,0.012036912457024127,1.0364239378412141,52.30215268445806
43,0.0,0.0,0.0,0.0,0.0,0.0,0.0,1.72,1.95,2.21,0.00152320806837387,1.021067605162091,0.0006208998960444766,1.0232117131265093,40.0,0.0,0.0,49.595429523599556
44,0.0,0.0,0.0,0.0,0.0,0.0,0.0,1.7,1.93,2.19,0.001384025056707104,0.7215518830037627,0.0004136155965548325,0.7233495236570247,40.0,0.0,0.0,46.784434313847584
45,0.0,0.0,0.0,0.0,0.0,0.0,0.0,1.7,1.92,2.18,0.0012449843910721818,0.39945984841321536,0.00020664912698333898,0.40091148193127085,40.0,0.0,0.0,43.76178994080594
46,0.0,0.0,0.0,0.0,0.0,0.0,0.0,1.72,1.94,2.2,0.0011060859258881692,0.19242017285415045,0.0,0.19352625878003862,40.0,0.0,0.0,41.81776519458126
47,0.026662794654522117,0.0,0.05068033341595379,0.0024,0.0,2.909179626564276,0.20664912698333898,1.75,1.98,2.25,0.0009673295157230224,0.0,0.0,0.0009673295157230224,40.0,0.05308033341595379,3.115828753547615,40.01209161894654
48,1.784616940984888,0.0,3.602799905,0.0024,0.0,206.80984862886297,0.20664912698333898,1.78,2.02,2.28,0.0008287150152913102,0.0,0.0,0.0008287150152913102,40.0,3.605199905,207.0164977558463,40.010358937691144
49,1.6856025374097454,0.0,3.402800095,0.0024,0.0,195.3293524807147,0.20664912698333898,1.79,2.02,2.29,0.0006902422794625601,0.0,0.0,0.0006902422794625601,40.0,3.405200095,195.53600160769804,40.008628028493284
50,1.6360975161226168,0.0,3.302799952,0.0024,0.0,189.5890907448372,0.20664912698333898,1.79,2.02,2.29,0.0005519111632483571,0.0,0.0,0.0005519111632483571,40.0,3.305199952,189.79573987182053,40.00689888954061
51,1.578777492053973,0.0,3.202800048,0.0024,0.0,183.8488427281656,0.20664912698333898,1.79,2.03,2.3,0.00041372152181069316,0.0,0.0,0.00041372152181069316,40.0,3.205200048,184.05549185514894,40.00517151902263
52,1.7758217565859928,0.0,3.602799905,0.0024,0.0,206.80984862886297,0.20664912698333898,1.79,2.03,2.3,0.00027567321045968965,0.0,0.0,0.00027567321045968965,40.0,3.605199905,207.0164977558463,40.00344591513075
53,2.587766283246426,0.0,5.302800191,0.0024,0.0,304.39417501034256,0.20664912698333898,1.81,2.05,2.32,0.00013776608465344617,0.0,0.0,0.00013776608465344617,40.0,5.305200191,304.6008241373259,40.001722076058165
54,3.190784049238202,0.0,6.602799905,0.0024,0.0,379.01745444831215,0.20664912698333898,1.82,2.07,2.34,0.0,0.0,0.0,0.0,40.0,6.605199905,379.2241035752955,40.0
55,2.888717618048863,0.0032,6.0028,0.0024,0.13776608465555934,344.57593873766314,0.20664912698333898,1.84,2.08,2.36,0.0,0.0,0.0,0.0,40.0,6.008399999999999,344.920353949302,40.0
56,2.231539689563396,0.0032,4.702799809,0.0024,0.13776608465555934,269.9526319186843,0.20664912698333898,1.86,2.11,2.39,0.0,0.0,0.0,0.0,40.0,4.708399808999999,270.29704713032316,40.0
57,1.9198810745200314,0.0032,4.102799905,0.0024,0.13776608465555934,235.51111626543783,0.20664912698333898,1.89,2.14,2.42,0.0,0.0,0.0,0.0,40.0,4.108399905,235.85553147707674,40.0
58,1.8257850784335572,0.0032,0.0028,4.5024,0.13776608465555934,0.16072709876481922,387.6737622207439,1.92,2.18,2.47,0.0,0.0,0.0,0.0,40.0,4.5084,387.9722554041643,40.0
59,1.5576349880276652,0.0032,0.0028,3.902400095,0.13776608465555934,0.16072709876481922,336.01148865477046,1.96,2.22,2.51,0.0,0.0,0.0,0.0,40.0,3.9084000949999997,336.3099818381908,40.0
60,5.535112881430926,0.0678924566066924,2.1583068652139143,11.524726534932302,2.922899351359835,123.89228596072292,992.322782152284,1.98,2.24,2.54,0.0027822848395584404,0.12358395001496,0.655304968536061,0.7816712033905795,40.0,13.75092585675291,1119.1379674643667,45.28903414523511
61,8.88888888888889,0.0,20.0,0.0,0.0,1148.0507054629945,0.0,1.98,2.25,2.54,0.002641814137820752,1.2699570898112251,0.3274010960509542,1.6,40.0,20.0,1148.0507054629945,53.98512724402146
62,2.57492575857443,0.0,5.742084441620978,0.0,0.0,329.61020470155245,0.0,1.96,2.23,2.52,0.002501487099068532,1.5974985129009316,0.0,1.6,40.0,5.742084441620978,329.61020470155245,55.00781714718459
63,1.435629346261593,0.0,0.03848493031586031,3.5024,0.0,2.2091325699408806,301.5699593110194,1.92,2.18,2.47,0.0023613035763739654,1.5976386964236262,0.0,1.6,40.0,3.5408849303158605,303.77909188096027,55.00737907367617
64,1.4247169453583572,0.0,0.0,3.504803685581559,0.0,0.0,301.7769257805909,1.92,2.17,2.46,0.002221263422959503,1.595572215584056,0.00020664912698333898,1.5980001281339988,40.0,3.504803685581559,301.7769257805909,54.987546870931155
65,1.7866014511043946,0.0,3.876925148896536,0.0,0.0,222.54533261089463,0.0,1.91,2.17,2.45,0.002081366492197709,1.5979186335078024,0.0,1.6,40.0,3.876925148896536,222.54533261089463,55.00650427028811
66,1.70121479583747,0.0,3.6384860828452723,0.0024,0.0,208.8583257113901,0.20664912698333898,1.89,2.14,2.43,0.0019416126376111077,1.598058387362389,0.0,1.6,40.0,3.6408860828452725,209.06497483837344,55.00606753949254
67,2.140397278284422,0.0,4.5312724581723565,0.007211062404473102,0.0,260.10652711249054,0.6208998960444766,1.87,2.12,2.4,0.0018020017128720285,1.5977843826905733,0.0004136155965548325,1.6,40.0,4.53848352057683,260.727427008535,55.00433870661349
68,0.0,0.0,0.0,0.0,0.0,0.0,0.0,1.85,2.1,2.38,0.0016625335718024549,1.3262476786439565,0.00020664912698333898,1.3281168613427423,40.0,0.0,0.0,52.455645213978265
69,0.0,0.0,0.0,0.0,0.0,0.0,0.0,1.85,2.1,2.38,0.00152320806837387,1.0837019392126679,0.0,1.0852251472810417,40.0,0.0,0.0,50.178745780973436
70,2.3567495110257766,0.0,4.953554454778274,0.021733157455834682,0.0,284.34658431787784,1.8713075061832007,1.86,2.11,2.39,0.001384025056707104,1.2057205860264928,0.0016621059512653173,1.2087667170344654,40.0,4.9752876122341085,286.21789182406104,51.33131896940261
71,0.0,0.0,0.0,0.0,0.0,0.0,0.0,1.86,2.1,2.38,0.0012449843910721818,1.0665199159030123,0.0014532251660016732,1.0692181254600863,40.0,0.0,0.0,50.02326917376665
72,0.0,0.0,0.0,0.0,0.0,0.0,0.0,1.84,2.09,2.37,0.0011060859258884594,0.9217519088203111,0.0012446646585551713,0.9241026594047548,40.0,0.0,0.0,48.66302937337999
73,0.0,0.0,0.0,0.0,0.0,0.0,0.0,1.83,2.08,2.36,0.0009673295157233121,0.7714232064812997,0.001036423937841623,0.7734269599348647,40.0,0.0,0.0,47.25066182932023
74,0.0,0.0,0.0,0.0,0.0,0.0,0.0,1.83,2.07,2.35,0.0008287150152937233,0.615540429019197,0.0008285025135310485,0.6171976465480218,40.0,0.0,0.0,45.786228600455715
75,0.0,0.0,0.0,0.0,0.0,0.0,0.0,1.83,2.07,2.35,0.0006902422794649708,0.44837680227987425,0.0006208998960448843,0.44968794445538407,40.0,0.0,0.0,44.216041174217416
76,0.0,0.0,0.0,0.0,0.0,0.0,0.0,1.83,2.07,2.35,0.0005519111632507653,0.2642123839017506,0.0004136155965552395,0.2651779106615566,40.0,0.0,0.0,42.48647508609801
77,2.1948255179128095e-12,0.0,4.565237077258644e-12,0.0,0.0,2.6205618235763025e-10,0.0,1.83,2.08,2.35,0.00041372152181309884,0.0,0.00020664912698374534,0.0006203706487968442,40.0,4.565237077258644e-12,2.6205618235763025e-10,40.00646307606631
78,2.919999954545455,0.0,6.102799905,0.0,0.0,350.3161868117373,0.0,1.84,2.09,2.36,0.0002756732104620929,0.0,0.0,0.0002756732104620929,40.0,6.102799905,350.3161868117373,40.003445915130776
79,3.064553373538853,0.0,6.402800095,0.0024,0.0,367.53695830016386,0.20664912698333898,1.85,2.09,2.37,0.00013776608465584694,0.0,0.0,0.00013776608465584694,40.0,6.405200095,367.7436074271472,40.00172207605819
80,2.561572949503262,0.0,5.402800095,0.0024,0.0,310.1344230270142,0.20664912698333898,1.86,2.11,2.39,0.0,0.0,0.0,0.0,40.0,5.405200095,310.3410721539975,40.0
81,2.069740276404047,0.0032,4.402800095,0.0024,0.13776608465555934,252.73188775386444,0.20664912698333898,1.88,2.13,2.41,0.0,0.0,0.0,0.0,40.0,4.408400094999999,253.07630296550334,40.0
82,2.1435090299635826,0.0032,4.602799905,0.0024,0.13776608465555934,264.21238390201273,0.20664912698333898,1.9,2.15,2.43,0.0,0.0,0.0,0.0,40.0,4.608399905,264.5567991136516,40.0
83,1.8587429832073201,0.0032,0.0028,4.602399905,0.13776608465555934,0.16072709876481922,396.28413433185517,1.93,2.19,2.48,0.0,0.0,0.0,0.0,40.0,4.608399905000001,396.58262751527553,40.0
84,1.716997576075474,0.0032,0.0028,4.302400191,0.13776608465555934,0.16072709876481922,370.4530180846254,1.96,2.22,2.51,0.0,0.0,0.0,0.0,40.0,4.3084001910000005,370.75151126804576,40.0
85,8.753838581733314,0.0353807385248913,15.76221945247511,4.202399809,1.52320806837387,904.7913581038292,361.84260490200023,1.97,2.23,2.52,0.001384025056707104,0.9035514278847773,0.0,0.9049354529414844,40.0,20.0,1268.1571710742032,48.488094949628625
86,7.145925881094989,0.0,12.147091879943227,4.202399809,0.0,697.2738701046317,361.84260490200023,1.96,2.22,2.51,0.0012449843910721818,1.5987550156089279,0.0,1.6,40.0,16.34949168894323,1059.1164750066318,55.0038905762221
87,1.8330586022209918,0.0,0.03848866144461738,4.5024,0.0,2.209346746190967,387.6737622207439,1.94,2.19,2.48,0.0011060859258881692,1.5988939140741119,0.0,1.6,40.0,4.540888661444617,389.8831089669349,55.00345651851839
88,1.997746134979579,0.0,0.0,4.914455492049765,0.0,0.0,423.1533070960665,1.92,2.17,2.46,0.0009673295157230224,1.5968259357893317,0.001036423937841214,1.5988296892428961,40.0,4.914455492049765,423.1533070960665,54.98881241658303
89,0.0,0.0,0.0,0.0,0.0,0.0,0.0,1.9,2.16,2.44,0.000828715015293434,1.3195569477062516,0.0008285025135306403,1.3212141652350757,40.0,0.0,0.0,52.38638346314684
90,0.0,0.0,0.0,0.0,0.0,0.0,0.0,1.89,2.15,2.43,0.0006902422794646818,1.0311519348930245,0.0006208998960444766,1.0324630770685337,40.0,0.0,0.0,49.679558042465686
91,0.0,0.0,0.0,0.0,0.0,0.0,0.0,1.89,2.14,2.42,0.0005519111632504767,0.7316241823659039,0.0004136155965548325,0.7325897091257092,40.0,0.0,0.0,46.86846069669945
92,0.0,0.0,0.0,0.0,0.0,0.0,0.0,1.89,2.14,2.43,0.00041372152181281055,0.42098693194408654,0.00020664912698333898,0.42160730259288265,40.0,0.0,0.0,43.95321556304212
93,0.0,0.0,0.0,0.0,0.0,0.0,0.0,1.9,2.15,2.44,0.0002756732104618049,0.13365389207934278,0.0,0.1339295652898046,40.0,0.0,0.0,41.256451153374606
94,0.35951557633288855,0.0,0.7744377265116924,0.0024,0.0,44.4546889129453,0.20664912698333898,1.91,2.16,2.45,0.00013776608465555933,0.0,0.0,0.00013776608465555933,40.0,0.7768377265116924,44.66133803992864,40.00172207605819
95,1.0998210085477735,0.0,0.0028,2.702400048,0.0,0.16072709876481922,232.68692111622224,1.92,2.18,2.46,0.0,0.0,0.0,0.0,40.0,2.705200048,232.84764821498706,40.0
96,1.0522913703040941,0.0032,0.0028,2.602399905,0.13776608465555934,0.16072709876481922,224.076528512406,1.93,2.19,2.48,0.0,0.0,0.0,0.0,40.0,2.6083999049999997,224.37502169582638,40.0
97,1.0079021314875245,0.0032,0.0028,2.5024,0.13776608465555934,0.16072709876481922,215.4661564012948,1.94,2.2,2.49,0.0,0.0,0.0,0.0,40.0,2.5084,215.7646495847152,40.0
98,0.9638822498088097,0.0032,0.0028,2.402400095,0.13776608465555934,0.16072709876481922,206.8557842901836,1.94,2.2,2.5,0.0,0.0,0.0,0.0,40.0,2.4084000949999997,207.154277473604,40.0
99,0.960025426274677,0.0032,0.0028,2.402400095,0.13776608465555934,0.16072709876481922,206.8557842901836,1.96,2.22,2.51,0.0,0.0,0.0,0.0,40.0,2.4084000949999997,207.154277473604,40.0
100,1.027433053348445,0.0032,0.0028,2.602399905,0.13776608465555934,0.16072709876481922,224.076528512406,1.98,2.24,2.54,0.0,0.0,0.0,0.0,40.0,2.6083999049999997,224.37502169582638,40.0
101,1.59909803465092,0.0032,0.0028,4.102399905,0.13776608465555934,0.16072709876481922,353.2322328769929,2.0,2.27,2.57,0.0,0.0,0.0,0.0,40.0,4.108399905000001,353.53072606041326,40.0
102,2.0967736351702317,0.0032,0.0028,5.402400095,0.13776608465555934,0.16072709876481922,465.16719301935734,2.01,2.28,2.58,0.0,0.0,0.0,0.0,40.0,5.408400095,465.4656862027777,40.0
103,2.1742929413717826,0.0032,0.0028,5.602399905,0.13776608465555934,0.16072709876481922,482.3879372415798,2.01,2.28,2.58,0.0,0.0,0.0,0.0,40.0,5.608399905000001,482.68643042500014,40.0
104,1.934235437267994,0.0032,0.0028,5.0024,0.13776608465555934,0.16072709876481922,430.7256636756062,2.02,2.29,2.59,0.0,0.0,0.0,0.0,40.0,5.0084,431.02415685902656,40.0
105,1.7661523597742128,0.0032,0.0028,4.602399905,0.13776608465555934,0.16072709876481922,396.28413433185517,2.04,2.31,2.61,0.0,0.0,0.0,0.0,40.0,4.608399905000001,396.58262751527553,40.0
106,1.8218460962358436,0.0032,0.0028,4.802400191,0.13776608465555934,0.16072709876481922,413.50491953948773,2.06,2.33,2.64,0.0,0.0,0.0,0.0,40.0,4.8084001910000005,413.8034127229081,40.0
107,1.6890170370478883,0.0032,0.0028,4.5024,0.13776608465555934,0.16072709876481922,387.6737622207439,2.08,2.36,2.67,0.0,0.0,0.0,0.0,40.0,4.5084,387.9722554041643,40.0
108,2.318901371459575,0.07443481671952473,0.06525323061297326,6.0454196960262445,3.204560394219715,3.7457008719481713,520.5336260132109,2.09,2.37,2.68,0.0030636578204537466,0.0035806969835749033,0.20143356871801038,0.20807792352203902,40.0,6.185107743358743,527.4838872793788,41.330824561464254
109,7.462686567164178,0.0,0.0,20.0,0.0,0.0,1722.0760581944917,2.09,2.37,2.68,0.0029228993513598354,0.0034158899409694986,1.5936612107076706,1.5999999999999999,40.0,20.0,1722.0760581944917,50.02894277701154
110,1.5110011972299184,0.0,0.0,4.034373196603882,0.0,0.0,347.3748745846562,2.08,2.36,2.67,0.0027822848395584404,0.0032512795092995727,1.593966435651142,1.6,40.0,4.034373196603882,347.3748745846562,50.0275495287138
111,1.597877166916089,0.0,0.0,4.234374492327635,0.0,0.0,364.5957467333438,2.07,2.34,2.65,0.002641814137820752,0.0030868654540128927,1.5942713204081664,1.6,40.0,4.234374492327635,364.5957467333438,50.02615779290517
112,1.6796879785681584,0.0,0.0,4.434376263419939,0.0,0.0,381.81665981307134,2.06,2.33,2.64,0.002501487099068532,0.0029226475408370397,1.5945758653600945,1.6,40.0,4.434376263419939,381.81665981307134,50.02476756793429
113,1.7306784930849572,0.0,0.0,4.534377651882588,0.0,0.0,390.4271596559581,2.05,2.32,2.62,0.0023613035763739654,0.0027586255357790776,1.5948800708878472,1.6000000000000003,40.0,4.534377651882588,390.4271596559581,50.023378852151644
114,2.2737085167499567,0.0,0.0,5.934379228717386,0.0,0.0,510.9726195010452,2.04,2.31,2.61,0.002221263422959503,0.0025947992051252172,1.5951839373719154,1.6,40.0,5.934379228717386,510.9726195010452,50.021991643909516
115,2.3593771226638975,0.0,0.0,6.134380518926134,0.0,0.0,528.1934911748699,2.03,2.3,2.6,0.002081366492197709,0.0024311683154404854,1.5954874651923618,1.6,40.0,6.134380518926134,528.1934911748699,50.02060594156198
116,0.0,0.0,0.0,0.0,0.0,0.0,0.0,2.02,2.29,2.59,0.0019416126376111077,0.0022677326335683906,1.0856012573954064,1.089810602666586,40.0,0.0,0.0,46.830538010131136
117,4.463191678748642,0.0,0.0,11.559666447958982,0.0,0.0,995.3312415372162,2.02,2.29,2.59,0.0018020017128720285,0.002104491926630592,1.5960935063604975,1.6,40.0,11.559666447958982,995.3312415372162,50.017839047976175
118,1.331157030935655,0.0,0.0,3.4343851398139904,0.0,0.0,295.7136211946307,2.01,2.28,2.58,0.0016625335718024549,0.0019414459620265673,1.5963960204661711,1.6,40.0,3.4343851398139904,295.7136211946307,50.0164578534551
119,1.2974266422320828,0.0,0.0,3.3343864705364528,0.0,0.0,287.1033554839229,2.0,2.27,2.57,0.00152320806837387,0.0017785945074332806,1.596698197424193,1.6,40.0,3.3343864705364528,287.1033554839229,50.015078158263066
120,0.0,0.0,0.0,0.0,0.0,0.0,0.0,1.99,2.26,2.56,0.0013840250567074782,0.001615937330802467,1.3189339420929982,1.321933904480508,40.0,0.0,0.0,48.27578686376636
121,0.0,0.0,0.0,0.0,0.0,0.0,0.0,1.99,2.25,2.55,0.0012449843910725552,0.0014534742003698457,1.041595583906968,1.0442940424984104,40.0,0.0,0.0,46.53916102493542
122,0.0,0.0,0.0,0.0,0.0,0.0,0.0,1.99,2.25,2.55,0.0011060859258885422,0.0012912048846404694,0.7818768298735166,0.7842741206840456,40.0,0.0,0.0,44.9126613065766
123,4.983585165625954,0.0,0.0,12.708142172346184,0.0,0.0,1094.2193689564551,1.99,2.25,2.55,0.0009673295157233949,0.0011291291523979436,1.5979035413318787,1.6,40.0,12.708142172346184,1094.2193689564551,50.00957433807451
124,1.5489739991842262,0.0,0.0,3.9343939579279343,0.0,0.0,338.7662819226381,1.98,2.24,2.54,0.0008287150152938061,0.0009672467727017104,1.5982040382120044,1.5999999999999999,40.0,3.9343939579279343,338.7662819226381,50.00820211501028
125,2.068930883784401,0.0,0.0,5.234395135974534,0.0,0.0,450.7013271395723,1.97,2.24,2.53,0.0006902422794650534,0.0008055575148867178,1.5985042002056484,1.6000000000000003,40.0,5.234395135974534,450.7013271395723,50.00683138148068
126,0.3055009294605556,0.0,0.0,0.7698623422406001,0.0,0.0,66.28807538390356,1.97,2.23,2.52,0.0005519111632508479,0.0006440611485630923,1.05163368327098,1.052829655582794,40.0,0.7698623422406001,66.28807538390356,46.58564748325203
127,0.0,0.0,0.0,0.0,0.0,0.0,0.0,1.96,2.22,2.51,0.00041372152181318135,0.00048275744361580967,0.4909983092665871,0.4918947882320161,40.0,0.0,0.0,43.078436802972725
128,0.0,0.0,0.0,0.0,0.0,0.0,0.0,1.96,2.22,2.51,0.0002756732104621753,0.00032164617020436794,0.0,0.0005973193806665432,40.0,0.0,0.0,40.00646134797645
129,2.1834920634920634,0.0,0.0,5.5024,0.0,0.0,473.77756513046853,1.97,2.23,2.52,0.00013776608465592923,0.0001607270987624592,0.0,0.00029849318341838843,40.0,5.5024,473.77756513046853,40.003228892609094
130,2.0401567878431375,0.0,0.0,5.202399809,0.0,0.0,447.94640781172484,1.99,2.26,2.55,0.0,0.0,0.0,0.0,40.0,5.202399809,447.94640781172484,40.0
131,1.8570154337930906,0.0032,0.0028,4.802400191,0.13776608465555934,0.16072709876481922,413.50491953948773,2.02,2.29,2.59,0.0,0.0,0.0,0.0,40.0,4.8084001910000005,413.8034127229081,40.0
132,1.8373076179927903,0.006403276072505976,0.0028,4.802400191,0.27567321046180493,0.16072709876481922,413.50491953948773,2.05,2.32,2.62,0.00013776608465555933,0.0,0.0,0.00013776608465555933,40.0,4.811603467072506,413.94131984871433,40.00172207605819
133,8.323504278117715,0.0,15.397600095,4.602399905,0.0,883.861282575091,396.28413433185517,2.06,2.34,2.64,0.0,0.8826463214451283,0.0,0.8826463214451283,40.0,20.0,1280.1454169069461,48.27480926354807
134,7.246255739436834,0.06136347172936272,12.489360786177542,4.802400191,2.641814137820752,716.9209730676492,413.50491953948773,2.05,2.32,2.62,0.002501487099068532,1.5974985129009316,0.0,1.6,40.0,17.353124448906904,1133.0677067449578,55.00781714718459
135,2.0491411391861583,0.0,0.03848493031586031,5.202399809,0.0,2.2091325699408806,447.94640781172484,2.0,2.27,2.56,0.0023613035763739654,1.5976386964236262,0.0,1.6,40.0,5.24088473931586,450.15554038166573,55.00737907367617
136,1.9472597358557424,0.0,0.03848534658457936,4.902400095,0.0,2.2091564648207087,422.11529156449507,1.98,2.24,2.54,0.002221263422959503,1.5977787365770406,0.0,1.6,40.0,4.940885441584579,424.32444802931576,55.00694144819674
137,2.209527164081189,0.0,0.038485762427569625,5.5024,0.0,2.2091803352626256,473.77756513046853,1.96,2.22,2.51,0.002081366492197709,1.5979186335078024,0.0,1.6,40.0,5.540885762427569,475.98674546573113,55.00650427028811
138,2.2362832746089767,0.0,0.03848617784527164,5.5024,0.0,2.2092041812919185,473.77756513046853,1.93,2.19,2.48,0.0019416126376111077,1.598058387362389,0.0,1.6,40.0,5.540886177845271,475.98676931176044,55.00606753949254
139,2.417085389182074,0.0,0.03848659283810818,5.902400095,0.0,2.209228002932856,508.2190944742196,1.92,2.17,2.46,0.0018020017128720285,1.5981979982871282,0.0,1.6,40.0,5.940886687838108,510.42832247715245,55.00563125535273
140,2.9333985531739306,0.0,6.327657685444908,0.009622136137230577,0.0,363.2235934851683,0.8285025135306402,1.91,2.16,2.45,0.0016625335718024549,1.5977165665321533,0.0006208998960444766,1.6,40.0,6.337279821582139,364.0520959986989,55.003255105236754
141,0.0,0.0,0.0,0.0,0.0,0.0,0.0,1.89,2.15,2.43,0.00152320806837387,1.251645660424027,0.0004136155965548325,1.2535824840889556,40.0,0.0,0.0,51.75580326480839
142,0.0,0.0,0.0,0.0,0.0,0.0,0.0,1.9,2.15,2.43,0.001384025056707104,1.060789561107254,0.00020664912698333898,1.0623802352909446,40.0,0.0,0.0,49.96349400563298
143,5.957150075426945,0.0,12.80787266216793,0.0,0.0,735.2043622641047,0.0,1.89,2.15,2.43,0.0012449843910721818,1.5987550156089279,0.0,1.6,40.0,12.80787266216793,735.2043622641047,55.0038905762221
144,0.0029675153927872845,0.0,0.0,0.007211062404473102,0.0,0.0,0.6208998960444766,1.89,2.14,2.43,0.0011060859258884594,1.4189516367472412,0.0004136155965548325,1.4204713382696845,40.0,0.007211062404473102,0.6208998960444766,53.31908276605746
145,0.0,0.0,0.0,0.0,0.0,0.0,0.0,1.89,2.14,2.42,0.0009673295157233121,1.222162531587396,0.00020664912698333898,1.2233365102301028,40.0,0.0,0.0,51.471156909622025
146,0.0,0.0,0.0,0.0,0.0,0.0,0.0,1.89,2.14,2.42,0.0008287150152937233,1.0428084187254005,0.0,1.0436371337406942,40.0,0.0,0.0,49.786687863241795
147,0.0029797778530880584,0.0,0.0,0.007211062404473102,0.0,0.0,0.6208998960444766,1.88,2.13,2.42,0.0006902422794649708,0.8522014573386829,0.0004136155965548325,0.8533053152147028,40.0,0.007211062404473102,0.6208998960444766,48.000601788521934
148,0.0,0.0,0.0,0.0,0.0,0.0,0.0,1.88,2.13,2.41,0.0005519111632507653,0.6388882579231294,0.00020664912698333898,0.6396468182133636,40.0,0.0,0.0,45.99776786461362
149,0.0,0.0,0.0,0.0,0.0,0.0,0.0,1.88,2.13,2.41,0.00041372152181309884,0.35129526688842583,0.0,0.35170898841023895,40.0,0.0,0.0,43.29856464610165
150,0.46247172346859855,0.0,0.9829436091623887,0.0024,0.0,56.423455196461106,0.20664912698333898,1.88,2.13,2.41,0.0002756732104620929,0.0,0.0,0.0002756732104620929,40.0,0.9853436091623886,56.63010432344444,40.003445915130776
151,3.1478502210449424,0.0,6.702799809,0.0024,0.0,384.7577024649837,0.20664912698333898,1.88,2.13,2.41,0.00013776608465584694,0.0,0.0,0.00013776608465584694,40.0,6.705199809,384.96435159196704,40.00172207605819
152,2.7929876543209873,0.0,6.0028,0.0024,0.0,344.57593873766314,0.20664912698333898,1.9,2.15,2.43,0.0,0.0,0.0,0.0,40.0,6.005199999999999,344.7825878646465,40.0
153,1.9315969873108176,0.0032,0.0028,4.802400191,0.13776608465555934,0.16072709876481922,413.50491953948773,1.94,2.2,2.49,0.0,0.0,0.0,0.0,40.0,4.8084001910000005,413.8034127229081,40.0
154,1.846930841116038,0.0032,0.0028,4.702399809,0.13776608465555934,0.16072709876481922,404.8945063568625,1.99,2.25,2.55,0.0,0.0,0.0,0.0,40.0,4.708399809,405.19299954028287,40.0
155,1.8498707425226122,0.0032,0.0028,4.802400191,0.13776608465555934,0.16072709876481922,413.50491953948773,2.03,2.3,2.6,0.0,0.0,0.0,0.0,40.0,4.8084001910000005,413.8034127229081,40.0
156,1.6766790782795125,0.0032,0.0028,4.402400095,0.13776608465555934,0.16072709876481922,379.0633901096328,2.05,2.33,2.63,0.0,0.0,0.0,0.0,40.0,4.408400095,379.36188329305315,40.0
157,5.2310568490102565,0.012819669854283375,0.011220081926707566,13.728568086830208,0.5519111632504767,0.6440611485654608,1182.0819207811628,2.05,2.33,2.63,0.00041372152181281055,0.00048275744361817534,0.7759957495807864,0.7768922285462174,40.0,13.7526078386112,1183.2778930929787,44.85967080493649
158,0.0,0.0,0.0,0.0,0.0,0.0,0.0,2.04,2.31,2.61,0.0002756732104618049,0.0003216461702067308,0.42211529156449507,0.4227126109451636,40.0,0.0,0.0,42.644681920254556
159,0.0,0.0,0.0,0.0,0.0,0.0,0.0,2.03,2.3,2.61,0.00013776608465555933,0.0001607270987648192,0.0,0.00029849318342037854,40.0,0.0,0.0,40.003228892609116
160,1.9474808797709924,0.0,0.0,5.102399905,0.0,0.0,439.33603578671745,2.04,2.31,2.62,0.0,0.0,0.0,0.0,40.0,5.102399905,439.33603578671745,40.0
161,2.102920543917205,0.0032,0.0028,5.5024,0.13776608465555934,0.16072709876481922,473.77756513046853,2.05,2.32,2.62,0.0,0.0,0.0,0.0,40.0,5.5084,474.0760583138889,40.0
162,2.314265094785137,0.0032,0.0028,6.102399905,0.13776608465555934,0.16072709876481922,525.439838696442,2.06,2.34,2.64,0.0,0.0,0.0,0.0,40.0,6.108399905000001,525.7383318798625,40.0
163,2.4564858283114375,0.0032,0.0028,6.5024,0.13776608465555934,0.16072709876481922,559.8813680401931,2.06,2.34,2.65,0.0,0.0,0.0,0.0,40.0,6.5084,560.1798612236136,40.0
164,2.288267937796952,0.0032,0.0028,6.102399905,0.13776608465555934,0.16072709876481922,525.439838696442,2.08,2.36,2.67,0.0,0.0,0.0,0.0,40.0,6.108399905000001,525.7383318798625,40.0
165,2.196901058922454,0.0032,0.0028,5.902400095,0.13776608465555934,0.16072709876481922,508.2190944742196,2.1,2.38,2.69,0.0,0.0,0.0,0.0,40.0,5.908400095,508.51758765764,40.0
166,1.2212738688946136,0.0032,0.0028,3.302399952,0.13776608465555934,0.16072709876481922,284.34919459609193,2.12,2.4,2.71,0.0,0.0,0.0,0.0,40.0,3.308399952,284.6476877795123,40.0
167,1.0254212955867783,0.0032,0.0028,2.802399952,0.13776608465555934,0.16072709876481922,241.29729314122963,2.14,2.43,2.74,0.0,0.0,0.0,0.0,40.0,2.808399952,241.59578632465002,40.0
168,7.251601037887568,0.038616960357617094,0.028150974919756096,19.933232064722624,1.6625335718024548,1.6159373308048524,1716.3270850546792,2.16,2.44,2.76,0.00152320806837387,0.0014534742003722283,1.472768122316727,1.475744804585473,40.0,19.999999999999996,1719.6055559572865,49.23746718596271
169,1.5246260435081478,0.0,0.0,4.177475359212325,0.0,0.0,359.69651498984894,2.14,2.42,2.74,0.001384025056707104,0.001291204884642849,1.5973247700586501,1.6,40.0,4.177475359212325,359.69651498984894,50.012685171868924
170,0.9866631653997873,0.0,0.0,2.634390651617432,0.0,0.0,226.83105345408825,2.08,2.36,2.67,0.0012449843910721818,0.0011291291524003204,1.5976258864565276,1.6,40.0,2.634390651617432,226.83105345408825,50.011309681045454
171,1.0054931751757228,0.0,0.0,2.6343921189603936,0.0,0.0,226.83117979789745,2.04,2.32,2.62,0.0011060859258881692,0.0009672467727040845,1.5979266673014079,1.6,40.0,2.6343921189603936,226.83117979789745,50.0099356832015
172,0.0,0.0,0.0,0.0,0.0,0.0,0.0,2.02,2.29,2.59,0.0009673295157230224,0.0008055575148890891,1.3029661684006175,1.3047390554312297,40.0,0.0,0.0,48.16318227315247
173,0.0,0.0,0.0,0.0,0.0,0.0,0.0,2.01,2.28,2.58,0.000828715015293434,0.0006440611485654607,0.853708755070413,0.8551815312342719,40.0,0.0,0.0,45.35207673014906
174,0.0,0.0,0.0,0.0,0.0,0.0,0.0,2.01,2.28,2.58,0.0006902422794646818,0.00048275744361817534,0.2933768602194573,0.2945498599425402,40.0,0.0,0.0,41.84675925589883
175,1.1904437471208313,0.0,0.0,3.0951537425141615,0.0,0.0,266.5045078207358,2.03,2.3,2.6,0.0005519111632504767,0.0003216461702067308,0.0,0.0008735573334572074,40.0,3.0951537425141615,266.5045078207358,40.009914322386315
176,2.061984769083969,0.0,0.0,5.402400095,0.0,0.0,465.16719301935734,2.05,2.32,2.62,0.00041372152181281055,0.0001607270987648192,0.0,0.0005744486205776297,40.0,5.402400095,465.16719301935734,40.00667833557358
177,1.9706059882575757,0.0,0.0,5.202399809,0.0,0.0,447.94640781172484,2.06,2.34,2.64,0.0002756732104618049,0.0,0.0,0.0002756732104618049,40.0,5.202399809,447.94640781172484,40.00344591513077
178,1.844193995189244,0.0,0.0028,4.902400095,0.0,0.16072709876481922,422.11529156449507,2.08,2.36,2.66,0.00013776608465555933,0.0,0.0,0.00013776608465555933,40.0,4.905200095,422.2760186632599,40.00172207605819
179,1.755808229002141,0.0,0.0028,4.702399809,0.0,0.16072709876481922,404.8945063568625,2.09,2.37,2.68,0.0,0.0,0.0,0.0,40.0,4.705199809,405.05523345562733,40.0
180,1.6453991376895651,0.0032,0.0028,4.402400095,0.13776608465555934,0.16072709876481922,379.0633901096328,2.09,2.37,2.68,0.0,0.0,0.0,0.0,40.0,4.408400095,379.36188329305315,40.0
181,7.4078854652972295,0.0032,0.0028,19.994,0.13776608465555934,0.16072709876481922,1721.5594353770332,2.1,2.38,2.7,0.0,0.0,1.357631970743727,1.357631970743727,40.0,20.0,1721.8579285604535,48.4851998171483
182,2.8735376970155633,0.0678924566066924,0.059507649352332624,7.575590755336272,2.922899351359835,3.4158899409694987,652.287173322206,2.1,2.38,2.69,0.0027822848395584404,0.0032512795092995727,1.593966435651142,1.6,40.0,7.702990861295297,658.6259626145353,50.0275495287138
183,1.7422460858374573,0.0,0.0,4.634374588327637,0.0,0.0,399.03727616319884,2.08,2.36,2.66,0.002641814137820752,0.0030868654540128927,1.5942713204081664,1.6,40.0,4.634374588327637,399.03727616319884,50.02615779290517
184,1.9069606698560368,0.0,0.0,5.0343761684199375,0.0,0.0,433.4789333790447,2.06,2.33,2.64,0.002501487099068532,0.0029226475408370397,1.5945758653600945,1.6,40.0,5.0343761684199375,433.4789333790447,50.02476756793429
185,1.9671944662385399,0.0,0.0,5.134377556882589,0.0,0.0,442.08943322193164,2.04,2.31,2.61,0.0023613035763739654,0.0027586255357790776,1.5948800708878472,1.6000000000000003,40.0,5.134377556882589,442.08943322193164,50.023378852151644
186,2.2055303625836093,0.0,0.0,5.734378942717385,0.0,0.0,493.7518342934125,2.03,2.3,2.6,0.002221263422959503,0.0025947992051252172,1.5951839373719154,1.6,40.0,5.734378942717385,493.7518342934125,50.021991643909516
187,2.252656681438662,0.0,0.0,5.834380804926134,0.0,0.0,502.36237492764013,2.02,2.29,2.59,0.002081366492197709,0.0024311683154404854,1.5954874651923618,1.6,40.0,5.834380804926134,502.36237492764013,50.02060594156198
188,2.416427093608769,0.0,0.0,6.234381901510623,0.0,0.0,536.8039905116246,2.01,2.28,2.58,0.0019416126376111077,0.0022677326335683906,1.5957906547288205,1.6,40.0,6.234381901510623,536.8039905116246,50.019221743464975
189,2.309098702129435,0.0,0.0,5.934383664472648,0.0,0.0,510.973001436442,2.0,2.27,2.57,0.0018020017128720285,0.002104491926630592,1.5960935063604975,1.6,40.0,5.934383664472648,510.973001436442,50.017839047976175
190,1.3806191581304645,0.0,0.0,3.5343850448139893,0.0,0.0,304.3239933057418,1.99,2.26,2.56,0.0016625335718024549,0.0019414459620265673,1.5963960204661711,1.6,40.0,3.5343850448139893,304.3239933057418,50.0164578534551
191,1.1899554974652755,0.0,0.0,3.0343865185364525,0.0,0.0,261.27221874398805,1.98,2.25,2.55,0.00152320806837387,0.0017785945074332806,1.596698197424193,1.6,40.0,3.0343865185364525,261.27221874398805,50.015078158263066
192,1.1159007648384647,0.0,0.0,2.8343879426897,0.0,0.0,244.05158078705367,1.98,2.24,2.54,0.0013840250567074782,0.001615937330802467,1.5970000376124902,1.6,40.0,2.8343879426897,244.05158078705367,50.01369996076318
193,1.0807863672457954,0.0,0.0,2.734389509131862,0.0,0.0,235.4413353727084,1.97,2.23,2.53,0.0012449843910725552,0.0014534742003698457,1.5973015414085578,1.6000000000000003,40.0,2.734389509131862,235.4413353727084,50.012323259320354
194,1.204123384923958,0.0,0.0,3.0343909300083745,0.0,0.0,261.272598588497,1.96,2.22,2.52,0.0011060859258885422,0.0012912048846404694,1.5976027091894711,1.6,40.0,3.0343909300083745,261.272598588497,50.0109480523013
195,1.2089212738140005,0.0,0.0,3.034392397273141,0.0,0.0,261.27272492557324,1.95,2.22,2.51,0.0009673295157233949,0.0011291291523979436,1.5979035413318787,1.6,40.0,3.034392397273141,261.27272492557324,50.00957433807451
196,1.3337575259711727,0.0,0.0,3.3343938149279317,0.0,0.0,287.1039878639593,1.95,2.21,2.5,0.0008287150152938061,0.0009672467727017104,1.5982040382120044,1.5999999999999999,40.0,3.3343938149279317,287.1039878639593,50.00820211501028
197,1.2851028014913934,0.0,0.0,3.1999059757135697,0.0,0.0,275.5240734624911,1.94,2.2,2.49,0.0006902422794650534,0.0008055575148867178,1.5009701153492125,1.5024659151435644,40.0,3.1999059757135697,275.5240734624911,49.39724335112795
198,0.0,0.0,0.0,0.0,0.0,0.0,0.0,1.93,2.19,2.48,0.0005519111632508479,0.0006440611485630923,0.9654373221316324,0.9666332944434463,40.0,0.0,0.0,46.046920226131114
199,0.0,0.0,0.0,0.0,0.0,0.0,0.0,1.92,2.18,2.47,0.00041372152181318135,0.00048275744361580967,0.4307256636756062,0.4316221426410352,40.0,0.0,0.0,42.701732768029096
200,0.0,0.0,0.0,0.0,0.0,0.0,0.0,1.92,2.18,2.47,0.0002756732104621753,0.00032164617020436794,0.0,0.0005973193806665432,40.0,0.0,0.0,40.00646134797645
201,2.0089959839357427,0.0,0.0,5.0024,0.0,0.0,430.7256636756062,1.94,2.2,2.49,0.00013776608465592923,0.0001607270987624592,0.0,0.00029849318341838843,40.0,5.0024,430.7256636756062,40.003228892609094
202,1.7332283838582676,0.0,0.0,4.402400095,0.0,0.0,379.0633901096328,1.98,2.24,2.54,0.0,0.0,0.0,0.0,40.0,4.402400095,379.0633901096328,40.0
203,1.631649363862598,0.0032,0.0028,4.202399809,0.13776608465555934,0.16072709876481922,361.84260490200023,2.02,2.28,2.58,0.0,0.0,0.0,0.0,40.0,4.208399809,362.1410980854206,40.0
204,8.504184027504005,0.07443481671952473,16.023165088280475,3.902400095,3.204560394219715,919.7702991675211,336.01148865477046,2.03,2.3,2.6,0.0030636578204537466,0.918512499423184,0.0,0.9215761572436377,40.0,20.0,1258.9863482165113,48.64935040484802
205,6.7231412666049595,0.0,11.857191956123813,4.0024,0.0,680.6328795019043,344.62186076588165,2.02,2.29,2.59,0.0029228993513598354,1.5970771006486402,0.0,1.6,40.0,15.859591956123813,1025.254740267786,55.009134060472995
206,1.6258881337821312,0.0,0.03848367895097127,4.102399905,0.0,2.2090607384236978,353.2322328769929,1.99,2.25,2.55,0.0027822848395584404,1.5972177151604416,0.0,1.6,40.0,4.140883583950972,355.4412936154166,55.00869464012362
207,1.5507984339001966,0.0,0.038484096499495024,3.802399952,0.0,2.2090847067675607,327.4010960509542,1.93,2.19,2.48,0.002641814137820752,1.5973581858621793,0.0,1.6,40.0,3.840884048499495,329.61018075772176,55.00825566918069
208,1.8969979696932888,0.0,4.038484513620979,0.0024,0.0,231.81924974319713,0.20664912698333898,1.88,2.13,2.41,0.002501487099068532,1.5974985129009316,0.0,1.6,40.0,4.040884513620979,232.02589887018047,55.00781714718459
209,1.9811532339926674,0.0,4.138484835315861,0.0024,0.0,237.55952173661393,0.20664912698333898,1.84,2.09,2.36,0.0023613035763739654,1.5976386964236262,0.0,1.6,40.0,4.140884835315861,237.76617086359727,55.00737907367617
210,2.2901489045930696,0.0,4.738485155584577,0.0024,0.0,272.00106128474005,0.20664912698333898,1.82,2.07,2.34,0.002221263422959503,1.5977787365770406,0.0,1.6,40.0,4.740885155584577,272.2077104117234,55.00694144819674
211,2.446896917883293,0.0,5.038485762427566,0.0024,0.0,289.221856701011,0.20664912698333898,1.82,2.06,2.33,0.002081366492197709,1.5979186335078024,0.0,1.6,40.0,5.040885762427566,289.42850582799434,55.00650427028811
212,2.4100477369893207,0.0,4.9384862728452745,0.0024,0.0,283.48163247296657,0.20664912698333898,1.81,2.05,2.33,0.0019416126376111077,1.598058387362389,0.0,1.6,40.0,4.940886272845274,283.6882815999499,55.00606753949254
213,2.3230911923618196,0.0,4.734882101992948,0.004803685581558892,0.0,271.7942368738555,0.4136155965548325,1.8,2.04,2.32,0.0018020017128720285,1.5979913491601447,0.00020664912698333898,1.6,40.0,4.739685787574507,272.20785247041033,55.0049854768309
214,1.449303991333262,0.0,2.9420871024065214,0.0,0.0,168.8832586725692,0.0,1.79,2.03,2.3,0.0016625335718024549,1.5983374664281977,0.0,1.6,40.0,2.9420871024065214,168.8832586725692,55.00519541741189
215,0.006424620911006575,0.0,0.0,0.014455397049764793,0.0,0.0,1.2446646585547618,1.75,1.99,2.25,0.00152320806837387,1.4586684135771324,0.001036423937841214,1.4612280455833475,40.0,0.014455397049764793,1.2446646585547618,53.700534127751794
216,0.0,0.0,0.0,0.0,0.0,0.0,0.0,1.71,1.94,2.2,0.0013840250567074782,1.3306327964057667,0.0008285025135302853,1.3328453239760045,40.0,0.0,0.0,52.49716092022247
217,0.0,0.0,0.0,0.0,0.0,0.0,0.0,1.69,1.91,2.17,0.0012449843910725552,1.2084833364577634,0.0006208998960441223,1.21034922074488,40.0,0.0,0.0,51.34897420853021
218,0.0,0.0,0.0,0.0,0.0,0.0,0.0,1.69,1.91,2.17,0.0011060859258885422,1.0807461842115773,0.0004136155965544787,1.0822658857340202,40.0,0.0,0.0,50.14840664853562
219,0.0,0.0,0.0,0.0,0.0,0.0,0.0,1.71,1.93,2.19,0.0009673295157233949,0.9359612055247936,0.00020664912698298578,0.9371351841675,40.0,0.0,0.0,48.78801947778513
220,0.0,0.0,0.0,0.0,0.0,0.0,0.0,1.73,1.96,2.22,0.0008287150152938061,0.7684153243161239,0.0,0.7692440393314177,40.0,0.0,0.0,47.21425260315483
221,0.001076233183856502,0.0,0.0,0.0024,0.0,0.0,0.20664912698333898,1.74,1.97,2.23,0.0006902422794650534,0.5322684658323364,0.0,0.5329587081118015,40.0,0.0024,0.20664912698333898,44.99864489567146
222,0.0010714285714285713,0.0,0.0,0.0024,0.0,0.0,0.20664912698333898,1.74,1.97,2.24,0.0005519111632508479,0.19320201440587567,0.0,0.19375392556912652,40.0,0.0024,0.20664912698333898,41.818167774595715
223,1.1308996164749494,0.0,2.237059812048971,0.0024,0.0,128.41290476928674,0.20664912698333898,1.75,1.98,2.24,0.00041372152181318135,0.0,0.0,0.00041372152181318135,40.0,2.2394598120489713,128.61955389627008,40.00517151902266
224,2.4145293795659715,0.0,4.802800191,0.0024,0.0,275.69290737376775,0.20664912698333898,1.76,1.99,2.26,0.0002756732104621753,0.0,0.0,0.0002756732104621753,40.0,4.805200191,275.8995565007511,40.003445915130776
225,2.1806520423602405,0.0,4.402800095,0.0024,0.0,252.73188775386444,0.20664912698333898,1.78,2.02,2.29,0.00013776608465592923,0.0,0.0,0.00013776608465592923,40.0,4.405200095,252.93853688084778,40.00172207605819
226,2.0999614051976456,0.0,4.302800191,0.0024,0.0,246.99163973719288,0.20664912698333898,1.81,2.05,2.32,0.0,0.0,0.0,0.0,40.0,4.305200191,247.19828886417622,40.0
227,1.8881945566969265,0.0032,3.902800095,0.0024,0.13776608465555934,224.03062011728957,0.20664912698333898,1.82,2.07,2.34,0.0,0.0,0.0,0.0,40.0,3.908400095,224.37503532892848,40.0
228,7.325797035402273,0.006403276072505976,15.228255537754293,0.0024,0.27567321046180493,874.1404756544785,0.20664912698333898,1.83,2.08,2.35,0.00013776608465555933,0.6550677034693072,0.0,0.6552054695539627,40.0,15.237058813826799,874.6227979919237,46.14298179608295
229,9.615247718383312,0.0,19.9976,0.0024,0.0,1147.9129393783387,0.20664912698333898,1.83,2.08,2.36,0.0,1.6,0.0,1.6,40.0,20.0,1148.119588505322,55.0
230,1.8697302819912087,0.028918220775393255,3.8167999478630747,0.0024,1.2449843910721818,219.09399363776618,0.20664912698333898,1.82,2.06,2.34,0.0011060859258881692,1.5988939140741119,0.0,1.6,40.0,3.848118168638468,220.5456271558217,55.00345651851839
231,1.7520406367448687,0.0,3.534884774052255,0.004803685581558892,0.0,202.91134792905444,0.4136155965548325,1.78,2.02,2.29,0.0009673295157230224,1.5988260213572936,0.00020664912698333898,1.6,40.0,3.539688459633814,203.32496352560926,55.0023771262148
232,0.0,0.0,0.0,0.0,0.0,0.0,0.0,1.77,2.01,2.28,0.000828715015293434,1.3674219024860361,0.0,1.3682506175013296,40.0,0.0,0.0,52.82993927349776
233,0.0042202351479081485,0.0,0.0,0.009622136137230577,0.0,0.0,0.8285025135306402,1.77,2.01,2.28,0.0006902422794646818,1.1076268156022735,0.0006208998960444766,1.1089379577777827,40.0,0.009622136137230577,0.8285025135306402,50.396510049114895
234,0.37383984877525606,0.0,0.7514180960382646,0.0,0.0,43.133303762719486,0.0,1.77,2.01,2.27,0.0005519111632504767,0.8625564772080283,0.0004136155965548325,0.8635220039678336,40.0,0.7514180960382646,43.133303762719486,48.09595096084436
235,0.0,0.0,0.0,0.0,0.0,0.0,0.0,1.76,2.0,2.26,0.00041372152181281055,0.5804300553277287,0.00020664912698333898,0.5810504259765249,40.0,0.0,0.0,45.44799484476376
236,0.0,0.0,0.0,0.0,0.0,0.0,0.0,1.76,2.0,2.26,0.0002756732104618049,0.28717340346451337,0.0,0.28744907667497516,40.0,0.0,0.0,42.695696572610586
237,0.0010572687224669603,0.0,0.0,0.0024,0.0,0.0,0.20664912698333898,1.77,2.0,2.27,0.00013776608465555933,0.0,0.0,0.00013776608465555933,40.0,0.0024,0.20664912698333898,40.00172207605819
238,1.395480468394868,0.0,2.802799952,0.0024,0.0,160.88782310826235,0.20664912698333898,1.78,2.01,2.28,0.0,0.0,0.0,0.0,40.0,2.805199952,161.0944722352457,40.0
239,1.148522002298384,0.0032,2.302799952,0.0024,0.13776608465555934,132.18655547168748,0.20664912698333898,1.78,2.01,2.28,0.0,0.0,0.0,0.0,40.0,2.3083999520000003,132.5309706833264,40.0
240,1.148522002298384,0.0032,2.302799952,0.0024,0.13776608465555934,132.18655547168748,0.20664912698333898,1.78,2.01,2.28,0.0,0.0,0.0,0.0,40.0,2.3083999520000003,132.5309706833264,40.0
241,1.0933408610108133,0.0032,2.202800048,0.0024,0.13776608465555934,126.44630745501588,0.20664912698333898,1.78,2.02,2.29,0.0,0.0,0.0,0.0,40.0,2.208400048,126.79072266665477,40.0
242,1.087954364112756,0.0032,2.202800048,0.0024,0.13776608465555934,126.44630745501588,0.20664912698333898,1.79,2.03,2.3,0.0,0.0,0.0,0.0,40.0,2.208400048,126.79072266665477,40.0
243,1.0879399151714186,0.0032,2.202800048,0.0024,0.13776608465555934,126.44630745501588,0.20664912698333898,1.8,2.03,2.31,0.0,0.0,0.0,0.0,40.0,2.208400048,126.79072266665477,40.0
244,1.229679483914778,0.0032,2.5028,0.0024,0.13776608465555934,143.66706528163914,0.20664912698333898,1.8,2.04,2.31,0.0,0.0,0.0,0.0,40.0,2.5084000000000004,144.01148049327804,40.0
245,1.8179103232814964,0.0032,3.702800048,0.0024,0.13776608465555934,212.55011036474048,0.20664912698333898,1.8,2.04,2.32,0.0,0.0,0.0,0.0,40.0,3.708400048,212.89452557637938,40.0
246,2.7225940638029105,0.0032,5.602799905,0.0024,0.13776608465555934,321.6149191751624,0.20664912698333898,1.82,2.06,2.33,0.0,0.0,0.0,0.0,40.0,5.608399905,321.9593343868013,40.0
247,2.311808463840911,0.0032,4.802800191,0.0024,0.13776608465555934,275.69290737376775,0.20664912698333898,1.83,2.08,2.35,0.0,0.0,0.0,0.0,40.0,4.808400191,276.0373225854066,40.0
248,2.0040713754720265,0.0032,4.202799809,0.0024,0.13776608465555934,241.25136428210942,0.20664912698333898,1.85,2.1,2.38,0.0,0.0,0.0,0.0,40.0,4.208399808999999,241.59577949374832,40.0
249,1.8349943772812716,0.0032,3.902800095,0.0024,0.13776608465555934,224.03062011728957,0.20664912698333898,1.88,2.13,2.42,0.0,0.0,0.0,0.0,40.0,3.908400095,224.37503532892848,40.0
250,1.3804323517618562,0.0032,0.0028,3.402400095,0.13776608465555934,0.16072709876481922,292.9595871999082,1.93,2.18,2.47,0.0,0.0,0.0,0.0,40.0,3.4084000949999997,293.25808038332855,40.0
251,1.4267478457193876,0.0032,0.0028,3.602399905,0.13776608465555934,0.16072709876481922,310.18033142213056,1.97,2.24,2.53,0.0,0.0,0.0,0.0,40.0,3.6083999049999997,310.4788246055509,40.0
252,1.2928389193030974,0.0032,0.0028,3.302399952,0.13776608465555934,0.16072709876481922,284.34919459609193,2.0,2.26,2.56,0.0,0.0,0.0,0.0,40.0,3.308399952,284.6476877795123,40.0
253,1.3215798367206195,0.0032,0.0028,3.402400095,0.13776608465555934,0.16072709876481922,292.9595871999082,2.01,2.28,2.58,0.0,0.0,0.0,0.0,40.0,3.4084000949999997,293.25808038332855,40.0
254,1.1575760966086532,0.0032,0.0028,3.0024,0.13776608465555934,0.16072709876481922,258.5180578561571,2.02,2.29,2.6,0.0,0.0,0.0,0.0,40.0,3.0084,258.81655103957746,40.0
255,1.2729475736764584,0.0032,0.0028,3.302399952,0.13776608465555934,0.16072709876481922,284.34919459609193,2.03,2.3,2.6,0.0,0.0,0.0,0.0,40.0,3.308399952,284.6476877795123,40.0
256,1.421324828356588,0.0032,0.0028,3.702400048,0.13776608465555934,0.16072709876481922,318.7907240259468,2.04,2.31,2.61,0.0,0.0,0.0,0.0,40.0,3.7084000479999997,319.0892172093672,40.0
257,1.5245929672185146,0.0032,0.0028,4.0024,0.13776608465555934,0.16072709876481922,344.62186076588165,2.05,2.32,2.63,0.0,0.0,0.0,0.0,40.0,4.0084,344.920353949302,40.0
258,1.6324521568419044,0.0032,0.0028,4.302400191,0.13776608465555934,0.16072709876481922,370.4530180846254,2.06,2.33,2.64,0.0,0.0,0.0,0.0,40.0,4.3084001910000005,370.75151126804576,40.0
259,1.6324521568419044,0.0032,0.0028,4.302400191,0.13776608465555934,0.16072709876481922,370.4530180846254,2.06,2.33,2.64,0.0,0.0,0.0,0.0,40.0,4.3084001910000005,370.75151126804576,40.0
260,2.6264465584497483,0.006403276072505976,0.0056033443240125,6.919263920443235,0.27567321046180493,0.3216461702067308,595.7749368862126,2.06,2.33,2.64,0.00013776608465555933,0.0001607270987648192,0.20778209222905722,0.2080805854124776,40.0,6.931270540839754,596.3722562668811,41.301866969040724
261,7.575757575757575,0.0,0.0,20.0,0.0,0.0,1722.0760581944917,2.06,2.33,2.64,0.0,0.0,1.6,1.6,40.0,20.0,1722.0760581944917,50.0
262,1.0199711318164657,0.04185649534577084,0.03382160653337357,2.5909096098858004,1.8020017128720285,1.9414459620265676,223.08717040651837,2.06,2.33,2.63,0.0016625335718024549,0.0017785945074332806,1.5965588719207644,1.6,40.0,2.666587711764945,226.83061808141696,50.0159489426595
263,0.9673233447328549,0.0,0.0,2.53438716320008,0.0,0.0,218.22037279711566,2.05,2.32,2.62,0.00152320806837387,0.0016159373308048523,1.5968608546008214,1.6,40.0,2.53438716320008,218.22037279711566,50.0145698545861
264,0.9363033575233646,0.0,0.0,2.434388729560748,0.0,0.0,209.61012737575348,2.03,2.3,2.6,0.0013840250567074782,0.0014534742003722283,1.5971625007429204,1.6,40.0,2.434388729560748,209.61012737575348,50.01319226348059
265,0.9048023473869257,0.0,0.0,2.3343900562582682,0.0,0.0,200.9998613184828,2.01,2.28,2.58,0.0012449843910725552,0.001291204884642849,1.597463810724285,1.6000000000000003,40.0,2.3343900562582682,200.9998613184828,50.011816167708716
266,0.9472341118161658,0.0,0.0,2.434391667367546,0.0,0.0,209.61038033209098,2.01,2.27,2.57,0.0011060859258885422,0.0011291291524003204,1.5977647849217114,1.6000000000000003,40.0,2.434391667367546,209.61038033209098,50.010441565638054
267,0.9899972808070284,0.0,0.0,2.5343930388659928,0.0,0.0,218.2208787142954,2.0,2.27,2.56,0.0009673295157233949,0.0009672467727040845,1.5980654237115728,1.6000000000000003,40.0,2.5343930388659928,218.2208787142954,50.00906845563798
268,0.0,0.0,0.0,0.0,0.0,0.0,0.0,1.99,2.26,2.55,0.0008287150152938061,0.0008055575148890891,1.3632849617975527,1.3649192343277357,40.0,0.0,0.0,48.53844205062796
269,1.2241049086127092,0.0,0.0,3.121467516962408,0.0,0.0,268.7702238696385,1.99,2.25,2.55,0.0006902422794650534,0.0006440611485654607,1.2940564675736483,1.2953907710016788,40.0,3.121467516962408,268.7702238696385,48.102519024096416
270,0.0,0.0,0.0,0.0,0.0,0.0,0.0,1.98,2.24,2.54,0.0005519111632508479,0.00048275744361817534,0.8362155047278467,0.8372501733347157,40.0,0.0,0.0,45.2377716451236
271,0.0,0.0,0.0,0.0,0.0,0.0,0.0,1.97,2.23,2.53,0.00041372152181318135,0.0003216461702067308,0.38767376222074396,0.3884091299127639,40.0,0.0,0.0,42.431147965747996
272,0.0,0.0,0.0,0.0,0.0,0.0,0.0,1.97,2.23,2.52,0.0002756732104621753,0.0001607270987648192,0.0,0.00043640030922699447,40.0,0.0,0.0,40.0049527316817
273,1.693858342913386,0.0,0.0,4.302400191,0.0,0.0,370.4530180846254,1.98,2.25,2.54,0.00013776608465592923,0.0,0.0,0.00013776608465592923,40.0,4.302400191,370.4530180846254,40.00172207605819
274,1.480761125428357,0.0,0.0028,3.802399952,0.0,0.16072709876481922,327.4010960509542,2.01,2.28,2.57,0.0,0.0,0.0,0.0,40.0,3.805199952,327.56182314971903,40.0
275,1.4596389678201898,0.0032,0.0028,3.802399952,0.13776608465555934,0.16072709876481922,327.4010960509542,2.04,2.31,2.61,0.0,0.0,0.0,0.0,40.0,3.808399952,327.69958923437457,40.0
276,1.3294217814631164,0.0032,0.0028,3.5024,0.13776608465555934,0.16072709876481922,301.5699593110194,2.06,2.33,2.64,0.0,0.0,0.0,0.0,40.0,3.5084,301.86845249443974,40.0
277,1.4430581269176619,0.0032,0.0028,3.802399952,0.13776608465555934,0.16072709876481922,327.4010960509542,2.06,2.33,2.64,0.0,0.0,0.0,0.0,40.0,3.808399952,327.69958923437457,40.0
278,1.4430581269176619,0.0032,0.0028,3.802399952,0.13776608465555934,0.16072709876481922,327.4010960509542,2.06,2.33,2.64,0.0,0.0,0.0,0.0,40.0,3.808399952,327.69958923437457,40.0
279,1.3998745685012937,0.0032,0.0028,3.702400048,0.13776608465555934,0.16072709876481922,318.7907240259468,2.07,2.34,2.65,0.0,0.0,0.0,0.0,40.0,3.7084000479999997,319.0892172093672,40.0
280,1.5825744544720668,0.0032,0.0028,4.202399809,0.13776608465555934,0.16072709876481922,361.84260490200023,2.08,2.36,2.66,0.0,0.0,0.0,0.0,40.0,4.208399809,362.1410980854206,40.0
281,1.5707721653015054,0.0032,0.0028,4.202399809,0.13776608465555934,0.16072709876481922,361.84260490200023,2.09,2.37,2.68,0.0,0.0,0.0,0.0,40.0,4.208399809,362.1410980854206,40.0
282,1.8457436901802695,0.03214782645914451,0.0028,4.902400095,1.384025056707104,0.16072709876481922,422.11529156449507,2.1,2.37,2.68,0.0012449843910721818,0.0,0.0,0.0012449843910721818,40.0,4.9373479214591445,423.660043719967,40.0155623048884
283,1.7931218043752755,0.0,0.0028,4.802400191,0.0,0.16072709876481922,413.50491953948773,2.09,2.37,2.68,0.0011060859258881692,0.0,0.0,0.0011060859258881692,40.0,4.805200191,413.66564663825255,40.0138260740736
284,7.155698798504737,0.0,0.014033483208639603,19.161403693495163,0.0,0.8055575148890891,1649.8697270983762,2.09,2.37,2.68,0.0009673295157230224,0.0006440611485654607,1.2000804050324954,1.2016917956967839,40.0,19.175437176703802,1650.6752846132654,47.51863222366744
285,0.0,0.0,0.0,0.0,0.0,0.0,0.0,2.09,2.36,2.67,0.000828715015293434,0.00048275744361817534,0.7853694258792835,0.7866808983381951,40.0,0.0,0.0,44.92344370047061
286,0.0,0.0,0.0,0.0,0.0,0.0,0.0,2.08,2.36,2.67,0.0006902422794646818,0.0003216461702067308,0.5088491844871145,0.5098610729367858,40.0,0.0,0.0,43.191950864383465
287,0.0,0.0,0.0,0.0,0.0,0.0,0.0,2.07,2.35,2.66,0.0005519111632504767,0.0001607270987648192,0.2757388225710845,0.2764514608330998,40.0,0.0,0.0,41.73177334716083
288,0.0,0.0,0.0,0.0,0.0,0.0,0.0,2.07,2.35,2.65,0.0004137215218126654,0.0,0.0,0.0004137215218126654,40.0,0.0,0.0,40.00517151902266
289,1.2426901820313494,0.0,0.0028,3.302399952,0.0,0.16072709876481922,284.34919459609193,2.08,2.36,2.66,0.00027567321046165986,0.0,0.0,0.00027567321046165986,40.0,3.305199952,284.50992169485676,40.003445915130776
290,1.3129467403034343,0.0,0.0028,3.5024,0.0,0.16072709876481922,301.5699593110194,2.08,2.36,2.67,0.00013776608465541437,0.0,0.0,0.00013776608465541437,40.0,3.5052000000000003,301.7306864097842,40.00172207605819
291,1.2754935923633592,0.0,0.0028,3.402400095,0.0,0.16072709876481922,292.9595871999082,2.08,2.36,2.67,0.0,0.0,0.0,0.0,40.0,3.405200095,293.120314298673,40.0
292,1.4268447344261657,0.0032,0.0028,3.802399952,0.13776608465555934,0.16072709876481922,327.4010960509542,2.08,2.36,2.67,0.0,0.0,0.0,0.0,40.0,3.808399952,327.69958923437457,40.0
293,2.1384551677594987,0.0032,0.0028,5.702399809,0.13776608465555934,0.16072709876481922,490.9983092665871,2.08,2.36,2.67,0.0,0.0,0.0,0.0,40.0,5.708399809,491.2968024500075,40.0
294,2.6702436206096944,0.0032,0.0028,7.202399809,0.13776608465555934,0.16072709876481922,620.1540136311739,2.11,2.39,2.7,0.0,0.0,0.0,0.0,40.0,7.208399809,620.4525068145944,40.0
295,2.494374033581174,0.0032,0.0028,6.802400191,0.13776608465555934,0.16072709876481922,585.7125253589369,2.14,2.42,2.73,0.0,0.0,0.0,0.0,40.0,6.8084001910000005,586.0110185423573,40.0
296,2.177418521772282,0.0032,0.0028,6.0024,0.13776608465555934,0.16072709876481922,516.8294665853308,2.15,2.44,2.76,0.0,0.0,0.0,0.0,40.0,6.0084,517.1279597687512,40.0
297,2.0251399072762397,0.0032,0.0028,5.602399905,0.13776608465555934,0.16072709876481922,482.3879372415798,2.17,2.46,2.77,0.0,0.0,0.0,0.0,40.0,5.608399905000001,482.68643042500014,40.0
298,1.9031033537206,0.0032,0.0028,5.302400191,0.13776608465555934,0.16072709876481922,456.55682099435,2.18,2.47,2.79,0.0,0.0,0.0,0.0,40.0,5.3084001910000005,456.85531417777037,40.0
299,1.9320188248298193,0.0032,0.0028,5.402400095,0.13776608465555934,0.16072709876481922,465.16719301935734,2.19,2.48,2.8,0.0,0.0,0.0,0.0,40.0,5.408400095,465.4656862027777,40.0
300,1.789161648044105,0.0032,0.0028,5.0024,0.13776608465555934,0.16072709876481922,430.7256636756062,2.19,2.48,2.8,0.0,0.0,0.0,0.0,40.0,5.0084,431.02415685902656,40.0
301,1.9677330766155334,0.0032,0.0028,5.5024,0.13776608465555934,0.16072709876481922,473.77756513046853,2.19,2.48,2.8,0.0,0.0,0.0,0.0,40.0,5.5084,474.0760583138889,40.0
302,1.789161648044105,0.0032,0.0028,5.0024,0.13776608465555934,0.16072709876481922,430.7256636756062,2.19,2.48,2.8,0.0,0.0,0.0,0.0,40.0,5.0084,431.02415685902656,40.0
303,1.7177331448298194,0.0032,0.0028,4.802400191,0.13776608465555934,0.16072709876481922,413.50491953948773,2.19,2.48,2.8,0.0,0.0,0.0,0.0,40.0,4.8084001910000005,413.8034127229081,40.0
304,2.074876001972677,0.0032,0.0028,5.802400191,0.13776608465555934,0.16072709876481922,499.6087224492123,2.19,2.48,2.8,0.0,0.0,0.0,0.0,40.0,5.8084001910000005,499.90721563263264,40.0
305,3.429016507189103,0.06136347172936272,0.05377576860192771,9.46207606238245,2.641814137820752,3.0868654540128926,814.7207323922013,2.19,2.48,2.8,0.002501487099068532,0.0029226475408370397,0.3404203976201746,0.3458445322600802,40.0,9.57721530271374,820.4494119840349,42.18629589455979
306,7.142857142857143,0.0,0.0,20.0,0.0,0.0,1722.0760581944917,2.19,2.48,2.8,0.0023613035763739654,0.0027586255357790776,1.5948800708878472,1.6000000000000003,40.0,20.0,1722.0760581944917,50.023378852151644
307,2.3062291142356224,0.0,0.0,6.434379228717386,0.0,0.0,554.0245209559075,2.18,2.47,2.79,0.002221263422959503,0.0025947992051252172,1.5951839373719154,1.6,40.0,6.434379228717386,554.0245209559075,50.021991643909516
308,2.4399929068572948,0.0,0.0,6.734380422926133,0.0,0.0,579.8557646547395,2.16,2.44,2.76,0.002081366492197709,0.0024311683154404854,1.5954874651923618,1.6,40.0,6.734380422926133,579.8557646547395,50.02060594156198
309,2.5494052159965532,0.0,0.0,6.934382187510625,0.0,0.0,597.0766771741197,2.13,2.41,2.72,0.0019416126376111077,0.0022677326335683906,1.5957906547288205,1.6,40.0,6.934382187510625,597.0766771741197,50.019221743464975
310,1.4625961577965234,0.0,0.0,3.934383664472648,0.0,0.0,338.76539561699286,2.1,2.38,2.69,0.0018020017128720285,0.002104491926630592,1.5960935063604975,1.6,40.0,3.934383664472648,338.76539561699286,50.017839047976175
311,1.1739269474958764,0.0,0.0,3.13438494981399,0.0,0.0,269.88246396199077,2.08,2.36,2.67,0.0016625335718024549,0.0019414459620265673,1.5963960204661711,1.6,40.0,3.13438494981399,269.88246396199077,50.0164578534551
312,0.0,0.0,0.0,0.0,0.0,0.0,0.0,2.08,2.35,2.66,0.001523208068373135,0.0017785945074347959,1.3014378685100572,1.3047396710858652,40.0,0.0,0.0,48.16970110254972
313,2.5802664433366282,0.0,0.0,6.8635087392754315,0.0,0.0,590.974203755744,2.08,2.35,2.66,0.0013840250567063695,0.0016159373308063656,1.5970000376124873,1.6,40.0,6.8635087392754315,590.974203755744,50.013699960763184
314,0.0,0.0,0.0,0.0,0.0,0.0,0.0,2.07,2.35,2.65,0.0012449843910714478,0.0014534742003737397,1.3106381497684094,1.3133366083598546,40.0,0.0,0.0,48.220677061569454
315,2.627799099753804,0.0,0.0,6.96366761434758,0.0,0.0,599.598263794616,2.07,2.34,2.65,0.0011060859258874359,0.0012912048846443589,1.5976027091894685,1.6000000000000003,40.0,6.96366761434758,599.598263794616,50.010948052301316
316,1.6039364417701283,0.0,0.0,4.234392206273139,0.0,0.0,364.59727197141615,2.06,2.33,2.64,0.0009673295157222896,0.0011291291524018286,1.597903541331876,1.6,40.0,4.234392206273139,364.59727197141615,50.00957433807452
317,2.3032037644763097,0.0,0.0,6.0343938629279315,0.0,0.0,519.5842598531982,2.05,2.32,2.62,0.0008287150152927017,0.0009672467727055906,1.5982040382120017,1.6,40.0,6.0343938629279315,519.5842598531982,50.00820211501029
318,3.3465115463503965,0.0,0.0,8.734395135974534,0.0,0.0,752.0646373236083,2.03,2.3,2.61,0.0006902422794639503,0.0008055575148905935,1.5985042002056455,1.6,40.0,8.734395135974534,752.0646373236083,50.00683138148068
319,0.989886440828398,0.0,0.0,2.573704746153835,0.0,0.0,221.60576621065255,2.02,2.29,2.6,0.0005519111632497458,0.0006440611485669633,1.1551301653155095,1.1563261376273262,40.0,2.573704746153835,221.60576621065255,47.23250049603037
320,0.0,0.0,0.0,0.0,0.0,0.0,0.0,2.02,2.29,2.59,0.00041372152181208045,0.00048275744361967615,0.6029332694950554,0.6038297484604872,40.0,0.0,0.0,43.77803030440068
321,0.0,0.0,0.0,0.0,0.0,0.0,0.0,2.02,2.29,2.59,0.0002756732104610756,0.0003216461702082298,0.0,0.0005973193806693053,40.0,0.0,0.0,40.00646134797647
322,2.5679692754789274,0.0,0.0,6.702399809,0.0,0.0,577.1021121763117,2.03,2.3,2.61,0.00013776608465483067,0.00016072709876631646,0.0,0.00029849318342114713,40.0,6.702399809,577.1021121763117,40.00322889260912
323,2.2909923664122136,0.0,0.0,6.0024,0.0,0.0,516.8294665853308,2.05,2.32,2.62,0.0,0.0,0.0,0.0,40.0,6.0024,516.8294665853308,40.0
324,8.28367912425604,0.06462629397392641,13.732973897026074,6.202399809,2.7822848395584407,788.3075185292836,534.0502107214494,2.06,2.33,2.63,0.002641814137820752,0.7872065507981504,0.0,0.7898483649359711,40.0,20.0,1325.1400140902915,47.41308409045542
325,8.31465704599744,0.0,14.152001124149171,5.802400191,0.0,812.3607437146273,499.6087224492123,2.05,2.32,2.62,0.002501487099068532,1.5974985129009316,0.0,1.6,40.0,19.95440131514917,1311.9694661638396,55.00781714718459
326,2.0333133898978173,0.0,0.03848493031586031,5.202399809,0.0,2.2091325699408806,447.94640781172484,2.01,2.28,2.58,0.0023613035763739654,1.5976386964236262,0.0,1.6,40.0,5.24088473931586,450.15554038166573,55.00737907367617
327,2.3688895644139287,0.0,0.03848534658457936,5.902400095,0.0,2.2091564648207087,508.2190944742196,1.96,2.22,2.51,0.002221263422959503,1.5977787365770406,0.0,1.6,40.0,5.940885441584579,510.4282509390403,55.00694144819674
328,2.620255684096334,0.0,0.038485762427569625,6.402400095,0.0,2.2091803352626256,551.2709959290819,1.92,2.18,2.46,0.002081366492197709,1.5979186335078024,0.0,1.6,40.0,6.44088585742757,553.4801762643445,55.00650427028811
329,3.2281905719234407,0.0,6.9384862728452745,0.0024,0.0,398.286703019266,0.20664912698333898,1.89,2.15,2.43,0.0019416126376111077,1.598058387362389,0.0,1.6,40.0,6.940886272845274,398.4933521462493,55.00606753949254
330,3.258501337870343,0.0,6.938486687838104,0.0024,0.0,398.28672684090657,0.20664912698333898,1.88,2.13,2.41,0.0018020017128720285,1.5981979982871282,0.0,1.6,40.0,6.940886687838104,398.4933759678899,55.00563125535273
331,3.5431451187930216,0.0,7.438487102406523,0.0024,0.0,426.98801827475967,0.20664912698333898,1.85,2.1,2.38,0.0016625335718024549,1.5983374664281977,0.0,1.6,40.0,7.440887102406522,427.194667401743,55.00519541741189
332,0.001016949152542373,0.0,0.0,0.0024,0.0,0.0,0.20664912698333898,1.83,2.08,2.36,0.00152320806837387,1.0974638809847614,0.0,1.0989870890531352,40.0,0.0024,0.20664912698333898,50.307763985086815
333,7.700784641008591,0.0,16.0112765406702,0.007211062404473102,0.0,919.0878663939758,0.6208998960444766,1.83,2.08,2.36,0.001384025056707104,1.5495796425514274,0.0004136155965548325,1.5513772832046895,40.0,16.01848760307467,919.7087662900202,54.547194559606936
334,0.0,0.0,0.0,0.0,0.0,0.0,0.0,1.83,2.07,2.35,0.0012449843910721818,1.2609002180595488,0.00020664912698333898,1.2623518515776044,40.0,0.0,0.0,51.837793406240316
335,0.0,0.0,0.0,0.0,0.0,0.0,0.0,1.83,2.07,2.35,0.0011060859258881692,1.0012322090463237,0.0,1.002338294972212,40.0,0.0,0.0,49.40037803388288
336,0.0030685371933928092,0.0,0.0,0.007211062404473102,0.0,0.0,0.6208998960444766,1.83,2.07,2.35,0.0009673295157223366,0.7476073779671517,0.0004136155965548325,0.7489883230794289,40.0,0.007211062404473102,0.6208998960444766,47.023495884867046
337,0.0,0.0,0.0,0.0,0.0,0.0,0.0,1.83,2.07,2.34,0.0008287150152927489,0.49428511536316944,0.00020664912698333898,0.4953204795054455,40.0,0.0,0.0,44.645573451264525
338,0.0,0.0,0.0,0.0,0.0,0.0,0.0,1.82,2.06,2.33,0.0006902422794639973,0.2527318877521551,0.0,0.2534221300316191,40.0,0.0,0.0,42.37798947616975
339,0.0010256410256410256,0.0,0.0,0.0024,0.0,0.0,0.20664912698333898,1.82,2.06,2.34,0.0005519111632497929,-1.7072910864929657e-12,0.0,0.0005519111615425018,40.0,0.0024,0.20664912698333898,40.00689888954062
340,2.85261988983228,0.0,5.902800095029742,0.0024,0.0,338.8356906652963,0.20664912698333898,1.82,2.07,2.34,0.0004137215218121274,0.0,0.0,0.0004137215218121274,40.0,5.905200095029742,339.0423397922796,40.00517151902265
341,3.9637264983348754,0.0,8.202799809,0.0024,0.0,470.8615053747083,0.20664912698333898,1.83,2.07,2.35,0.0002756732104611224,0.0,0.0,0.0002756732104611224,40.0,8.205199809,471.06815450169165,40.003445915130754
342,4.978634515853973,0.0,10.5028,0.0024,0.0,602.8873474668369,0.20664912698333898,1.86,2.11,2.39,0.00013776608465487748,0.0,0.0,0.00013776608465487748,40.0,10.5052,603.0939965938203,40.001722076058186
343,4.79103859469212,0.0,10.20279981,0.0024,0.0,585.6665759784103,0.20664912698333898,1.88,2.13,2.42,0.0,0.0,0.0,0.0,40.0,10.20519981,585.8732251053937,40.0
344,3.4857042610246505,0.0032,0.0028,8.602400381,0.13776608465555934,0.16072709876481922,740.6993869561637,1.92,2.18,2.47,0.0,0.0,0.0,0.0,40.0,8.608400381000001,740.9978801395841,40.0
345,3.416539203283661,0.0032,0.0028,8.602400381,0.13776608465555934,0.16072709876481922,740.6993869561637,1.96,2.23,2.52,0.0,0.0,0.0,0.0,40.0,8.608400381000001,740.9978801395841,40.0
346,3.131146781283438,0.0032,0.0028,8.102400381,0.13776608465555934,0.16072709876481922,697.6474855013014,2.02,2.29,2.59,0.0,0.0,0.0,0.0,40.0,8.108400381000001,697.9459786847218,40.0
347,3.161526800148284,0.0032,0.0028,8.402399619,0.13776608465555934,0.16072709876481922,723.478560763121,2.08,2.35,2.66,0.0,0.0,0.0,0.0,40.0,8.408399619,723.7770539465414,40.0
348,6.176278006806998,0.0032,0.0028,16.73044177917366,0.13776608465555934,0.16072709876481922,1440.5546615465908,2.11,2.4,2.71,0.0,0.0,0.8621286138200757,0.8621286138200757,40.0,16.73644177917366,1440.853154730011,45.38830383637547
349,7.922501878858682,0.0678924566066924,11.894440441708651,8.037667101684656,2.922899351359835,682.7710370095594,692.0737039774328,2.12,2.41,2.72,0.0027822848395584404,0.6817959718250087,0.9154217433354329,1.6,40.0,20.0,1377.767640338352,52.14800169220039
350,2.428137024874495,0.0,0.0,6.531688596912391,0.0,0.0,562.40322761624,2.1,2.38,2.69,0.002641814137820752,0.6808220698703484,0.9165361159918308,1.6,40.0,6.531688596912391,562.40322761624,52.14408030670622
351,2.7392776876677174,0.0,0.0,7.2316930954427745,0.0,0.0,622.6762769936207,2.06,2.34,2.64,0.002501487099068532,0.6798493297578725,0.9176491831430592,1.6,40.0,7.2316930954427745,622.6762769936207,52.140163449862534
352,3.0006506365979626,0.0,0.0,7.831698161520682,0.0,0.0,674.3389949480292,2.04,2.31,2.61,0.0023613035763739654,0.6788777501015304,0.9187609463220959,1.6000000000000003,40.0,7.831698161520682,674.3389949480292,52.13625111641962
353,3.166039406981723,0.0,0.0,8.23170245815248,0.0,0.0,708.7808860682565,2.03,2.3,2.6,0.002221263422959503,0.6779073295169251,0.9198714070601155,1.6,40.0,8.23170245815248,708.7808860682565,52.132343301133886
354,3.294095491252713,0.0,0.0,8.531707322344527,0.0,0.0,734.6124457666072,2.02,2.29,2.59,0.002081366492197709,0.6769380666213114,0.9209805668864911,1.6,40.0,8.531707322344527,734.6124457666072,52.12843999876783
355,0.0,0.0,0.0,0.0,0.0,0.0,0.0,2.01,2.28,2.58,0.0019416126376111077,0.6759699600335933,0.07683863485852835,0.7547502075297328,40.0,0.0,0.0,46.84173000115088
356,3.2984512601913845,0.0,0.0,8.510004251293772,0.0,0.0,732.7437288143173,2.02,2.28,2.58,0.0018020017128720285,0.6750030083743229,0.0,0.676805010087195,40.0,8.510004251293772,732.7437288143173,46.350678224920166
357,3.9391505057915057,0.0,0.0,10.20239981,0.0,0.0,878.4654224464515,2.02,2.29,2.59,0.0016625335718024549,0.6740372102656974,0.0,0.6756997438374999,40.0,10.20239981,878.4654224464515,46.33988051588844
358,2.278918955598456,0.0,0.0,5.902400095,0.0,0.0,508.2190944742196,2.02,2.29,2.59,0.00152320806837387,0.673072564331558,0.0,0.674595772399932,40.0,5.902400095,508.2190944742196,46.32909539146303
359,2.0315709544061304,0.0,0.0,5.302400191,0.0,0.0,456.55682099435,2.03,2.3,2.61,0.001384025056707104,0.6721090691973876,0.0,0.6734930942540946,40.0,5.302400191,456.55682099435,46.31832283693435
360,6.280491728654064,0.0,0.0,16.392083411787105,0.0,0.0,1411.4207193682826,2.04,2.31,2.61,0.0012449843910702673,0.6711467234886076,0.9276082921203223,1.6,40.0,16.392083411787105,1411.4207193682826,52.105114663346086
361,2.0122075738106244,0.0,0.0,5.231739691907624,0.0,0.0,450.4726833069972,2.03,2.3,2.6,0.0011060859258862567,0.6701855258373829,0.928708388236731,1.6,40.0,5.231739691907624,450.4726833069972,52.101242805278616
362,2.1524297715211627,0.0,0.0,5.531744512809388,0.0,0.0,476.30423927788996,2.01,2.27,2.57,0.0009673295157211116,0.6692254748724064,0.9298071956118725,1.6,40.0,5.531744512809388,476.30423927788996,52.09737541844953
363,2.0124506048345996,0.0,0.0,5.131749042328229,0.0,0.0,441.8631081227977,1.99,2.25,2.55,0.000828715015291525,0.6682665692257086,0.930904715759,1.6,40.0,5.131749042328229,441.8631081227977,52.09351249767591
364,2.2745053831231825,0.0,0.0,5.73175356547042,0.0,0.0,493.5257793283762,1.96,2.23,2.52,0.0006902422794627748,0.6673088075309515,0.9320009501895858,1.6,40.0,5.73175356547042,493.5257793283762,52.08965403778086
365,3.3731816037417968,0.0,0.0,8.33175856124224,0.0,0.0,717.3960970486122,1.93,2.18,2.47,0.0005519111632485715,0.6663521884234274,0.9330959004133241,1.6,40.0,8.33175856124224,717.3960970486122,52.085800033593515
366,0.0,0.0,0.0,0.0,0.0,0.0,0.0,1.91,2.16,2.45,0.00041372152181090734,0.0003216461685177575,0.931458848139021,0.9321942158293497,40.0,0.0,0.0,45.82980475272137
367,0.11566699679106775,0.0,0.0,0.28454081210602666,0.0,0.0,24.500046005350296,1.92,2.18,2.46,0.0002756732104599036,0.00016072709707786083,0.0,0.00043640030753776444,40.0,0.28454081210602666,24.500046005350296,40.00495273166586
368,3.5209600764,0.0,0.0,8.802400191,0.0,0.0,757.920131178386,1.95,2.21,2.5,0.00013776608465365992,-1.6849458921218592e-12,0.0,0.00013776608296871403,40.0,8.802400191,757.920131178386,40.001722076058165
369,3.1124311397768833,0.0,0.0028000000293531614,7.902400095,0.0,0.1607271004497651,680.4267002936688,1.98,2.24,2.54,0.0,0.0,0.0,0.0,40.0,7.905200095029353,680.5874273941185,40.0
370,3.0539265936386504,0.0032,0.0028,7.902400095,0.13776608465555934,0.16072709876481922,680.4267002936688,2.02,2.29,2.59,0.0,0.0,0.0,0.0,40.0,7.908400095,680.7251934770892,40.0
371,2.7206366996321925,0.0032,0.0028,7.202399809,0.13776608465555934,0.16072709876481922,620.1540136311739,2.06,2.34,2.65,0.0,0.0,0.0,0.0,40.0,7.208399809,620.4525068145944,40.0
372,7.453956613437123,0.0678924566066924,11.43045335536837,6.802400191,2.922899351359835,656.1370019196254,585.7125253589369,2.08,2.35,2.66,0.0027822848395584404,0.6551937105141066,0.0,0.657975995353665,40.0,18.30074600297506,1244.7724266299222,46.17721959656423
373,7.9099945324030685,0.0,7.88830910339221,12.11169089660779,0.0,452.8089415529794,1042.8626458650226,2.08,2.35,2.66,0.002641814137820752,1.106520295541643,0.49083789032053615,1.6,40.0,20.0,1495.671587418002,53.47438726192902
374,2.4448700428993946,0.0,0.0,6.430008212825408,0.0,0.0,553.6481598650294,2.05,2.32,2.63,0.002501487099068532,1.1050397074327594,0.4924588054681722,1.6,40.0,6.430008212825408,553.6481598650294,53.46888338009656
375,2.7460995360429474,0.0,0.0,7.030014812269945,0.0,0.0,605.3110098481358,2.0,2.26,2.56,0.0023613035763739654,1.1035608856307553,0.49407781079287116,1.6000000000000003,40.0,7.030014812269945,605.3110098481358,53.46338591494846
376,2.9881037693928767,0.0,0.0,7.53002149887005,0.0,0.0,648.3634870446956,1.97,2.23,2.52,0.002221263422959503,1.102083828028468,0.4956949085485729,1.6000000000000003,40.0,7.53002149887005,648.3634870446956,53.45789485898248
377,3.2390552026434043,0.0,0.0,8.130028558634944,0.0,0.0,700.0263766631355,1.95,2.21,2.51,0.002081366492197709,1.1006085325212485,0.49731010098655415,1.6000000000000003,40.0,8.130028558634944,700.0263766631355,53.452410204705146
378,3.586359223925229,0.0,0.0,8.93003446757382,0.0,0.0,768.9099277730236,1.94,2.2,2.49,0.0019416126376111077,1.0991349970069586,0.49892339035543043,1.6,40.0,8.93003446757382,768.9099277730236,53.446931944631814
379,1.4745999433446557,0.0,0.0,3.612769861194407,0.0,0.0,311.0732240864763,1.91,2.17,2.45,0.0018020017128720285,1.0976632193859688,0.0004136155965548325,1.0998788366953955,40.0,3.612769861194407,311.0732240864763,50.31570280063283
380,0.0,0.0,0.0,0.0,0.0,0.0,0.0,1.9,2.15,2.43,0.0016625335718024549,0.5285860709927114,0.00020664912698333898,0.5304552536914972,40.0,0.0,0.0,44.977567642247855
381,0.0,0.0,0.0,0.0,0.0,0.0,0.0,1.9,2.15,2.44,0.00152320806837387,0.0003216461702067308,0.0,0.0018448542385806007,40.0,0.0,0.0,40.02205553370036
382,2.3586992646341467,0.0,0.0,5.802400191,0.0,0.0,499.6087224492123,1.92,2.18,2.46,0.001384025056707104,0.0001607270987648192,0.0,0.0015447521554719232,40.0,5.802400191,499.6087224492123,40.01880712975976
383,1.888513979518072,0.0,0.0,4.702399809,0.0,0.0,404.8945063568625,1.94,2.2,2.49,0.0012449843910721818,0.0,0.0,0.0012449843910721818,40.0,4.702399809,404.8945063568625,40.0155623048884
384,1.8747273206238113,0.0,0.0028,4.702399809,0.0,0.16072709876481922,404.8945063568625,1.95,2.22,2.51,0.0011060859258884594,0.0,0.0,0.0011060859258884594,40.0,4.705199809,405.05523345562733,40.01382607407361
385,3.1317662657979795,0.0,0.0028,7.920191970854537,0.0,0.16072709876481922,681.9586484656421,1.97,2.23,2.53,0.0009673295157233121,0.0,0.3282223779455777,0.329189707461301,40.0,7.922991970854537,682.1193755644069,42.0634814811064
386,7.906144905336943,0.0,0.0196703707776558,19.980329629222343,0.0,1.1291291524003206,1720.382364465891,1.97,2.24,2.53,0.0008287150152937233,0.0009672467727040845,1.5982040382120024,1.6000000000000003,40.0,20.0,1721.5114936182913,50.00820211501029
387,2.0374584253867187,0.0,0.0,5.134395231974532,0.0,0.0,442.0909551145647,1.97,2.23,2.52,0.0006902422794649708,0.0008055575148890891,1.598504200205646,1.6,40.0,5.134395231974532,442.0909551145647,50.00683138148068
388,0.0,0.0,0.0,0.0,0.0,0.0,0.0,1.96,2.22,2.51,0.0005519111632507653,0.0006440611485654607,1.0628218575514556,1.0640178298632719,40.0,0.0,0.0,46.655573572505034
389,5.84033276503557,0.0,0.0,14.65923524023928,0.0,0.0,1262.215901932852,1.96,2.22,2.51,0.00041372152181309884,0.00048275744361817534,1.5991035210345688,1.6,40.0,14.65923524023928,1262.215901932852,50.00409437652264
390,1.660261182792528,0.0,0.0,4.15065295698132,0.0,0.0,357.3870041545851,1.95,2.21,2.5,0.0002756732104620929,0.0003216461702067308,0.990400382588816,0.9909977019694849,40.0,4.15065295698132,357.3870041545851,46.19646373915657
391,0.0,0.0,0.0,0.0,0.0,0.0,0.0,1.94,2.2,2.49,0.00013776608465584694,0.0001607270987648192,0.0,0.0002984931834206662,40.0,0.0,0.0,40.003228892609116
392,3.8256575223107574,0.0,0.0,9.602400381,0.0,0.0,826.8031898658883,1.95,2.21,2.51,0.0,0.0,0.0,0.0,40.0,9.602400381,826.8031898658883,40.0
393,3.297911158763097,0.0032,0.0028,8.402399619,0.13776608465555934,0.16072709876481922,723.478560763121,1.99,2.25,2.55,0.0,0.0,0.0,0.0,40.0,8.408399619,723.7770539465414,40.0
394,3.5625373945476917,0.006403276072505976,0.0028,9.251230768142785,0.27567321046180493,0.16072709876481922,796.5661507325462,2.03,2.3,2.6,0.00013776608465555933,0.0,0.14175292352116375,0.14189068960581933,40.0,9.260434044215291,797.0025510417729,40.887677848065465
395,8.346467963342697,0.0,14.443902894607463,5.556097105392537,0.0,829.1166453896543,478.4010901100102,2.04,2.32,2.62,0.0,0.8279669933275527,0.0,0.8279669933275527,40.0,20.0,1307.5177354996645,47.7621905624458
396,8.927816955238104,9.655701917973545,3.8418980820264554,6.5024,415.6963274501219,220.53469016936987,559.8813680401931,2.03,2.3,2.6,0.4151335589783172,1.0470903102287863,0.0,1.4622238692071035,40.0,20.0,1196.1123856596848,55.00564114562384
397,3.633265073142564,0.0,2.437434649864887,6.5024,0.0,139.9149284648665,559.8813680401931,1.98,2.25,2.55,0.4145713660642466,1.1854286339357536,0.0,1.6,40.0,8.939834649864887,699.7962965050597,56.29553551895077
398,2.497820243594324,0.0,0.037261307187456794,6.202399809,0.0,2.138893500151656,534.0502107214494,1.95,2.21,2.5,0.4140097481192724,1.1859902518807277,0.0,1.6,40.0,6.239661116187457,536.189104221601,56.293780462872725
399,2.579123174982538,0.0,0.03726297488690378,6.302400191,0.0,2.1389892303279865,542.6606239040746,1.92,2.17,2.46,0.41344870455535887,1.1865512954446413,0.0,1.6,40.0,6.339663165886904,544.7996131344025,56.2920272017355
400,3.569802862676473,0.0,7.63726454588074,0.0024,0.0,438.39834748529495,0.20664912698333898,1.89,2.14,2.43,0.41288823478507186,1.1871117652149281,0.0,1.6,40.0,7.6396645458807395,438.6049966122783,56.290275733703346
401,3.6978238189484576,0.0,7.837266496170731,0.0024,0.0,449.8789664915149,0.20664912698333898,1.87,2.12,2.4,0.412328338221578,1.1876716617784222,0.0,1.6,40.0,7.8396664961707305,450.08561561849825,56.28852605694243
402,0.0020099102851710844,0.0,0.0,0.004803685581558892,0.0,0.0,0.4136155965548325,1.86,2.11,2.39,0.41176901427864393,0.6987547911340137,0.00020664912698333898,1.110730454539641,40.0,0.004803685581558892,0.4136155965548325,51.69923040240807
403,8.608698207110061,0.0,18.164353217002226,0.0,0.0,1042.679926252921,0.0,1.86,2.11,2.38,0.4112102623706359,1.1887897376293641,0.0,1.6,40.0,18.164353217002226,1042.679926252921,56.28503206990823
404,4.637804163758957,0.0,9.737271096834984,0.0024,0.0,558.9440476002915,0.20664912698333898,1.85,2.1,2.38,0.4106520819125193,1.1893479180874809,0.0,1.6,40.0,9.739671096834984,559.1506967272749,56.28328775597662
405,3.9415811559944522,0.0,8.233668454481798,0.004803685581558892,0.0,472.6334438858115,0.4136155965548325,1.85,2.09,2.37,0.41009447231985746,1.1896988785531593,0.00020664912698333898,1.6,40.0,8.238472140063356,473.04705948236636,56.28089944747773
406,2.519651158713353,0.0,5.240874410123775,0.0,0.0,300.8394781892777,0.0,1.83,2.08,2.35,0.4095374330088118,1.1904625669911884,0.0,1.6,40.0,5.240874410123775,300.8394781892777,56.27980447815254
407,2.494853421669507,0.0,5.137276160227167,0.0024,0.0,294.8926759953511,0.20664912698333898,1.82,2.06,2.33,0.40898096339614065,1.1910190366038593,0.0,1.6,40.0,5.139676160227166,295.09932512233445,56.27806551061294
408,2.3346778214253354,0.0,4.737277716623865,0.0024,0.0,271.9317512272076,0.20664912698333898,1.79,2.03,2.3,0.40842506289937647,1.1915749371006235,0.0,1.5999999999999999,40.0,4.739677716623865,272.13840035419094,56.27632832156055
409,2.3197016785829563,0.0,4.637279463360603,0.0024,0.0,266.1915979670098,0.20664912698333898,1.76,2.0,2.26,0.40786973093611467,1.1921302690638855,0.0,1.6,40.0,4.639679463360602,266.3982470939931,56.27459290917536
410,2.3632190665184334,0.0,4.619204178350326,0.014455397049764793,0.0,265.1540307816352,1.2446646585547618,1.73,1.96,2.23,0.407314966925079,1.1916486091370797,0.001036423937841214,1.6,40.0,4.633659575400091,266.39869544018995,56.269620446835106
411,2.5337886539389713,0.0,4.940887875180994,0.0,0.0,283.6194905357548,0.0,1.72,1.95,2.21,0.40676077028541036,1.1924107272010591,0.0008285025135306403,1.6,40.0,4.940887875180994,283.6194905357548,56.26853833678711
412,0.9645836936304722,0.0,1.8712923656431162,0.0,0.0,107.41692602520476,0.0,1.71,1.94,2.19,0.40620714043684336,0.9999793768702647,0.0006208998960444766,1.4068074172031526,40.0,1.8712923656431162,107.41692602520476,54.45627653796955
413,0.0,0.0,0.0,0.0,0.0,0.0,0.0,1.7,1.93,2.18,0.4056540767997062,0.5800872742419823,0.0004136155965548325,0.9861549666382433,40.0,0.0,0.0,50.51157925349338
414,0.0,0.0,0.0,0.0,0.0,0.0,0.0,1.69,1.91,2.17,0.40510157879492015,0.0001607270987648192,0.00020664912698333898,0.40546895502066826,40.0,0.0,0.0,45.066568108531065
415,0.0,0.0,0.0,0.0,0.0,0.0,0.0,1.68,1.9,2.16,0.0002756732106378035,0.0,0.0,0.0002756732106378035,40.0,0.0,0.0,40.00344591513297
416,4.332430918884723,0.0,8.402799619,0.0024,0.0,482.3420015228565,0.20664912698333898,1.71,1.94,2.2,0.0001377660848313779,0.0,0.0,0.0001377660848313779,40.0,8.405199619,482.54865064983983,40.00172207606039
417,3.634286557449595,0.0,7.302800191,0.0024,0.0,419.19924555664204,0.20664912698333898,1.78,2.01,2.28,1.7563873968186484e-13,0.0,0.0,1.7563873968186484e-13,40.0,7.305200191,419.4058946836254,40.0000000000022
418,3.037227028897695,0.0031999999959203026,6.402800095,0.0024,0.13776608447992061,367.53695830016386,0.20664912698333898,1.86,2.11,2.39,0.0,0.0,0.0,0.0,40.0,6.40840009499592,367.8813735116271,40.0
419,2.72750383822257,0.0032,0.0028,6.702399809,0.13776608465555934,0.16072709876481922,577.1021121763117,1.92,2.18,2.46,0.0,0.0,0.0,0.0,40.0,6.708399809,577.4006053597321,40.0
420,9.625689569900972,13.9948,0.0028,6.0024,602.5027504805067,0.16072709876481922,516.8294665853308,1.94,2.2,2.49,0.6017489302939647,0.0,0.0,0.6017489302939647,40.0,20.0,1119.4929441646022,47.521861628674564
421,9.19327298351443,6.025863131304893,8.171736677695106,5.802400191,259.4248657094262,469.0784028842847,499.6087224492123,1.93,2.19,2.48,0.860155426311546,0.4683582679990476,0.0,1.3285136943105935,40.0,20.0,1228.1119910429231,55.1428015913854
422,5.008252162520243,0.0,10.66545594434239,0.0024,0.0,612.2242110493385,0.20664912698333898,1.88,2.13,2.41,0.8591380981324751,0.740861901867525,0.0,1.6,40.0,10.66785594434239,612.4308601763219,57.684806556663986
423,2.8901279245894647,0.0,5.835941377103033,0.0024,0.0,334.9978307511908,0.20664912698333898,1.78,2.02,2.29,0.8581218104009967,0.7418781895990034,0.0,1.6,40.0,5.838341377103033,335.20447987817414,57.68163065750311
424,3.4710987686783406,0.0,6.835944394924134,0.0024,0.0,392.4005392549227,0.20664912698333898,1.74,1.97,2.23,0.8571065620530179,0.7428934379469823,0.0,1.6,40.0,6.838344394924134,392.60718838190604,57.67845800641568
425,0.001085972850678733,0.0,0.0,0.0024,0.0,0.0,0.20664912698333898,1.72,1.95,2.21,0.8560923520255349,0.35770848795138044,0.0,1.2138008399769153,40.0,0.0024,0.20664912698333898,54.05467147486338
426,0.7042756927912663,0.0,1.3712199538841459,0.0024,0.0,78.71150177008141,0.20664912698333898,1.72,1.95,2.21,0.8550791792566307,0.0,0.0,0.8550791792566307,40.0,1.3736199538841458,78.91815089706475,50.68848974070788
427,3.8486757164404226,0.0,7.5028,0.0024,0.0,430.6797416473877,0.20664912698333898,1.72,1.95,2.21,0.8540670426854742,0.0,0.0,0.8540670426854742,40.0,7.505199999999999,430.886390774371,50.67583803356843
428,4.002521968235294,0.0,7.802800191,0.0024,0.0,447.9005131932169,0.20664912698333898,1.72,1.95,2.21,0.8530559412523196,0.0,0.0,0.8530559412523196,40.0,7.805200191,448.10716232020025,50.663199265653994
429,3.9512397210558072,0.0,7.702799809,0.0024,0.0,442.16023773813345,0.20664912698333898,1.72,1.95,2.21,0.852045873898505,0.0,0.0,0.852045873898505,40.0,7.705199809,442.3668868651168,50.650573423731316
430,8.803374651508996,0.0,17.162342024341168,0.004803685581558892,0.0,985.1619434221037,0.4136155965548325,1.72,1.95,2.21,0.8510368395664504,0.7487565113065664,0.00020664912698333898,1.6000000000000003,40.0,17.16714570992273,985.5755590186585,57.658844345123335
431,0.0,0.0,0.0,0.0,0.0,0.0,0.0,1.72,1.94,2.2,0.8500288371996582,0.5298333192493729,0.0,1.3798621564490312,40.0,0.0,0.0,55.592547832958594
432,0.008774324473365068,0.0,0.0,0.01930351384140315,0.0,0.0,1.6621059512653173,1.71,1.94,2.2,0.8490218657441968,0.3455717251572807,0.0014532251660016732,1.1960468160674793,40.0,0.01930351384140315,1.6621059512653173,53.861590902439474
433,1.8099755200548988,0.0,3.5113525089065036,0.0,0.0,201.56053624896833,0.0,1.71,1.94,2.19,0.8480159241427553,0.36858344382046854,0.0012446646585547619,1.2178440326217785,40.0,3.5113525089065036,201.56053624896833,54.063447991717304
434,0.0,0.0,0.0,0.0,0.0,0.0,0.0,1.7,1.93,2.18,0.8470110113435616,0.2017144309709131,0.001036423937841214,1.049761866252316,40.0,0.0,0.0,52.485188081758345
435,0.0,0.0,0.0,0.0,0.0,0.0,0.0,1.69,1.91,2.17,0.846007126294433,0.0006440611485654607,0.0008285025135306403,0.847479689956529,40.0,0.0,0.0,50.586305292657784
436,0.0,0.0,0.0,0.0,0.0,0.0,0.0,1.68,1.9,2.16,0.7073790781286142,0.00048275744361817534,0.0006208998960444766,0.7084827354682769,40.0,0.0,0.0,48.85064495199188
437,0.0,0.0,0.0,0.0,0.0,0.0,0.0,1.67,1.9,2.15,0.517283360991152,0.0003216461702067308,0.0004136155965548325,0.5180186227579135,40.0,0.0,0.0,46.47164254271356
438,0.0,0.0,0.0,0.0,0.0,0.0,0.0,1.67,1.89,2.15,0.24136631726923632,0.0001607270987648192,0.00020664912698333898,0.2417336934949845,40.0,0.0,0.0,43.01987733946002
439,0.0,0.0,0.0,0.0,0.0,0.0,0.0,1.68,1.9,2.15,0.0001377660861303453,0.0,0.0,0.0001377660861303453,40.0,0.0,0.0,40.001722076076625
440,2.5666244343891402,0.0,5.0028,0.0024,0.0,287.1734034645134,0.20664912698333898,1.72,1.95,2.21,1.4732776698749384e-12,0.0,0.0,1.4732776698749384e-12,40.0,5.005199999999999,287.38005259149674,40.00000000001842
441,2.281459602080697,0.003199999965779034,4.602799905,0.0024,0.13776608318228167,264.21238390201273,0.20664912698333898,1.78,2.02,2.29,0.0,0.0,0.0,0.0,40.0,4.608399904965779,264.55679911217834,40.0
442,2.0893597303216898,0.0032,4.402800095,0.0024,0.13776608465555934,252.73188775386444,0.20664912698333898,1.86,2.11,2.39,0.0,0.0,0.0,0.0,40.0,4.408400094999999,253.07630296550334,40.0
443,1.829677886210827,0.0032,3.802799952,0.1652450525079746,0.13776608465555934,218.29035838141206,14.228227432953735,1.91,2.16,2.45,0.0,0.0,0.014000078958956164,0.014000078958956164,40.0,3.9712450045079746,232.65635189902136,40.08750049349347
444,9.995534460077018,16.75739526648,0.0028,3.23980473352,721.4377296526727,0.16072709876481922,278.95950824099884,1.93,2.18,2.47,0.7205622716158657,0.0,0.0,0.7205622716158657,40.0,20.0,1000.5579649924364,49.00702839519832
445,10.016071826645685,16.494799999999998,0.0028,3.5024,710.1325041176624,0.16072709876481922,301.5699593110194,1.92,2.17,2.46,1.4290939423448181,0.0,0.0,1.4290939423448181,40.0,20.0,1011.8631905274466,57.86367427931023
446,4.027605580726155,4.0110158705504375,3.902800095,0.0024,172.6818599928261,224.03062011728957,0.20664912698333898,1.85,2.1,2.37,1.6,0.0,0.0,1.6,40.0,7.916215965550437,396.919129237099,60.0
447,2.0161483604330916,0.04124794207999827,3.902800095,0.0024,1.775802337643953,224.03062011728957,0.20664912698333898,1.73,1.96,2.22,1.6,0.0,0.0,1.6,40.0,3.9464480370799984,226.01307158191688,60.0
448,2.3983925346186927,0.0,4.602799905,0.0024,0.0,264.21238390201273,0.20664912698333898,1.7,1.92,2.18,1.5982260138209023,0.0,0.0,1.5982260138209023,40.0,4.605199905,264.41903302899607,59.977825172761285
449,2.3427281426944058,0.08245369883287879,4.402800095,0.0024,3.5497885167419914,252.73188775386444,0.20664912698333898,1.7,1.92,2.18,1.6,0.0,0.0,1.6,40.0,4.487653793832878,256.4883253975898,60.0
450,2.749492014694559,0.04124794207999827,5.202799809,0.0024,1.775802337643953,298.65389955525916,0.20664912698333898,1.69,1.91,2.17,1.6,0.0,0.0,1.6,40.0,5.246447751079998,300.63635101988643,60.0
451,2.9438038650121148,4.941248037080001,0.0028,0.0024,212.73012355639995,0.16072709876481922,0.20664912698333898,1.68,1.9,2.16,1.6,0.0,0.0,1.6,40.0,4.946448037080001,213.0974997821481,60.0
452,3.1410694677847815,5.2412477510799995,0.0028,0.0024,225.64568168001475,0.16072709876481922,0.20664912698333898,1.67,1.89,2.15,1.6,0.0,0.0,1.6,40.0,5.246447751079999,226.0130579057629,60.0
453,3.1599942855667105,5.241247751079996,0.0028,0.0024,225.64568168001458,0.16072709876481922,0.20664912698333898,1.66,1.88,2.13,1.6,0.0,0.0,1.6,40.0,5.246447751079995,226.01305790576274,60.0
454,1.8458099726324815,3.0412479420799983,0.0028,0.0024,130.93150670223082,0.16072709876481922,0.20664912698333898,1.65,1.87,2.12,1.6,0.0,0.0,1.6,40.0,3.0464479420799986,131.29888292797898,60.0
455,0.02276188142638195,0.0,0.025320731801406985,0.01930351384140315,0.0,1.4534742003722283,1.6621059512653173,1.64,1.86,2.11,1.4778039766029176,0.001291204884642849,0.0014532251660016732,1.4805484066535621,40.0,0.04462424564281013,3.1155801516375456,58.49373741061751
456,0.0,0.0,0.0,0.0,0.0,0.0,0.0,1.64,1.85,2.1,1.3471313499093287,0.0011291291524002647,0.0012446646585551713,1.349505143720284,40.0,0.0,0.0,56.85750661378633
457,0.0,0.0,0.0,0.0,0.0,0.0,0.0,1.63,1.84,2.09,1.2294947247475572,0.0009672467727040285,0.001036423937841623,1.2314983954581027,40.0,0.0,0.0,55.38422964745007
458,0.0,0.0,0.0,0.0,0.0,0.0,0.0,1.62,1.84,2.08,1.0775721147027006,0.0008055575148890333,0.0008285025135310485,1.0792061747311208,40.0,0.0,0.0,53.482381676195416
459,0.0,0.0,0.0,0.0,0.0,0.0,0.0,1.62,1.84,2.08,0.9387072390906364,0.0006440611485654049,0.0006208998960448843,0.9399722001352466,40.0,0.0,0.0,51.74375918625104
460,0.0,0.0,0.0,0.0,0.0,0.0,0.0,1.62,1.84,2.08,0.7913828078886975,0.0004827574436181196,0.0004136155965552395,0.792279180928871,40.0,0.0,0.0,49.89939604712111
461,0.0,0.0,0.0,0.0,0.0,0.0,0.0,1.62,1.83,2.08,0.5366893712262599,0.0003216461702066752,0.00020664912698374534,0.5372176665234504,40.0,0.0,0.0,46.71292413021759
462,0.0,0.0,0.0,0.0,0.0,0.0,0.0,1.62,1.83,2.08,0.22634619584293608,0.00016072709876476367,0.0,0.22650692294170086,40.0,0.0,0.0,42.830834264587615
463,1.1948174484336502,1.9456806706119218,0.0,0.0024,83.76525249381484,0.0,0.20664912698333898,1.63,1.84,2.09,0.0,0.0,0.0,0.0,40.0,1.9480806706119218,83.97190162079818,40.0
464,3.4076068117506026,0.0032,6.5028,0.0024,0.13776608465555934,373.277206374238,0.20664912698333898,1.69,1.91,2.17,0.0,0.0,0.0,0.0,40.0,6.508399999999999,373.6216215858769,40.0
465,3.01936726054515,0.0032,6.0028,0.0024,0.13776608465555934,344.57593873766314,0.20664912698333898,1.76,1.99,2.25,0.0,0.0,0.0,0.0,40.0,6.008399999999999,344.920353949302,40.0
466,3.11095338464189,0.0032,6.402800095,0.0024,0.13776608465555934,367.53695830016386,0.20664912698333898,1.81,2.06,2.33,0.0,0.0,0.0,0.0,40.0,6.408400094999999,367.88137351180274,40.0
467,6.69554533662403,0.0032,14.052774228376656,0.004803685581558892,0.13776608465555934,806.6648683300003,0.4136155965548325,1.85,2.1,2.38,0.0,0.4730044684681122,0.00020664912698333898,0.47321111759509554,40.0,14.060777913958214,807.2162500112107,44.435708448932196
468,10.638297872340425,20.0,0.0,0.0,861.0380290972458,0.0,0.0,1.88,2.13,2.41,0.8600197982576941,0.13400871759999616,0.0,0.9940285158576903,40.0,20.0,861.0380290972458,52.00657920572114
469,10.520329900527441,17.229343629749856,2.768256370253386,0.0024,741.7560040799501,158.9049339385914,0.20664912698333898,1.87,2.12,2.41,1.6,0.0,0.0,1.6,40.0,20.000000000003244,900.8675871455249,60.0
470,2.5371192048854905,0.04124794207999827,5.202799809,0.0024,1.775802337643953,298.65389955525916,0.20664912698333898,1.82,2.07,2.34,1.6,0.0,0.0,1.6,40.0,5.246447751079998,300.63635101988643,60.0
471,2.8982980550379174,0.04124794207999827,5.602799905,0.0024,1.775802337643953,321.6149191751624,0.20664912698333898,1.72,1.95,2.21,1.6,0.0,0.0,1.6,40.0,5.646447847079998,323.5973706397897,60.0
472,3.539047128208866,5.941248037080001,0.0028,0.0024,255.78202501126222,0.16072709876481922,0.20664912698333898,1.68,1.9,2.15,1.6,0.0,0.0,1.6,40.0,5.946448037080001,256.1494012370104,60.0
473,3.4404758816469077,5.7412477510799995,0.0028,0.0024,247.17163240744588,0.16072709876481922,0.20664912698333898,1.67,1.89,2.14,1.6,0.0,0.0,1.6,40.0,5.746447751079999,247.53900863319404,60.0
474,3.7624039241209277,6.241247751079996,0.0028,0.0024,268.6975831348769,0.16072709876481922,0.20664912698333898,1.66,1.88,2.13,1.6,0.0,0.0,1.6,40.0,6.246447751079995,269.06495936062504,60.0
475,0.005262330240243574,0.0,0.0056033443240125,0.004803685581558892,0.0,0.3216461702067308,0.4136155965548325,1.65,1.87,2.12,1.2971709156149964,0.0001607270987648192,0.00020664912698333898,1.2975382918407448,40.0,0.01040702990557139,0.7352617667615633,56.21743481878202
476,8.95472389605802,14.775294428495734,0.0,0.0,636.1045197021742,0.0,0.0,1.65,1.86,2.11,1.6,0.0,0.0,1.6,40.0,14.775294428495734,636.1045197021742,60.0
477,4.539994597560115,7.441248037080001,0.0028,0.0024,320.3598771935557,0.16072709876481922,0.20664912698333898,1.64,1.86,2.1,1.6,0.0,0.0,1.6,40.0,7.446448037080001,320.72725341930385,60.0
478,2.7273538861607096,4.441248037080001,0.0028,0.0024,191.2041728289688,0.16072709876481922,0.20664912698333898,1.63,1.85,2.09,1.6,0.0,0.0,1.6,40.0,4.446448037080001,191.57154905471697,60.0
479,0.016070731505276672,0.0,0.025320731801406985,0.004803685581558892,0.0,1.4534742003722283,0.4136155965548325,1.62,1.84,2.08,1.44339768168647,0.001291204884642849,0.00020664912698333898,1.4448955356980961,40.0,0.030124417382965875,1.8670897969270608,58.05586762391805
480,4.600319587649851,7.45251773199276,0.0,0.0,320.84505898836613,0.0,0.0,1.62,1.83,2.07,1.5988708708475998,0.0011291291524002647,0.0,1.6,40.0,7.45251773199276,320.84505898836613,59.996471471398756
481,0.008153427830963884,0.0,0.0,0.016877595610095237,0.0,0.0,1.453225166001673,1.61,1.82,2.07,1.433668131067557,0.0009672467727040285,0.0012446646585547619,1.4358800424988156,40.0,0.016877595610095237,1.453225166001673,57.93769873095453
482,0.0,0.0,0.0,0.0,0.0,0.0,0.0,1.6,1.81,2.05,1.2686343483619138,0.0008055575148890333,0.001036423937841214,1.2704763298146442,40.0,0.0,0.0,55.871959105837504
483,0.0,0.0,0.0,0.0,0.0,0.0,0.0,1.59,1.8,2.04,1.0994685566665892,0.0006440611485654049,0.0008285025135306403,1.1009411203286852,40.0,0.0,0.0,53.754573172309726
484,0.0,0.0,0.0,0.0,0.0,0.0,0.0,1.58,1.78,2.02,0.9175734261089593,0.0004827574436181196,0.0006208998960444766,0.918677083448622,40.0,0.0,0.0,51.47807430174618
485,0.0,0.0,0.0,0.0,0.0,0.0,0.0,1.57,1.77,2.01,0.6713525176030213,0.0003216461702066752,0.0004136155965548325,0.6720877793697828,40.0,0.0,0.0,48.39750700036193
486,0.0,0.0,0.0,0.0,0.0,0.0,0.0,1.55,1.75,1.99,0.3565708152236491,0.00016072709876476367,0.00020664912698333898,0.35693819144939715,40.0,0.0,0.0,44.45993356389018
487,0.0,0.0,0.0,0.0,0.0,0.0,0.0,1.55,1.75,1.98,0.05931420075354351,0.0,0.0,0.05931420075354351,40.0,0.0,0.0,40.74142750941929
488,3.206132021594773,5.125462925698383,0.0028,0.0024,220.66092478771694,0.16072709876481922,0.20664912698333898,1.6,1.81,2.05,0.0,0.0,0.0,0.0,40.0,5.130662925698382,221.0283010134651,40.0
489,3.1973097672701947,5.303200191,0.0028,0.0024,228.31285201833887,0.16072709876481922,0.20664912698333898,1.66,1.88,2.14,0.0,0.0,0.0,0.0,40.0,5.308400191,228.68022824408703,40.0
490,2.3275416547619048,0.0032,4.602799905,0.0024,0.13776608465555934,264.21238390201273,0.20664912698333898,1.75,1.98,2.25,0.0,0.0,0.0,0.0,40.0,4.608399905,264.5567991136516,40.0
491,3.995599250944239,0.0032,8.225170579582839,0.0024,0.13776608465555934,472.14564432217725,0.20664912698333898,1.81,2.06,2.33,0.0,0.21915200110414135,0.0,0.21915200110414135,40.0,8.230770579582838,472.4900595338161,42.05455001035132
492,10.78042206489126,19.512610295267,0.484989704733,0.0024,840.0549755589662,27.8396386330505,0.20664912698333898,1.85,2.09,2.37,0.8390582046258453,0.0,0.0,0.8390582046258453,40.0,20.0,868.1012633190002,50.48822755782307
493,10.117378641619931,9.226153502538459,10.77144649746154,0.0024,397.2034513987183,618.308337513381,0.20664912698333898,1.85,2.1,2.38,1.2348596743686773,0.3651403256313234,0.0,1.6000000000000008,40.0,20.0,1015.7184380390827,58.858936482402136
494,3.102933029750263,5.645471447478812,0.0,0.0024,243.0482804230966,0.0,0.20664912698333898,1.82,2.06,2.34,1.4762588352752588,0.12374116472474128,0.0,1.6,40.0,5.647871447478812,243.25492955007994,59.61330886023518
495,2.2405155396949383,0.0,4.434108768595978,0.0024,0.0,254.5290849943131,0.20664912698333898,1.75,1.98,2.25,1.474611402355523,0.12538859764447707,0.0,1.6,40.0,4.436508768595978,254.73573412129645,59.608160632361006
496,1.2139908210831034,0.0,2.338120003422892,0.01930351384140315,0.0,134.21401596933953,1.6621059512653173,1.72,1.94,2.2,1.4729656543076408,0.0011291291524003204,0.0014532251660016732,1.4755480086260429,40.0,2.357423517264295,135.87612192060485,58.43173892193678
497,0.0,0.0,0.0,0.0,0.0,0.0,0.0,1.69,1.91,2.17,1.2519814505156097,0.0009672467727040845,0.0012446646585547619,1.2541933619468684,40.0,0.0,0.0,55.66661522405519
498,0.0,0.0,0.0,0.0,0.0,0.0,0.0,1.65,1.87,2.12,0.9925161647895291,0.0008055575148890891,0.001036423937841214,0.9943581462422594,40.0,0.0,0.0,52.42048181118271
499,0.0,0.0,0.0,0.0,0.0,0.0,0.0,1.61,1.83,2.07,0.7419178068785062,0.0006440611485654607,0.0008285025135306403,0.7433903705406022,40.0,0.0,0.0,49.2851887999587
500,0.0,0.0,0.0,0.0,0.0,0.0,0.0,1.58,1.79,2.03,0.4915757423283464,0.00048275744361817534,0.0006208998960444766,0.49267939966800905,40.0,0.0,0.0,46.15310325448853
501,0.0,0.0,0.0,0.0,0.0,0.0,0.0,1.56,1.76,2.0,0.25009129555596915,0.0003216461702067308,0.0004136155965548325,0.25082655732273074,40.0,0.0,0.0,43.13174172477377
502,0.0,0.0,0.0,0.0,0.0,0.0,0.0,1.55,1.75,1.98,0.11207270577736687,0.0001607270987648192,0.00020664912698333898,0.11244008200311503,40.0,0.0,0.0,41.40370719581165
503,0.0,0.0,0.0,0.0,0.0,0.0,0.0,1.53,1.73,1.96,0.0,0.0,0.0,0.0,40.0,0.0,0.0,40.0
