index,py_P_elec,py_P_heat_60,py_P_heat_55,py_P_heat_50,py_m_hs_60,py_m_hs_55,py_m_hs_50,py_COP_60,py_COP_55,py_COP_50,py_V_60,py_V_55,py_V_50,py_V_total,py_T_return,py_P_heat_total,m_ges,py_T_m,Time,ts_m_heatspace,ts_T_amb,ts_P_heatspace,ts_T_m,ts_P_heat,ts_m_flow
0,0.636,0.000,0.000,1.729,0.000,0.000,148.884,2.130,2.410,2.720,0.533,0.533,0.535,1.600,40.000,1.729,148.884,54.993,0.000,146.376,6.286,1.700,49.829,0.000,0.000
1,0.638,0.000,0.000,1.729,0.000,0.000,148.885,2.110,2.390,2.710,0.532,0.532,0.536,1.600,40.000,1.729,148.885,54.986,1.000,146.376,5.997,1.700,52.317,0.000,0.000
2,0.680,0.000,0.000,1.829,0.000,0.000,157.496,2.100,2.380,2.690,0.531,0.531,0.538,1.600,40.000,1.829,157.496,54.980,2.000,154.987,5.705,1.800,50.851,0.000,0.000
3,0.645,0.000,0.000,1.729,0.000,0.000,148.886,2.090,2.370,2.680,0.531,0.530,0.539,1.600,40.000,1.729,148.886,54.973,3.000,146.376,5.534,1.700,49.469,0.000,0.000
4,0.659,0.000,0.000,1.760,0.000,0.000,151.505,2.080,2.360,2.670,0.530,0.529,0.535,1.594,40.000,1.760,151.505,54.929,4.000,154.987,5.451,1.800,48.011,0.000,0.000
5,0.000,0.000,0.000,0.000,0.000,0.000,0.000,2.070,2.350,2.660,0.529,0.529,0.310,1.368,40.000,0.000,0.000,53.510,5.000,223.870,5.241,2.600,45.919,0.000,0.000
6,0.000,0.000,0.000,0.000,0.000,0.000,0.000,2.070,2.350,2.650,0.529,0.528,0.000,1.056,40.000,0.000,0.000,51.555,6.000,309.974,5.217,3.600,43.040,0.000,0.000
7,1.242,0.000,0.000,3.302,0.000,0.000,284.349,2.080,2.350,2.660,0.528,0.527,0.000,1.055,40.000,3.302,284.349,51.539,7.000,284.143,5.286,3.300,41.126,0.000,0.000
8,1.162,0.000,0.000,3.102,0.000,0.000,267.128,2.090,2.360,2.670,0.527,0.526,0.000,1.053,40.000,3.102,267.128,51.523,8.000,266.922,5.491,3.100,40.048,0.000,0.000
9,1.042,0.000,0.000,2.802,0.000,0.000,241.297,2.100,2.380,2.690,0.527,0.525,0.000,1.052,40.000,2.802,241.297,51.507,9.000,241.091,5.688,2.800,40.032,0.000,0.000
10,1.005,0.000,0.000,2.702,0.000,0.000,232.687,2.100,2.380,2.690,0.526,0.525,0.000,1.050,40.000,2.702,232.687,51.492,10.000,232.480,5.828,2.700,40.018,0.187,16.118
11,0.850,0.000,0.000,2.302,0.000,0.000,198.245,2.110,2.390,2.710,0.525,0.524,0.000,1.049,40.000,2.302,198.245,51.476,11.000,198.039,5.999,2.300,40.006,2.302,198.245
12,0.733,0.000,0.000,2.002,0.000,0.000,172.414,2.130,2.410,2.730,0.525,0.523,0.000,1.048,40.000,2.002,172.414,51.460,12.000,172.208,6.310,2.000,39.995,2.005,172.575
13,0.655,0.000,0.000,1.802,0.000,0.000,155.193,2.150,2.440,2.750,0.524,0.522,0.000,1.046,40.000,1.802,155.193,51.444,13.000,154.987,6.725,1.800,41.870,11.200,694.632
14,4.771,0.000,9.686,2.202,0.000,556.022,189.635,2.150,2.440,2.750,0.523,1.077,0.000,1.600,40.000,11.889,745.657,56.635,14.000,189.428,6.698,2.200,51.530,20.000,1211.262
15,0.902,0.000,0.037,2.402,0.000,2.120,206.856,2.120,2.400,2.710,0.522,1.078,0.000,1.600,40.000,2.439,208.976,56.633,15.000,206.649,6.085,2.400,51.530,2.441,209.058
16,0.800,0.000,0.000,2.127,0.000,0.000,183.146,2.070,2.350,2.660,0.522,1.076,0.002,1.600,40.000,2.127,183.146,56.624,16.000,180.818,5.250,2.100,51.531,2.141,183.227
17,0.812,0.000,0.000,2.127,0.000,0.000,183.147,2.050,2.320,2.620,0.521,1.075,0.004,1.600,40.000,2.127,183.147,56.615,17.000,180.818,4.751,2.100,51.544,2.141,183.227
18,0.898,0.000,0.000,2.327,0.000,0.000,200.368,2.020,2.290,2.590,0.520,1.073,0.006,1.600,40.000,2.327,200.368,56.607,18.000,198.039,4.214,2.300,51.559,2.341,200.448
19,0.952,0.000,0.000,2.427,0.000,0.000,208.980,1.990,2.250,2.550,0.520,1.072,0.008,1.600,40.000,2.427,208.980,56.598,19.000,206.649,3.543,2.400,51.576,2.441,209.058
20,1.007,0.000,0.000,2.527,0.000,0.000,217.591,1.960,2.220,2.510,0.519,1.070,0.011,1.600,40.000,2.527,217.591,56.589,20.000,215.260,3.000,2.500,51.594,2.541,217.669
21,0.971,0.000,0.000,2.427,0.000,0.000,208.981,1.950,2.210,2.500,0.518,1.069,0.013,1.600,40.000,2.427,208.981,56.581,21.000,206.649,2.710,2.400,51.613,2.441,209.058
22,0.395,0.000,0.000,0.979,0.000,0.000,84.333,1.930,2.190,2.480,0.518,1.067,0.002,1.587,40.000,0.979,84.333,56.493,22.000,94.714,2.373,1.100,51.622,1.136,97.124
23,0.000,0.000,0.000,0.000,0.000,0.000,0.000,1.900,2.150,2.430,0.517,1.014,0.002,1.533,40.000,0.000,0.000,55.986,23.000,77.493,1.691,0.900,50.880,0.000,0.000
24,0.000,0.000,0.000,0.000,0.000,0.000,0.000,1.860,2.110,2.390,0.516,0.956,0.002,1.474,40.000,0.000,0.000,55.426,24.000,86.104,1.013,1.000,50.061,0.000,0.000
25,0.000,0.000,0.000,0.000,0.000,0.000,0.000,1.870,2.130,2.410,0.516,0.845,0.001,1.363,40.000,0.000,0.000,54.383,25.000,163.597,1.227,1.900,48.526,0.000,0.000
26,0.000,0.000,0.000,0.000,0.000,0.000,0.000,1.900,2.150,2.430,0.515,0.741,0.001,1.257,40.000,0.000,0.000,53.395,26.000,154.987,1.679,1.800,47.076,0.000,0.000
27,0.000,0.000,0.000,0.000,0.000,0.000,0.000,1.900,2.160,2.440,0.514,0.625,0.001,1.141,40.000,0.000,0.000,52.300,27.000,172.208,1.818,2.000,45.943,1.131,65.325
28,0.000,0.000,0.000,0.000,0.000,0.000,0.000,1.890,2.140,2.420,0.514,0.475,0.001,0.990,40.000,0.000,0.000,50.885,28.000,223.870,1.477,2.600,43.873,0.000,0.000
29,0.000,0.000,0.000,0.000,0.000,0.000,0.000,1.870,2.120,2.400,0.513,0.268,0.001,0.782,40.000,0.000,0.000,48.933,29.000,309.974,1.127,3.600,41.631,0.000,0.000
30,0.000,0.000,0.000,0.000,0.000,0.000,0.000,1.850,2.100,2.380,0.477,0.000,0.000,0.477,40.000,0.000,0.000,45.963,30.000,473.571,0.765,5.500,40.023,0.000,0.000
31,0.000,0.000,0.000,0.000,0.000,0.000,0.000,1.840,2.090,2.360,0.257,0.000,0.000,0.257,40.000,0.000,0.000,43.210,31.000,439.129,0.510,5.100,40.009,0.000,0.000
32,0.000,0.000,0.000,0.000,0.000,0.000,0.000,1.870,2.120,2.400,0.063,0.000,0.000,0.063,40.000,0.000,0.000,40.783,32.000,387.467,1.148,4.500,39.998,0.000,0.000
33,1.775,0.000,0.000,4.402,0.000,0.000,379.063,1.930,2.190,2.480,0.062,0.000,0.000,0.062,40.000,4.402,379.063,40.779,33.000,378.857,2.368,4.400,39.995,4.405,379.224
34,1.610,0.000,0.003,4.102,0.000,0.161,353.232,1.990,2.250,2.550,0.062,0.000,0.000,0.062,40.000,4.105,353.393,40.777,34.000,353.026,3.581,4.100,39.992,4.105,353.393
35,1.535,0.000,0.003,4.002,0.000,0.161,344.622,2.030,2.300,2.610,0.062,0.000,0.000,0.062,40.000,4.005,344.783,40.774,35.000,344.415,4.443,4.000,39.989,4.005,344.783
36,8.433,0.000,16.198,3.802,0.000,929.783,327.401,2.050,2.320,2.620,0.062,0.929,0.000,0.990,40.000,20.000,1257.184,49.477,36.000,327.194,4.720,3.800,45.061,20.000,1256.858
37,6.110,0.000,10.661,3.902,0.000,611.945,336.011,2.040,2.310,2.610,0.062,1.538,0.000,1.600,40.000,14.563,947.957,55.192,37.000,335.805,4.549,3.900,51.345,15.618,1008.510
38,1.430,0.000,0.038,3.602,0.000,2.199,310.180,1.990,2.250,2.550,0.061,1.539,0.000,1.600,40.000,3.641,312.379,55.192,38.000,309.974,3.514,3.600,51.341,3.641,312.389
39,1.812,0.000,3.838,0.002,0.000,220.329,0.207,1.870,2.120,2.400,0.061,1.539,0.000,1.600,40.000,3.841,220.535,55.191,39.000,327.194,1.164,3.800,50.332,3.841,220.545
40,2.097,0.000,4.338,0.002,0.000,249.030,0.207,1.830,2.070,2.350,0.061,1.539,0.000,1.600,40.000,4.341,249.237,55.190,40.000,370.246,0.193,4.300,49.189,4.341,249.247
41,2.044,0.000,4.134,0.017,0.000,237.328,1.453,1.790,2.030,2.300,0.061,1.528,0.001,1.590,40.000,4.151,238.781,55.088,41.000,370.246,-0.570,4.300,48.049,4.341,249.247
42,0.000,0.000,0.000,0.000,0.000,0.000,0.000,1.760,1.990,2.250,0.061,1.239,0.001,1.300,40.000,0.000,0.000,52.378,42.000,430.519,-1.408,5.000,44.445,0.012,1.036
43,0.000,0.000,0.000,0.000,0.000,0.000,0.000,1.720,1.950,2.210,0.060,0.951,0.001,1.012,40.000,0.000,0.000,49.671,43.000,430.519,-2.167,5.000,42.121,0.000,0.000
44,0.000,0.000,0.000,0.000,0.000,0.000,0.000,1.700,1.930,2.190,0.060,0.651,0.001,0.712,40.000,0.000,0.000,46.860,44.000,447.740,-2.645,5.200,40.024,0.000,0.000
45,0.000,0.000,0.000,0.000,0.000,0.000,0.000,1.700,1.920,2.180,0.060,0.329,0.000,0.390,40.000,0.000,0.000,43.838,45.000,482.181,-2.733,5.600,40.009,0.000,0.000
46,0.000,0.000,0.000,0.000,0.000,0.000,0.000,1.720,1.940,2.200,0.060,0.122,0.000,0.182,40.000,0.000,0.000,41.894,46.000,309.974,-2.325,3.600,39.998,0.000,0.000
47,0.000,0.000,0.000,0.000,0.000,0.000,0.000,1.750,1.980,2.250,0.005,0.000,0.000,0.005,40.000,0.000,0.000,40.060,47.000,292.753,-1.550,3.400,39.989,0.053,3.116
48,1.785,0.000,3.603,0.002,0.000,206.810,0.207,1.780,2.020,2.280,0.005,0.000,0.000,0.005,40.000,3.605,207.016,40.058,48.000,309.974,-0.877,3.600,39.984,3.605,207.016
49,1.686,0.000,3.403,0.002,0.000,195.329,0.207,1.790,2.020,2.290,0.004,0.000,0.000,0.004,40.000,3.405,195.536,40.056,49.000,292.753,-0.699,3.400,39.980,3.405,195.536
50,1.636,0.000,3.303,0.002,0.000,189.589,0.207,1.790,2.020,2.290,0.004,0.000,0.000,0.004,40.000,3.305,189.796,40.054,50.000,284.143,-0.711,3.300,39.976,3.305,189.796
51,1.579,0.000,3.203,0.002,0.000,183.849,0.207,1.790,2.030,2.300,0.004,0.000,0.000,0.004,40.000,3.205,184.055,40.052,51.000,275.532,-0.693,3.200,39.973,3.205,184.055
52,1.776,0.000,3.603,0.002,0.000,206.810,0.207,1.790,2.030,2.300,0.004,0.000,0.000,0.004,40.000,3.605,207.016,40.051,52.000,309.974,-0.576,3.600,39.971,3.605,207.016
53,2.588,0.000,5.303,0.002,0.000,304.394,0.207,1.810,2.050,2.320,0.004,0.000,0.000,0.004,40.000,5.305,304.601,40.049,53.000,456.350,-0.261,5.300,39.973,5.305,304.601
54,3.191,0.000,6.603,0.002,0.000,379.017,0.207,1.820,2.070,2.340,0.004,0.000,0.000,0.004,40.000,6.605,379.224,40.047,54.000,568.285,0.114,6.600,39.976,6.605,379.224
55,2.887,0.000,6.003,0.002,0.000,344.576,0.207,1.840,2.080,2.360,0.004,0.000,0.000,0.004,40.000,6.005,344.783,40.045,55.000,516.623,0.414,6.000,39.977,6.008,344.920
56,2.230,0.000,4.703,0.002,0.000,269.953,0.207,1.860,2.110,2.390,0.003,0.000,0.000,0.003,40.000,4.705,270.159,40.044,56.000,404.688,0.861,4.700,39.976,4.708,270.297
57,1.918,0.000,4.103,0.002,0.000,235.511,0.207,1.890,2.140,2.420,0.003,0.000,0.000,0.003,40.000,4.105,235.718,40.042,57.000,353.026,1.458,4.100,39.974,4.108,235.856
58,1.824,0.000,0.003,4.502,0.000,0.161,387.674,1.920,2.180,2.470,0.003,0.000,0.000,0.003,40.000,4.505,387.834,40.040,58.000,387.467,2.221,4.500,39.975,4.508,387.972
59,1.556,0.000,0.003,3.902,0.000,0.161,336.011,1.960,2.220,2.510,0.003,0.000,0.000,0.003,40.000,3.905,336.172,40.038,59.000,335.805,2.915,3.900,39.974,3.908,336.310
60,5.500,0.000,2.156,11.525,0.000,123.751,992.323,1.980,2.240,2.540,0.003,0.123,0.655,0.782,40.000,13.681,1116.074,45.289,60.000,335.805,3.333,3.900,42.574,13.751,1119.138
61,8.889,0.000,20.000,0.000,0.000,1148.051,0.000,1.980,2.250,2.540,0.003,1.270,0.327,1.600,40.000,20.000,1148.051,53.986,61.000,327.194,3.431,3.800,49.736,20.000,1148.051
62,2.575,0.000,5.742,0.000,0.000,329.610,0.000,1.960,2.230,2.520,0.003,1.597,0.000,1.600,40.000,5.742,329.610,55.008,62.000,327.194,3.076,3.800,49.733,5.742,329.610
63,1.436,0.000,0.038,3.502,0.000,2.209,301.570,1.920,2.180,2.470,0.003,1.597,0.000,1.600,40.000,3.541,303.779,55.008,63.000,301.363,2.237,3.500,49.730,3.541,303.779
64,1.425,0.000,0.000,3.505,0.000,0.000,301.777,1.920,2.170,2.460,0.002,1.595,0.000,1.598,40.000,3.505,301.777,54.988,64.000,301.363,2.097,3.500,49.715,3.505,301.777
65,1.787,0.000,3.877,0.000,0.000,222.545,0.000,1.910,2.170,2.450,0.002,1.598,0.000,1.600,40.000,3.877,222.545,55.007,65.000,327.194,1.970,3.800,48.793,3.877,222.545
66,1.701,0.000,3.638,0.002,0.000,208.858,0.207,1.890,2.140,2.430,0.002,1.598,0.000,1.600,40.000,3.641,209.065,55.007,66.000,309.974,1.588,3.600,47.904,3.641,209.065
67,2.140,0.000,4.531,0.007,0.000,260.107,0.621,1.870,2.120,2.400,0.002,1.598,0.000,1.600,40.000,4.538,260.727,55.005,67.000,387.467,1.191,4.500,46.796,4.538,260.727
68,0.000,0.000,0.000,0.000,0.000,0.000,0.000,1.850,2.100,2.380,0.002,1.326,0.000,1.328,40.000,0.000,0.000,52.456,68.000,404.688,0.779,4.700,43.323,0.000,0.000
69,0.000,0.000,0.000,0.000,0.000,0.000,0.000,1.850,2.100,2.380,0.002,1.084,0.000,1.085,40.000,0.000,0.000,50.179,69.000,361.636,0.710,4.200,41.664,0.000,0.000
70,2.358,0.000,4.956,0.022,0.000,284.486,1.871,1.860,2.110,2.390,0.002,1.206,0.002,1.209,40.000,4.978,286.357,51.333,70.000,241.091,0.869,2.800,41.969,4.975,286.218
71,0.000,0.000,0.000,0.000,0.000,0.000,0.000,1.860,2.100,2.380,0.001,1.067,0.001,1.069,40.000,0.000,0.000,50.025,71.000,206.649,0.809,2.400,41.121,0.000,0.000
72,0.000,0.000,0.000,0.000,0.000,0.000,0.000,1.840,2.090,2.370,0.001,0.922,0.001,0.924,40.000,0.000,0.000,48.665,72.000,215.260,0.573,2.500,40.409,0.000,0.000
73,0.000,0.000,0.000,0.000,0.000,0.000,0.000,1.830,2.080,2.360,0.001,0.771,0.001,0.774,40.000,0.000,0.000,47.252,73.000,223.870,0.357,2.600,40.002,0.000,0.000
74,0.000,0.000,0.000,0.000,0.000,0.000,0.000,1.830,2.070,2.350,0.001,0.616,0.001,0.617,40.000,0.000,0.000,45.788,74.000,232.480,0.226,2.700,39.992,0.000,0.000
75,0.000,0.000,0.000,0.000,0.000,0.000,0.000,1.830,2.070,2.350,0.001,0.448,0.001,0.450,40.000,0.000,0.000,44.218,75.000,249.701,0.213,2.900,39.983,0.000,0.000
76,0.000,0.000,0.000,0.000,0.000,0.000,0.000,1.830,2.070,2.350,0.001,0.264,0.000,0.265,40.000,0.000,0.000,42.488,76.000,275.532,0.258,3.200,39.976,0.000,0.000
77,0.000,0.000,0.000,0.000,0.000,0.000,0.000,1.830,2.080,2.350,0.001,0.000,0.000,0.001,40.000,0.000,0.000,40.008,77.000,396.077,0.321,4.600,39.971,0.000,0.000
78,2.920,0.000,6.103,0.000,0.000,350.316,0.000,1.840,2.090,2.360,0.000,0.000,0.000,0.000,40.000,6.103,350.316,40.005,78.000,525.233,0.467,6.100,39.974,6.103,350.316
79,3.065,0.000,6.403,0.002,0.000,367.537,0.207,1.850,2.090,2.370,0.000,0.000,0.000,0.000,40.000,6.405,367.744,40.003,79.000,551.064,0.651,6.400,39.977,6.405,367.744
80,2.562,0.000,5.403,0.002,0.000,310.134,0.207,1.860,2.110,2.390,0.000,0.000,0.000,0.000,40.000,5.405,310.341,40.002,80.000,464.961,0.945,5.400,39.977,5.405,310.341
81,2.068,0.000,4.403,0.002,0.000,252.732,0.207,1.880,2.130,2.410,0.000,0.000,0.000,0.000,40.000,4.405,252.939,40.000,81.000,378.857,1.260,4.400,39.975,4.408,253.076
82,2.144,0.003,4.603,0.002,0.138,264.212,0.207,1.900,2.150,2.430,0.000,0.000,0.000,0.000,40.000,4.608,264.557,40.000,82.000,396.077,1.682,4.600,39.974,4.608,264.557
83,1.859,0.003,0.003,4.602,0.138,0.161,396.284,1.930,2.190,2.480,0.000,0.000,0.000,0.000,40.000,4.608,396.583,40.000,83.000,396.077,2.364,4.600,39.975,4.608,396.583
84,1.717,0.003,0.003,4.302,0.138,0.161,370.453,1.960,2.220,2.510,0.000,0.000,0.000,0.000,40.000,4.308,370.752,40.000,84.000,370.246,2.969,4.300,39.975,4.308,370.752
85,8.754,0.035,15.762,4.202,1.523,904.791,361.843,1.970,2.230,2.520,0.001,0.904,0.000,0.905,40.000,20.000,1268.157,48.488,85.000,361.636,3.146,4.200,44.796,20.000,1268.157
86,7.146,0.000,12.147,4.202,0.000,697.274,361.843,1.960,2.220,2.510,0.001,1.599,0.000,1.600,40.000,16.349,1059.116,55.004,86.000,361.636,2.976,4.200,51.308,16.349,1059.116
87,1.833,0.000,0.038,4.502,0.000,2.209,387.674,1.940,2.190,2.480,0.001,1.599,0.000,1.600,40.000,4.541,389.883,55.003,87.000,387.467,2.510,4.500,51.306,4.541,389.883
88,1.998,0.000,0.000,4.914,0.000,0.000,423.153,1.920,2.170,2.460,0.001,1.597,0.001,1.599,40.000,4.914,423.153,54.989,88.000,421.909,2.143,4.900,51.300,4.914,423.153
89,0.000,0.000,0.000,0.000,0.000,0.000,0.000,1.900,2.160,2.440,0.001,1.320,0.001,1.321,40.000,0.000,0.000,52.386,89.000,413.298,1.808,4.800,47.429,0.000,0.000
90,0.000,0.000,0.000,0.000,0.000,0.000,0.000,1.890,2.150,2.430,0.001,1.031,0.001,1.032,40.000,0.000,0.000,49.680,90.000,430.519,1.599,5.000,43.991,0.000,0.000
91,0.000,0.000,0.000,0.000,0.000,0.000,0.000,1.890,2.140,2.420,0.001,0.732,0.000,0.733,40.000,0.000,0.000,46.868,91.000,447.740,1.520,5.200,41.629,0.000,0.000
92,0.000,0.000,0.000,0.000,0.000,0.000,0.000,1.890,2.140,2.430,0.000,0.421,0.000,0.422,40.000,0.000,0.000,43.953,92.000,464.961,1.548,5.400,40.013,0.000,0.000
93,0.000,0.000,0.000,0.000,0.000,0.000,0.000,1.900,2.150,2.440,0.000,0.134,0.000,0.134,40.000,0.000,0.000,41.256,93.000,430.519,1.699,5.000,40.001,0.000,0.000
94,0.360,0.000,0.774,0.002,0.000,44.455,0.207,1.910,2.160,2.450,0.000,0.000,0.000,0.000,40.000,0.777,44.661,40.002,94.000,266.922,1.947,3.100,39.991,0.777,44.661
95,1.100,0.000,0.003,2.702,0.000,0.161,232.687,1.920,2.180,2.460,0.000,0.000,0.000,0.000,40.000,2.705,232.848,40.000,95.000,232.480,2.178,2.700,39.984,2.705,232.848
96,1.052,0.003,0.003,2.602,0.138,0.161,224.077,1.930,2.190,2.480,0.000,0.000,0.000,0.000,40.000,2.608,224.375,40.000,96.000,223.870,2.370,2.600,39.979,2.608,224.375
97,1.008,0.003,0.003,2.502,0.138,0.161,215.466,1.940,2.200,2.490,0.000,0.000,0.000,0.000,40.000,2.508,215.765,40.000,97.000,215.260,2.523,2.500,39.974,2.508,215.765
98,0.964,0.003,0.003,2.402,0.138,0.161,206.856,1.940,2.200,2.500,0.000,0.000,0.000,0.000,40.000,2.408,207.154,40.000,98.000,206.649,2.683,2.400,39.970,2.408,207.154
99,0.960,0.003,0.003,2.402,0.138,0.161,206.856,1.960,2.220,2.510,0.000,0.000,0.000,0.000,40.000,2.408,207.154,40.000,99.000,206.649,2.903,2.400,39.967,2.408,207.154
100,1.027,0.003,0.003,2.602,0.138,0.161,224.077,1.980,2.240,2.540,0.000,0.000,0.000,0.000,40.000,2.608,224.375,40.000,100.000,223.870,3.359,2.600,39.965,2.608,224.375
101,1.599,0.003,0.003,4.102,0.138,0.161,353.232,2.000,2.270,2.570,0.000,0.000,0.000,0.000,40.000,4.108,353.531,40.000,101.000,353.026,3.898,4.100,39.968,4.108,353.531
102,2.097,0.003,0.003,5.402,0.138,0.161,465.167,2.010,2.280,2.580,0.000,0.000,0.000,0.000,40.000,5.408,465.466,40.000,102.000,464.961,3.974,5.400,39.973,5.408,465.466
103,2.174,0.003,0.003,5.602,0.138,0.161,482.388,2.010,2.280,2.580,0.000,0.000,0.000,0.000,40.000,5.608,482.686,40.000,103.000,482.181,4.009,5.600,39.976,5.608,482.686
104,1.934,0.003,0.003,5.002,0.138,0.161,430.726,2.020,2.290,2.590,0.000,0.000,0.000,0.000,40.000,5.008,431.024,40.000,104.000,430.519,4.222,5.000,39.977,5.008,431.024
105,1.766,0.003,0.003,4.602,0.138,0.161,396.284,2.040,2.310,2.610,0.000,0.000,0.000,0.000,40.000,4.608,396.583,40.000,105.000,396.077,4.580,4.600,39.977,4.608,396.583
106,1.822,0.003,0.003,4.802,0.138,0.161,413.505,2.060,2.330,2.640,0.000,0.000,0.000,0.000,40.000,4.808,413.803,40.000,106.000,413.298,4.986,4.800,39.977,4.808,413.803
107,1.689,0.003,0.003,4.502,0.138,0.161,387.674,2.080,2.360,2.670,0.000,0.000,0.000,0.000,40.000,4.508,387.972,40.000,107.000,387.467,5.414,4.500,39.977,4.508,387.972
108,2.319,0.074,0.065,6.045,3.205,3.746,520.534,2.090,2.370,2.680,0.003,0.004,0.201,0.208,40.000,6.185,527.484,41.331,108.000,318.584,5.644,3.700,40.149,6.185,527.484
109,7.463,0.000,0.000,20.000,0.000,0.000,1722.076,2.090,2.370,2.680,0.003,0.003,1.594,1.600,40.000,20.000,1722.076,50.029,109.000,327.194,5.597,3.800,48.910,20.000,1722.076
110,1.511,0.000,0.000,4.034,0.000,0.000,347.375,2.080,2.360,2.670,0.003,0.003,1.594,1.600,40.000,4.034,347.375,50.028,110.000,344.415,5.424,4.000,48.914,4.034,347.375
111,1.598,0.000,0.000,4.234,0.000,0.000,364.596,2.070,2.340,2.650,0.003,0.003,1.594,1.600,40.000,4.234,364.596,50.026,111.000,361.636,5.162,4.200,48.922,4.234,364.596
112,1.680,0.000,0.000,4.434,0.000,0.000,381.817,2.060,2.330,2.640,0.003,0.003,1.595,1.600,40.000,4.434,381.817,50.025,112.000,378.857,4.937,4.400,48.933,4.434,381.817
113,1.731,0.000,0.000,4.534,0.000,0.000,390.427,2.050,2.320,2.620,0.002,0.003,1.595,1.600,40.000,4.534,390.427,50.023,113.000,387.467,4.743,4.500,48.947,4.534,390.427
114,2.274,0.000,0.000,5.934,0.000,0.000,510.973,2.040,2.310,2.610,0.002,0.003,1.595,1.600,40.000,5.934,510.973,50.022,114.000,508.012,4.563,5.900,48.967,5.934,510.973
115,2.359,0.000,0.000,6.134,0.000,0.000,528.193,2.030,2.300,2.600,0.002,0.002,1.595,1.600,40.000,6.134,528.193,50.021,115.000,525.233,4.387,6.100,48.987,6.134,528.193
116,0.000,0.000,0.000,0.000,0.000,0.000,0.000,2.020,2.290,2.590,0.002,0.002,1.086,1.090,40.000,0.000,0.000,46.831,116.000,508.012,4.261,5.900,45.819,0.000,0.000
117,4.463,0.000,0.000,11.560,0.000,0.000,995.331,2.020,2.290,2.590,0.002,0.002,1.596,1.600,40.000,11.560,995.331,50.018,117.000,482.181,4.163,5.600,49.031,11.560,995.331
118,1.331,0.000,0.000,3.434,0.000,0.000,295.714,2.010,2.280,2.580,0.002,0.002,1.596,1.600,40.000,3.434,295.714,50.016,118.000,292.753,3.995,3.400,49.043,3.434,295.714
119,1.297,0.000,0.000,3.334,0.000,0.000,287.103,2.000,2.270,2.570,0.002,0.002,1.597,1.600,40.000,3.334,287.103,50.015,119.000,284.143,3.819,3.300,49.056,3.334,287.103
120,0.000,0.000,0.000,0.000,0.000,0.000,0.000,1.990,2.260,2.560,0.001,0.002,1.319,1.322,40.000,0.000,0.000,48.276,120.000,275.532,3.679,3.200,47.333,0.000,0.000
121,0.000,0.000,0.000,0.000,0.000,0.000,0.000,1.990,2.250,2.550,0.001,0.001,1.042,1.044,40.000,0.000,0.000,46.539,121.000,275.532,3.573,3.200,45.617,0.000,0.000
122,0.000,0.000,0.000,0.000,0.000,0.000,0.000,1.990,2.250,2.550,0.001,0.001,0.782,0.784,40.000,0.000,0.000,44.913,122.000,258.311,3.598,3.000,44.013,0.000,0.000
123,4.984,0.000,0.000,12.708,0.000,0.000,1094.219,1.990,2.250,2.550,0.001,0.001,1.598,1.600,40.000,12.708,1094.219,50.010,123.000,275.532,3.518,3.200,49.126,12.708,1094.219
124,1.549,0.000,0.000,3.934,0.000,0.000,338.766,1.980,2.240,2.540,0.001,0.001,1.598,1.600,40.000,3.934,338.766,50.008,124.000,335.805,3.398,3.900,49.141,3.934,338.766
125,2.069,0.000,0.000,5.234,0.000,0.000,450.701,1.970,2.240,2.530,0.001,0.001,1.599,1.600,40.000,5.234,450.701,50.007,125.000,447.740,3.278,5.200,49.162,5.234,450.701
126,0.306,0.000,0.000,0.770,0.000,0.000,66.288,1.970,2.230,2.520,0.001,0.001,1.052,1.053,40.000,0.770,66.288,46.586,126.000,611.337,3.112,7.100,45.636,0.770,66.288
127,0.000,0.000,0.000,0.000,0.000,0.000,0.000,1.960,2.220,2.510,0.000,0.000,0.491,0.492,40.000,0.000,0.000,43.078,127.000,559.675,2.934,6.500,42.170,0.000,0.000
128,0.000,0.000,0.000,0.000,0.000,0.000,0.000,1.960,2.220,2.510,0.000,0.000,0.000,0.001,40.000,0.000,0.000,40.006,128.000,490.792,2.928,5.700,40.002,0.000,0.000
129,2.183,0.000,0.000,5.502,0.000,0.000,473.778,1.970,2.230,2.520,0.000,0.000,0.000,0.000,40.000,5.502,473.778,40.003,129.000,473.571,3.156,5.500,39.994,5.502,473.778
130,2.040,0.000,0.000,5.202,0.000,0.000,447.946,1.990,2.260,2.550,0.000,0.000,0.000,0.000,40.000,5.202,447.946,40.000,130.000,447.740,3.615,5.200,39.989,5.202,447.946
131,1.857,0.003,0.003,4.802,0.138,0.161,413.505,2.020,2.290,2.590,0.000,0.000,0.000,0.000,40.000,4.808,413.803,40.000,131.000,413.298,4.237,4.800,39.985,4.808,413.803
132,1.837,0.006,0.003,4.802,0.276,0.161,413.505,2.050,2.320,2.620,0.000,0.000,0.000,0.000,40.000,4.812,413.941,40.002,132.000,413.298,4.733,4.800,39.983,4.812,413.941
133,8.324,0.000,15.398,4.602,0.000,883.861,396.284,2.060,2.340,2.640,0.000,0.883,0.000,0.883,40.000,20.000,1280.145,48.275,133.000,396.077,5.000,4.600,44.562,20.000,1280.145
134,7.246,0.061,12.489,4.802,2.642,716.921,413.505,2.050,2.320,2.620,0.003,1.597,0.000,1.600,40.000,17.353,1133.068,55.008,134.000,413.298,4.716,4.800,51.284,17.353,1133.068
135,2.049,0.000,0.038,5.202,0.000,2.209,447.946,2.000,2.270,2.560,0.002,1.598,0.000,1.600,40.000,5.241,450.156,55.007,135.000,447.740,3.800,5.200,51.282,5.241,450.156
136,1.947,0.000,0.038,4.902,0.000,2.209,422.115,1.980,2.240,2.540,0.002,1.598,0.000,1.600,40.000,4.941,424.324,55.007,136.000,421.909,3.367,4.900,51.285,4.941,424.324
137,2.210,0.000,0.038,5.502,0.000,2.209,473.778,1.960,2.220,2.510,0.002,1.598,0.000,1.600,40.000,5.541,475.987,55.007,137.000,473.571,2.976,5.500,51.291,5.541,475.987
138,2.236,0.000,0.038,5.502,0.000,2.209,473.778,1.930,2.190,2.480,0.002,1.598,0.000,1.600,40.000,5.541,475.987,55.006,138.000,473.571,2.485,5.500,51.298,5.541,475.987
139,2.417,0.000,0.038,5.902,0.000,2.209,508.219,1.920,2.170,2.460,0.002,1.598,0.000,1.600,40.000,5.941,510.428,55.006,139.000,508.012,2.135,5.900,51.307,5.941,510.428
140,2.933,0.000,6.328,0.010,0.000,363.224,0.829,1.910,2.160,2.450,0.002,1.598,0.001,1.600,40.000,6.337,364.052,55.003,140.000,542.454,1.876,6.300,49.636,6.337,364.052
141,0.000,0.000,0.000,0.000,0.000,0.000,0.000,1.890,2.150,2.430,0.002,1.252,0.000,1.254,40.000,0.000,0.000,51.756,141.000,516.623,1.647,6.000,44.810,0.000,0.000
142,0.000,0.000,0.000,0.000,0.000,0.000,0.000,1.900,2.150,2.430,0.001,1.061,0.000,1.062,40.000,0.000,0.000,49.963,142.000,284.143,1.665,3.300,43.199,0.000,0.000
143,5.957,0.000,12.808,0.000,0.000,735.204,0.000,1.890,2.150,2.430,0.001,1.599,0.000,1.600,40.000,12.808,735.204,55.004,143.000,292.753,1.656,3.400,47.324,12.808,735.204
144,0.003,0.000,0.000,0.007,0.000,0.000,0.621,1.890,2.140,2.430,0.001,1.419,0.000,1.420,40.000,0.007,0.621,53.319,144.000,266.922,1.593,3.100,44.820,0.007,0.621
145,0.000,0.000,0.000,0.000,0.000,0.000,0.000,1.890,2.140,2.420,0.001,1.222,0.000,1.223,40.000,0.000,0.000,51.471,145.000,292.753,1.504,3.400,42.580,0.000,0.000
146,0.000,0.000,0.000,0.000,0.000,0.000,0.000,1.890,2.140,2.420,0.001,1.043,0.000,1.044,40.000,0.000,0.000,49.787,146.000,266.922,1.520,3.100,41.219,0.000,0.000
147,0.003,0.000,0.000,0.007,0.000,0.000,0.621,1.880,2.130,2.420,0.001,0.852,0.000,0.853,40.000,0.007,0.621,48.001,147.000,284.143,1.380,3.300,40.022,0.007,0.621
148,0.000,0.000,0.000,0.000,0.000,0.000,0.000,1.880,2.130,2.410,0.001,0.639,0.000,0.640,40.000,0.000,0.000,45.998,148.000,318.584,1.235,3.700,40.009,0.000,0.000
149,0.000,0.000,0.000,0.000,0.000,0.000,0.000,1.880,2.130,2.410,0.000,0.351,0.000,0.352,40.000,0.000,0.000,43.299,149.000,430.519,1.265,5.000,39.998,0.000,0.000
150,0.462,0.000,0.983,0.002,0.000,56.423,0.207,1.880,2.130,2.410,0.000,0.000,0.000,0.000,40.000,0.985,56.630,40.003,150.000,611.337,1.345,7.100,39.990,0.985,56.630
151,3.148,0.000,6.703,0.002,0.000,384.758,0.207,1.880,2.130,2.410,0.000,0.000,0.000,0.000,40.000,6.705,384.964,40.002,151.000,576.895,1.353,6.700,39.987,6.705,384.964
152,2.793,0.000,6.003,0.002,0.000,344.576,0.207,1.900,2.150,2.430,0.000,0.000,0.000,0.000,40.000,6.005,344.783,40.000,152.000,516.623,1.693,6.000,39.984,6.005,344.783
153,1.932,0.003,0.003,4.802,0.138,0.161,413.505,1.940,2.200,2.490,0.000,0.000,0.000,0.000,40.000,4.808,413.803,40.000,153.000,413.298,2.563,4.800,39.982,4.808,413.803
154,1.847,0.003,0.003,4.702,0.138,0.161,404.895,1.990,2.250,2.550,0.000,0.000,0.000,0.000,40.000,4.708,405.193,40.000,154.000,404.688,3.531,4.700,39.980,4.708,405.193
155,1.850,0.003,0.003,4.802,0.138,0.161,413.505,2.030,2.300,2.600,0.000,0.000,0.000,0.000,40.000,4.808,413.803,40.000,155.000,413.298,4.371,4.800,39.979,4.808,413.803
156,1.677,0.003,0.003,4.402,0.138,0.161,379.063,2.050,2.330,2.630,0.000,0.000,0.000,0.000,40.000,4.408,379.362,40.000,156.000,378.857,4.835,4.400,39.978,4.408,379.362
157,5.231,0.013,0.011,13.729,0.552,0.644,1182.082,2.050,2.330,2.630,0.000,0.000,0.776,0.777,40.000,13.753,1183.278,44.860,157.000,404.688,4.844,4.700,42.351,13.753,1183.278
158,0.000,0.000,0.000,0.000,0.000,0.000,0.000,2.040,2.310,2.610,0.000,0.000,0.422,0.423,40.000,0.000,0.000,42.645,158.000,353.026,4.596,4.100,41.272,0.000,0.000
159,0.000,0.000,0.000,0.000,0.000,0.000,0.000,2.030,2.300,2.610,0.000,0.000,0.000,0.000,40.000,0.000,0.000,40.003,159.000,421.909,4.456,4.900,39.996,0.000,0.000
160,1.947,0.000,0.000,5.102,0.000,0.000,439.336,2.040,2.310,2.620,0.000,0.000,0.000,0.000,40.000,5.102,439.336,40.000,160.000,439.129,4.612,5.100,39.990,5.102,439.336
161,2.103,0.003,0.003,5.502,0.138,0.161,473.778,2.050,2.320,2.620,0.000,0.000,0.000,0.000,40.000,5.508,474.076,40.000,161.000,473.571,4.749,5.500,39.986,5.508,474.076
162,2.314,0.003,0.003,6.102,0.138,0.161,525.440,2.060,2.340,2.640,0.000,0.000,0.000,0.000,40.000,6.108,525.738,40.000,162.000,525.233,5.004,6.100,39.985,6.108,525.738
163,2.456,0.003,0.003,6.502,0.138,0.161,559.881,2.060,2.340,2.650,0.000,0.000,0.000,0.000,40.000,6.508,560.180,40.000,163.000,559.675,5.067,6.500,39.984,6.508,560.180
164,2.288,0.003,0.003,6.102,0.138,0.161,525.440,2.080,2.360,2.670,0.000,0.000,0.000,0.000,40.000,6.108,525.738,40.000,164.000,525.233,5.415,6.100,39.984,6.108,525.738
165,2.197,0.003,0.003,5.902,0.138,0.161,508.219,2.100,2.380,2.690,0.000,0.000,0.000,0.000,40.000,5.908,508.518,40.000,165.000,508.012,5.796,5.900,39.983,5.908,508.518
166,1.221,0.003,0.003,3.302,0.138,0.161,284.349,2.120,2.400,2.710,0.000,0.000,0.000,0.000,40.000,3.308,284.648,40.000,166.000,284.143,6.057,3.300,39.979,3.308,284.648
167,1.025,0.003,0.003,2.802,0.138,0.161,241.297,2.140,2.430,2.740,0.000,0.000,0.000,0.000,40.000,2.808,241.596,40.000,167.000,241.091,6.558,2.800,39.975,2.808,241.596
168,7.252,0.039,0.028,19.933,1.663,1.616,1716.327,2.160,2.440,2.760,0.002,0.001,1.473,1.476,40.000,20.000,1719.606,49.237,168.000,241.091,6.855,2.800,48.534,20.000,1719.606
169,1.525,0.000,0.000,4.177,0.000,0.000,359.697,2.140,2.420,2.740,0.001,0.001,1.597,1.600,40.000,4.177,359.697,50.013,169.000,232.480,6.495,2.700,49.271,4.177,359.697
170,0.987,0.000,0.000,2.634,0.000,0.000,226.831,2.080,2.360,2.670,0.001,0.001,1.598,1.600,40.000,2.634,226.831,50.011,170.000,223.870,5.455,2.600,49.258,2.634,226.831
171,1.005,0.000,0.000,2.634,0.000,0.000,226.831,2.040,2.320,2.620,0.001,0.001,1.598,1.600,40.000,2.634,226.831,50.010,171.000,223.870,4.667,2.600,49.245,2.634,226.831
172,0.000,0.000,0.000,0.000,0.000,0.000,0.000,2.020,2.290,2.590,0.001,0.001,1.303,1.305,40.000,0.000,0.000,48.163,172.000,292.753,4.230,3.400,47.487,0.000,0.000
173,0.000,0.000,0.000,0.000,0.000,0.000,0.000,2.010,2.280,2.580,0.001,0.001,0.854,0.855,40.000,0.000,0.000,45.352,173.000,447.740,4.039,5.200,44.915,0.000,0.000
174,0.000,0.000,0.000,0.000,0.000,0.000,0.000,2.010,2.280,2.580,0.001,0.000,0.293,0.295,40.000,0.000,0.000,41.847,174.000,559.675,4.088,6.500,41.719,0.000,0.000
175,1.190,0.000,0.000,3.095,0.000,0.000,266.505,2.030,2.300,2.600,0.001,0.000,0.000,0.001,40.000,3.095,266.505,40.010,175.000,559.675,4.354,6.500,40.015,3.095,266.505
176,2.062,0.000,0.000,5.402,0.000,0.000,465.167,2.050,2.320,2.620,0.000,0.000,0.000,0.001,40.000,5.402,465.167,40.007,176.000,464.961,4.742,5.400,40.003,5.402,465.167
177,1.971,0.000,0.000,5.202,0.000,0.000,447.946,2.060,2.340,2.640,0.000,0.000,0.000,0.000,40.000,5.202,447.946,40.003,177.000,447.740,5.047,5.200,39.995,5.202,447.946
178,1.844,0.000,0.003,4.902,0.000,0.161,422.115,2.080,2.360,2.660,0.000,0.000,0.000,0.000,40.000,4.905,422.276,40.002,178.000,421.909,5.356,4.900,39.990,4.905,422.276
179,1.756,0.000,0.003,4.702,0.000,0.161,404.895,2.090,2.370,2.680,0.000,0.000,0.000,0.000,40.000,4.705,405.055,40.000,179.000,404.688,5.556,4.700,39.986,4.705,405.055
180,1.645,0.003,0.003,4.402,0.138,0.161,379.063,2.090,2.370,2.680,0.000,0.000,0.000,0.000,40.000,4.408,379.362,40.000,180.000,378.857,5.590,4.400,39.982,4.408,379.362
181,7.408,0.003,0.003,19.994,0.138,0.161,1721.559,2.100,2.380,2.700,0.000,0.000,1.358,1.358,40.000,20.000,1721.858,48.485,181.000,361.636,5.842,4.200,47.210,20.000,1721.858
182,2.874,0.068,0.060,7.576,2.923,3.416,652.287,2.100,2.380,2.690,0.003,0.003,1.594,1.600,40.000,7.703,658.626,50.028,182.000,413.298,5.798,4.800,48.698,7.703,658.626
183,1.742,0.000,0.000,4.634,0.000,0.000,399.037,2.080,2.360,2.660,0.003,0.003,1.594,1.600,40.000,4.634,399.037,50.026,183.000,396.077,5.375,4.600,48.687,4.634,399.037
184,1.907,0.000,0.000,5.034,0.000,0.000,433.479,2.060,2.330,2.640,0.003,0.003,1.595,1.600,40.000,5.034,433.479,50.025,184.000,430.519,4.923,5.000,48.678,5.034,433.479
185,1.967,0.000,0.000,5.134,0.000,0.000,442.089,2.040,2.310,2.610,0.002,0.003,1.595,1.600,40.000,5.134,442.089,50.023,185.000,439.129,4.579,5.100,48.669,5.134,442.089
186,2.206,0.000,0.000,5.734,0.000,0.000,493.752,2.030,2.300,2.600,0.002,0.003,1.595,1.600,40.000,5.734,493.752,50.022,186.000,490.792,4.372,5.700,48.661,5.734,493.752
187,2.253,0.000,0.000,5.834,0.000,0.000,502.362,2.020,2.290,2.590,0.002,0.002,1.595,1.600,40.000,5.834,502.362,50.021,187.000,499.402,4.200,5.800,48.653,5.834,502.362
188,2.416,0.000,0.000,6.234,0.000,0.000,536.804,2.010,2.280,2.580,0.002,0.002,1.596,1.600,40.000,6.234,536.804,50.019,188.000,533.844,4.011,6.200,48.645,6.234,536.804
189,2.309,0.000,0.000,5.934,0.000,0.000,510.973,2.000,2.270,2.570,0.002,0.002,1.596,1.600,40.000,5.934,510.973,50.018,189.000,508.012,3.855,5.900,48.637,5.934,510.973
190,1.381,0.000,0.000,3.534,0.000,0.000,304.324,1.990,2.260,2.560,0.002,0.002,1.596,1.600,40.000,3.534,304.324,50.016,190.000,301.363,3.674,3.500,48.627,3.534,304.324
191,1.190,0.000,0.000,3.034,0.000,0.000,261.272,1.980,2.250,2.550,0.002,0.002,1.597,1.600,40.000,3.034,261.272,50.015,191.000,258.311,3.493,3.000,48.618,3.034,261.272
192,1.116,0.000,0.000,2.834,0.000,0.000,244.052,1.980,2.240,2.540,0.001,0.002,1.597,1.600,40.000,2.834,244.052,50.014,192.000,241.091,3.365,2.800,48.610,2.834,244.052
193,1.081,0.000,0.000,2.734,0.000,0.000,235.441,1.970,2.230,2.530,0.001,0.001,1.597,1.600,40.000,2.734,235.441,50.012,193.000,232.480,3.186,2.700,48.601,2.734,235.441
194,1.204,0.000,0.000,3.034,0.000,0.000,261.273,1.960,2.220,2.520,0.001,0.001,1.598,1.600,40.000,3.034,261.273,50.011,194.000,258.311,3.011,3.000,48.594,3.034,261.273
195,1.209,0.000,0.000,3.034,0.000,0.000,261.273,1.950,2.220,2.510,0.001,0.001,1.598,1.600,40.000,3.034,261.273,50.010,195.000,258.311,2.890,3.000,48.586,3.034,261.273
196,1.334,0.000,0.000,3.334,0.000,0.000,287.104,1.950,2.210,2.500,0.001,0.001,1.598,1.600,40.000,3.334,287.104,50.008,196.000,284.143,2.736,3.300,48.578,3.334,287.104
197,1.285,0.000,0.000,3.200,0.000,0.000,275.524,1.940,2.200,2.490,0.001,0.001,1.501,1.502,40.000,3.200,275.524,49.397,197.000,370.246,2.593,4.300,47.909,3.200,275.524
198,0.000,0.000,0.000,0.000,0.000,0.000,0.000,1.930,2.190,2.480,0.001,0.001,0.965,0.967,40.000,0.000,0.000,46.047,198.000,533.844,2.457,6.200,45.010,0.000,0.000
199,0.000,0.000,0.000,0.000,0.000,0.000,0.000,1.920,2.180,2.470,0.000,0.000,0.431,0.432,40.000,0.000,0.000,42.702,199.000,533.844,2.247,6.200,42.260,0.000,0.000
200,0.000,0.000,0.000,0.000,0.000,0.000,0.000,1.920,2.180,2.470,0.000,0.000,0.000,0.001,40.000,0.000,0.000,40.006,200.000,430.519,2.222,5.000,40.056,0.000,0.000
201,2.009,0.000,0.000,5.002,0.000,0.000,430.726,1.940,2.200,2.490,0.000,0.000,0.000,0.000,40.000,5.002,430.726,40.003,201.000,430.519,2.566,5.000,40.029,5.002,430.726
202,1.733,0.000,0.000,4.402,0.000,0.000,379.063,1.980,2.240,2.540,0.000,0.000,0.000,0.000,40.000,4.402,379.063,40.000,202.000,378.857,3.364,4.400,40.012,4.402,379.063
203,1.632,0.003,0.003,4.202,0.138,0.161,361.843,2.020,2.280,2.580,0.000,0.000,0.000,0.000,40.000,4.208,362.141,40.000,203.000,361.636,4.109,4.200,40.000,4.208,362.141
204,8.504,0.074,16.023,3.902,3.205,919.770,336.011,2.030,2.300,2.600,0.003,0.919,0.000,0.922,40.000,20.000,1258.986,48.649,204.000,335.805,4.373,3.900,44.987,20.000,1258.986
205,6.723,0.000,11.857,4.002,0.000,680.633,344.622,2.020,2.290,2.590,0.003,1.597,0.000,1.600,40.000,15.860,1025.255,55.009,205.000,344.415,4.201,4.000,51.335,15.860,1025.255
206,1.626,0.000,0.038,4.102,0.000,2.209,353.232,1.990,2.250,2.550,0.003,1.597,0.000,1.600,40.000,4.141,355.441,55.009,206.000,353.026,3.520,4.100,51.332,4.141,355.441
207,1.551,0.000,0.038,3.802,0.000,2.209,327.401,1.930,2.190,2.480,0.003,1.597,0.000,1.600,40.000,3.841,329.610,55.008,207.000,327.194,2.363,3.800,51.332,3.841,329.610
208,1.897,0.000,4.038,0.002,0.000,231.819,0.207,1.880,2.130,2.410,0.003,1.597,0.000,1.600,40.000,4.041,232.026,55.008,208.000,344.415,1.346,4.000,50.273,4.041,232.026
209,1.981,0.000,4.138,0.002,0.000,237.560,0.207,1.840,2.090,2.360,0.002,1.598,0.000,1.600,40.000,4.141,237.766,55.007,209.000,353.026,0.508,4.100,49.185,4.141,237.766
210,2.290,0.000,4.738,0.002,0.000,272.001,0.207,1.820,2.070,2.340,0.002,1.598,0.000,1.600,40.000,4.741,272.208,55.007,210.000,404.688,0.105,4.700,47.940,4.741,272.208
211,2.447,0.000,5.038,0.002,0.000,289.222,0.207,1.820,2.060,2.330,0.002,1.598,0.000,1.600,40.000,5.041,289.429,55.007,211.000,430.519,-0.051,5.000,46.615,5.041,289.429
212,2.410,0.000,4.938,0.002,0.000,283.482,0.207,1.810,2.050,2.330,0.002,1.598,0.000,1.600,40.000,4.941,283.688,55.006,212.000,421.909,-0.147,4.900,45.317,4.941,283.688
213,2.323,0.000,4.735,0.005,0.000,271.794,0.414,1.800,2.040,2.320,0.002,1.598,0.000,1.600,40.000,4.740,272.208,55.005,213.000,404.688,-0.344,4.700,44.421,4.740,272.208
214,1.449,0.000,2.942,0.000,0.000,168.883,0.000,1.790,2.030,2.300,0.002,1.598,0.000,1.600,40.000,2.942,168.883,55.005,214.000,249.701,-0.653,2.900,43.976,2.942,168.883
215,0.006,0.000,0.000,0.014,0.000,0.000,1.245,1.750,1.990,2.250,0.002,1.459,0.001,1.461,40.000,0.014,1.245,53.701,215.000,206.649,-1.441,2.400,42.878,0.014,1.245
216,0.000,0.000,0.000,0.000,0.000,0.000,0.000,1.710,1.940,2.200,0.001,1.331,0.001,1.333,40.000,0.000,0.000,52.497,216.000,189.428,-2.364,2.200,41.871,0.000,0.000
217,0.000,0.000,0.000,0.000,0.000,0.000,0.000,1.690,1.910,2.170,0.001,1.208,0.001,1.210,40.000,0.000,0.000,51.349,217.000,180.818,-2.992,2.100,40.918,0.000,0.000
218,0.000,0.000,0.000,0.000,0.000,0.000,0.000,1.690,1.910,2.170,0.001,1.081,0.000,1.082,40.000,0.000,0.000,50.148,218.000,189.428,-2.960,2.200,40.027,0.000,0.000
219,0.000,0.000,0.000,0.000,0.000,0.000,0.000,1.710,1.930,2.190,0.001,0.936,0.000,0.937,40.000,0.000,0.000,48.788,219.000,215.260,-2.581,2.500,40.014,0.000,0.000
220,0.000,0.000,0.000,0.000,0.000,0.000,0.000,1.730,1.960,2.220,0.001,0.768,0.000,0.769,40.000,0.000,0.000,47.214,220.000,249.701,-2.081,2.900,40.002,0.000,0.000
221,0.001,0.000,0.000,0.002,0.000,0.000,0.207,1.740,1.970,2.230,0.001,0.532,0.000,0.533,40.000,0.002,0.207,44.999,221.000,353.026,-1.832,4.100,39.992,0.002,0.207
222,0.001,0.000,0.000,0.002,0.000,0.000,0.207,1.740,1.970,2.240,0.001,0.193,0.000,0.194,40.000,0.002,0.207,41.818,222.000,508.012,-1.719,5.900,39.985,0.002,0.207
223,1.131,0.000,2.237,0.002,0.000,128.413,0.207,1.750,1.980,2.240,0.000,0.000,0.000,0.000,40.000,2.239,128.620,40.005,223.000,482.181,-1.620,5.600,39.981,2.239,128.620
224,2.415,0.000,4.803,0.002,0.000,275.693,0.207,1.760,1.990,2.260,0.000,0.000,0.000,0.000,40.000,4.805,275.900,40.003,224.000,413.298,-1.296,4.800,39.979,4.805,275.900
225,2.181,0.000,4.403,0.002,0.000,252.732,0.207,1.780,2.020,2.290,0.000,0.000,0.000,0.000,40.000,4.405,252.939,40.002,225.000,378.857,-0.812,4.400,39.977,4.405,252.939
226,2.100,0.000,4.303,0.002,0.000,246.992,0.207,1.810,2.050,2.320,0.000,0.000,0.000,0.000,40.000,4.305,247.198,40.000,226.000,370.246,-0.277,4.300,39.975,4.305,247.198
227,1.888,0.003,3.903,0.002,0.138,224.031,0.207,1.820,2.070,2.340,0.000,0.000,0.000,0.000,40.000,3.908,224.375,40.000,227.000,335.805,0.130,3.900,39.973,3.908,224.375
228,7.326,0.006,15.228,0.002,0.276,874.140,0.207,1.830,2.080,2.350,0.000,0.655,0.000,0.655,40.000,15.237,874.623,46.143,228.000,327.194,0.333,3.800,42.081,15.237,874.623
229,9.615,0.000,19.998,0.002,0.000,1147.913,0.207,1.830,2.080,2.360,0.000,1.600,0.000,1.600,40.000,20.000,1148.120,55.000,229.000,301.363,0.350,3.500,50.023,20.000,1148.120
230,1.870,0.029,3.817,0.002,1.245,219.094,0.207,1.820,2.060,2.340,0.001,1.599,0.000,1.600,40.000,3.848,220.546,55.003,230.000,327.194,0.032,3.800,49.012,3.848,220.546
231,1.752,0.000,3.535,0.005,0.000,202.911,0.414,1.780,2.020,2.290,0.001,1.599,0.000,1.600,40.000,3.540,203.325,55.002,231.000,301.363,-0.847,3.500,48.086,3.540,203.325
232,0.000,0.000,0.000,0.000,0.000,0.000,0.000,1.770,2.010,2.280,0.001,1.367,0.000,1.368,40.000,0.000,0.000,52.830,232.000,344.415,-1.019,4.000,44.864,0.000,0.000
233,0.004,0.000,0.000,0.010,0.000,0.000,0.829,1.770,2.010,2.280,0.001,1.108,0.001,1.109,40.000,0.010,0.829,50.397,233.000,387.467,-0.980,4.500,41.757,0.010,0.829
234,0.374,0.000,0.751,0.000,0.000,43.133,0.000,1.770,2.010,2.270,0.001,0.863,0.000,0.864,40.000,0.751,43.133,48.096,234.000,430.519,-1.057,5.000,40.279,0.751,43.133
235,0.000,0.000,0.000,0.000,0.000,0.000,0.000,1.760,2.000,2.260,0.000,0.580,0.000,0.581,40.000,0.000,0.000,45.448,235.000,421.909,-1.257,4.900,40.009,0.000,0.000
236,0.000,0.000,0.000,0.000,0.000,0.000,0.000,1.760,2.000,2.260,0.000,0.287,0.000,0.287,40.000,0.000,0.000,42.696,236.000,439.129,-1.287,5.100,39.998,0.000,0.000
237,0.001,0.000,0.000,0.002,0.000,0.000,0.207,1.770,2.000,2.270,0.000,0.000,0.000,0.000,40.000,0.002,0.207,40.002,237.000,430.519,-1.171,5.000,39.989,0.002,0.207
238,1.395,0.000,2.803,0.002,0.000,160.888,0.207,1.780,2.010,2.280,0.000,0.000,0.000,0.000,40.000,2.805,161.094,40.000,238.000,241.091,-0.953,2.800,39.982,2.805,161.094
239,1.149,0.003,2.303,0.002,0.138,132.187,0.207,1.780,2.010,2.280,0.000,0.000,0.000,0.000,40.000,2.308,132.531,40.000,239.000,198.039,-0.941,2.300,39.976,2.308,132.531
240,1.149,0.003,2.303,0.002,0.138,132.187,0.207,1.780,2.010,2.280,0.000,0.000,0.000,0.000,40.000,2.308,132.531,40.000,240.000,198.039,-0.926,2.300,39.970,2.308,132.531
241,1.093,0.003,2.203,0.002,0.138,126.446,0.207,1.780,2.020,2.290,0.000,0.000,0.000,0.000,40.000,2.208,126.791,40.000,241.000,189.428,-0.810,2.200,39.966,2.208,126.791
242,1.088,0.003,2.203,0.002,0.138,126.446,0.207,1.790,2.030,2.300,0.000,0.000,0.000,0.000,40.000,2.208,126.791,40.000,242.000,189.428,-0.690,2.200,39.962,2.208,126.791
243,1.088,0.003,2.203,0.002,0.138,126.446,0.207,1.800,2.030,2.310,0.000,0.000,0.000,0.000,40.000,2.208,126.791,40.000,243.000,189.428,-0.510,2.200,39.958,2.208,126.791
244,1.230,0.003,2.503,0.002,0.138,143.667,0.207,1.800,2.040,2.310,0.000,0.000,0.000,0.000,40.000,2.508,144.011,40.000,244.000,215.260,-0.453,2.500,39.957,2.508,144.011
245,1.818,0.003,3.703,0.002,0.138,212.550,0.207,1.800,2.040,2.320,0.000,0.000,0.000,0.000,40.000,3.708,212.895,40.000,245.000,318.584,-0.313,3.700,39.959,3.708,212.895
246,2.723,0.003,5.603,0.002,0.138,321.615,0.207,1.820,2.060,2.330,0.000,0.000,0.000,0.000,40.000,5.608,321.959,40.000,246.000,482.181,-0.041,5.600,39.965,5.608,321.959
247,2.312,0.003,4.803,0.002,0.138,275.693,0.207,1.830,2.080,2.350,0.000,0.000,0.000,0.000,40.000,4.808,276.037,40.000,247.000,413.298,0.280,4.800,39.967,4.808,276.037
248,2.004,0.003,4.203,0.002,0.138,241.251,0.207,1.850,2.100,2.380,0.000,0.000,0.000,0.000,40.000,4.208,241.596,40.000,248.000,361.636,0.717,4.200,39.968,4.208,241.596
249,1.835,0.003,3.903,0.002,0.138,224.031,0.207,1.880,2.130,2.420,0.000,0.000,0.000,0.000,40.000,3.908,224.375,40.000,249.000,335.805,1.383,3.900,39.968,3.908,224.375
250,1.380,0.003,0.003,3.402,0.138,0.161,292.960,1.930,2.180,2.470,0.000,0.000,0.000,0.000,40.000,3.408,293.258,40.000,250.000,292.753,2.329,3.400,39.968,3.408,293.258
251,1.427,0.003,0.003,3.602,0.138,0.161,310.180,1.970,2.240,2.530,0.000,0.000,0.000,0.000,40.000,3.608,310.479,40.000,251.000,309.974,3.260,3.600,39.969,3.608,310.479
252,1.293,0.003,0.003,3.302,0.138,0.161,284.349,2.000,2.260,2.560,0.000,0.000,0.000,0.000,40.000,3.308,284.648,40.000,252.000,284.143,3.773,3.300,39.968,3.308,284.648
253,1.322,0.003,0.003,3.402,0.138,0.161,292.960,2.010,2.280,2.580,0.000,0.000,0.000,0.000,40.000,3.408,293.258,40.000,253.000,292.753,3.973,3.400,39.968,3.408,293.258
254,1.158,0.003,0.003,3.002,0.138,0.161,258.518,2.020,2.290,2.600,0.000,0.000,0.000,0.000,40.000,3.008,258.817,40.000,254.000,258.311,4.290,3.000,39.967,3.008,258.817
255,1.273,0.003,0.003,3.302,0.138,0.161,284.349,2.030,2.300,2.600,0.000,0.000,0.000,0.000,40.000,3.308,284.648,40.000,255.000,284.143,4.429,3.300,39.967,3.308,284.648
256,1.421,0.003,0.003,3.702,0.138,0.161,318.791,2.040,2.310,2.610,0.000,0.000,0.000,0.000,40.000,3.708,319.089,40.000,256.000,318.584,4.546,3.700,39.969,3.708,319.089
257,1.525,0.003,0.003,4.002,0.138,0.161,344.622,2.050,2.320,2.630,0.000,0.000,0.000,0.000,40.000,4.008,344.920,40.000,257.000,344.415,4.771,4.000,39.970,4.008,344.920
258,1.632,0.003,0.003,4.302,0.138,0.161,370.453,2.060,2.330,2.640,0.000,0.000,0.000,0.000,40.000,4.308,370.752,40.000,258.000,370.246,4.948,4.300,39.972,4.308,370.752
259,1.632,0.003,0.003,4.302,0.138,0.161,370.453,2.060,2.330,2.640,0.000,0.000,0.000,0.000,40.000,4.308,370.752,40.000,259.000,370.246,4.949,4.300,39.973,4.308,370.752
260,2.626,0.006,0.006,6.919,0.276,0.322,595.775,2.060,2.330,2.640,0.000,0.000,0.208,0.208,40.000,6.931,596.372,41.302,260.000,387.467,4.938,4.500,40.143,6.931,596.372
261,7.576,0.000,0.000,20.000,0.000,0.000,1722.076,2.060,2.330,2.640,0.000,0.000,1.600,1.600,40.000,20.000,1722.076,50.000,261.000,327.194,4.963,3.800,48.881,20.000,1722.076
262,1.020,0.042,0.034,2.591,1.802,1.941,223.087,2.060,2.330,2.630,0.002,0.002,1.597,1.600,40.000,2.667,226.831,50.016,262.000,223.870,4.897,2.600,48.885,2.667,226.831
263,0.967,0.000,0.000,2.534,0.000,0.000,218.220,2.050,2.320,2.620,0.002,0.002,1.597,1.600,40.000,2.534,218.220,50.015,263.000,215.260,4.695,2.500,48.892,2.534,218.220
264,0.936,0.000,0.000,2.434,0.000,0.000,209.610,2.030,2.300,2.600,0.001,0.001,1.597,1.600,40.000,2.434,209.610,50.013,264.000,206.649,4.434,2.400,48.901,2.434,209.610
265,0.905,0.000,0.000,2.334,0.000,0.000,201.000,2.010,2.280,2.580,0.001,0.001,1.597,1.600,40.000,2.334,201.000,50.012,265.000,198.039,4.092,2.300,48.911,2.334,201.000
266,0.947,0.000,0.000,2.434,0.000,0.000,209.610,2.010,2.270,2.570,0.001,0.001,1.598,1.600,40.000,2.434,209.610,50.010,266.000,206.649,3.932,2.400,48.922,2.434,209.610
267,0.990,0.000,0.000,2.534,0.000,0.000,218.221,2.000,2.270,2.560,0.001,0.001,1.598,1.600,40.000,2.534,218.221,50.009,267.000,215.260,3.777,2.500,48.936,2.534,218.221
268,0.000,0.000,0.000,0.000,0.000,0.000,0.000,1.990,2.260,2.550,0.001,0.001,1.363,1.365,40.000,0.000,0.000,48.538,268.000,232.480,3.637,2.700,47.485,0.000,0.000
269,1.224,0.000,0.000,3.121,0.000,0.000,268.770,1.990,2.250,2.550,0.001,0.001,1.294,1.295,40.000,3.121,268.770,48.103,269.000,335.805,3.509,3.900,46.765,3.121,268.770
270,0.000,0.000,0.000,0.000,0.000,0.000,0.000,1.980,2.240,2.540,0.001,0.000,0.836,0.837,40.000,0.000,0.000,45.238,270.000,456.350,3.388,5.300,43.949,0.000,0.000
271,0.000,0.000,0.000,0.000,0.000,0.000,0.000,1.970,2.230,2.530,0.000,0.000,0.388,0.388,40.000,0.000,0.000,42.431,271.000,447.740,3.237,5.200,41.263,0.000,0.000
272,0.000,0.000,0.000,0.000,0.000,0.000,0.000,1.970,2.230,2.520,0.000,0.000,0.000,0.000,40.000,0.000,0.000,40.005,272.000,387.467,3.143,4.500,40.001,0.000,0.000
273,1.694,0.000,0.000,4.302,0.000,0.000,370.453,1.980,2.250,2.540,0.000,0.000,0.000,0.000,40.000,4.302,370.453,40.002,273.000,370.246,3.449,4.300,39.993,4.302,370.453
274,1.481,0.000,0.003,3.802,0.000,0.161,327.401,2.010,2.280,2.570,0.000,0.000,0.000,0.000,40.000,3.805,327.562,40.000,274.000,327.194,3.958,3.800,39.987,3.805,327.562
275,1.460,0.003,0.003,3.802,0.138,0.161,327.401,2.040,2.310,2.610,0.000,0.000,0.000,0.000,40.000,3.808,327.700,40.000,275.000,327.194,4.543,3.800,39.983,3.808,327.700
276,1.329,0.003,0.003,3.502,0.138,0.161,301.570,2.060,2.330,2.640,0.000,0.000,0.000,0.000,40.000,3.508,301.868,40.000,276.000,301.363,4.940,3.500,39.979,3.508,301.868
277,1.443,0.003,0.003,3.802,0.138,0.161,327.401,2.060,2.330,2.640,0.000,0.000,0.000,0.000,40.000,3.808,327.700,40.000,277.000,327.194,4.922,3.800,39.977,3.808,327.700
278,1.443,0.003,0.003,3.802,0.138,0.161,327.401,2.060,2.330,2.640,0.000,0.000,0.000,0.000,40.000,3.808,327.700,40.000,278.000,327.194,4.955,3.800,39.975,3.808,327.700
279,1.400,0.003,0.003,3.702,0.138,0.161,318.791,2.070,2.340,2.650,0.000,0.000,0.000,0.000,40.000,3.708,319.089,40.000,279.000,318.584,5.115,3.700,39.974,3.708,319.089
280,1.583,0.003,0.003,4.202,0.138,0.161,361.843,2.080,2.360,2.660,0.000,0.000,0.000,0.000,40.000,4.208,362.141,40.000,280.000,361.636,5.359,4.200,39.974,4.208,362.141
281,1.571,0.003,0.003,4.202,0.138,0.161,361.843,2.090,2.370,2.680,0.000,0.000,0.000,0.000,40.000,4.208,362.141,40.000,281.000,361.636,5.623,4.200,39.974,4.208,362.141
282,1.846,0.032,0.003,4.902,1.384,0.161,422.115,2.100,2.370,2.680,0.001,0.000,0.000,0.001,40.000,4.937,423.660,40.016,282.000,421.909,5.666,4.900,39.978,4.937,423.660
283,1.793,0.000,0.003,4.802,0.000,0.161,413.505,2.090,2.370,2.680,0.001,0.000,0.000,0.001,40.000,4.805,413.666,40.014,283.000,413.298,5.600,4.800,39.981,4.805,413.666
284,7.156,0.000,0.014,19.161,0.000,0.806,1649.870,2.090,2.370,2.680,0.001,0.001,1.200,1.202,40.000,19.175,1650.675,47.519,284.000,447.740,5.574,5.200,45.647,19.175,1650.675
285,0.000,0.000,0.000,0.000,0.000,0.000,0.000,2.090,2.360,2.670,0.001,0.000,0.785,0.787,40.000,0.000,0.000,44.923,285.000,413.298,5.491,4.800,43.697,0.000,0.000
286,0.000,0.000,0.000,0.000,0.000,0.000,0.000,2.080,2.360,2.670,0.001,0.000,0.509,0.510,40.000,0.000,0.000,43.192,286.000,275.532,5.440,3.200,42.399,0.000,0.000
287,0.000,0.000,0.000,0.000,0.000,0.000,0.000,2.070,2.350,2.660,0.001,0.000,0.276,0.276,40.000,0.000,0.000,41.732,287.000,232.480,5.258,2.700,41.310,0.000,0.000
288,0.000,0.000,0.000,0.000,0.000,0.000,0.000,2.070,2.350,2.650,0.000,0.000,0.000,0.000,40.000,0.000,0.000,40.005,288.000,275.532,5.211,3.200,40.035,0.000,0.000
289,1.243,0.000,0.003,3.302,0.000,0.161,284.349,2.080,2.360,2.660,0.000,0.000,0.000,0.000,40.000,3.305,284.510,40.003,289.000,284.143,5.345,3.300,40.018,3.305,284.510
290,1.313,0.000,0.003,3.502,0.000,0.161,301.570,2.080,2.360,2.670,0.000,0.000,0.000,0.000,40.000,3.505,301.731,40.002,290.000,301.363,5.411,3.500,40.005,3.505,301.731
291,1.275,0.000,0.003,3.402,0.000,0.161,292.960,2.080,2.360,2.670,0.000,0.000,0.000,0.000,40.000,3.405,293.120,40.000,291.000,292.753,5.383,3.400,39.995,3.405,293.120
292,1.427,0.003,0.003,3.802,0.138,0.161,327.401,2.080,2.360,2.670,0.000,0.000,0.000,0.000,40.000,3.808,327.700,40.000,292.000,327.194,5.378,3.800,39.988,3.808,327.700
293,2.138,0.003,0.003,5.702,0.138,0.161,490.998,2.080,2.360,2.670,0.000,0.000,0.000,0.000,40.000,5.708,491.297,40.000,293.000,490.792,5.391,5.700,39.986,5.708,491.297
294,2.670,0.003,0.003,7.202,0.138,0.161,620.154,2.110,2.390,2.700,0.000,0.000,0.000,0.000,40.000,7.208,620.453,40.000,294.000,619.947,5.864,7.200,39.985,7.208,620.453
295,2.494,0.003,0.003,6.802,0.138,0.161,585.713,2.140,2.420,2.730,0.000,0.000,0.000,0.000,40.000,6.808,586.011,40.000,295.000,585.506,6.418,6.800,39.985,6.808,586.011
296,2.177,0.003,0.003,6.002,0.138,0.161,516.829,2.150,2.440,2.760,0.000,0.000,0.000,0.000,40.000,6.008,517.128,40.000,296.000,516.623,6.771,6.000,39.984,6.008,517.128
297,2.025,0.003,0.003,5.602,0.138,0.161,482.388,2.170,2.460,2.770,0.000,0.000,0.000,0.000,40.000,5.608,482.686,40.000,297.000,482.181,7.029,5.600,39.983,5.608,482.686
298,1.903,0.003,0.003,5.302,0.138,0.161,456.557,2.180,2.470,2.790,0.000,0.000,0.000,0.000,40.000,5.308,456.855,40.000,298.000,456.350,7.216,5.300,39.982,5.308,456.855
299,1.932,0.003,0.003,5.402,0.138,0.161,465.167,2.190,2.480,2.800,0.000,0.000,0.000,0.000,40.000,5.408,465.466,40.000,299.000,464.961,7.395,5.400,39.981,5.408,465.466
300,1.789,0.003,0.003,5.002,0.138,0.161,430.726,2.190,2.480,2.800,0.000,0.000,0.000,0.000,40.000,5.008,431.024,40.000,300.000,430.519,7.463,5.000,39.980,5.008,431.024
301,1.968,0.003,0.003,5.502,0.138,0.161,473.778,2.190,2.480,2.800,0.000,0.000,0.000,0.000,40.000,5.508,474.076,40.000,301.000,473.571,7.465,5.500,39.980,5.508,474.076
302,1.789,0.003,0.003,5.002,0.138,0.161,430.726,2.190,2.480,2.800,0.000,0.000,0.000,0.000,40.000,5.008,431.024,40.000,302.000,430.519,7.428,5.000,39.980,5.008,431.024
303,1.718,0.003,0.003,4.802,0.138,0.161,413.505,2.190,2.480,2.800,0.000,0.000,0.000,0.000,40.000,4.808,413.803,40.000,303.000,413.298,7.381,4.800,39.979,4.808,413.803
304,2.075,0.003,0.003,5.802,0.138,0.161,499.609,2.190,2.480,2.800,0.000,0.000,0.000,0.000,40.000,5.808,499.907,40.000,304.000,499.402,7.375,5.800,39.980,5.808,499.907
305,7.362,0.127,13.240,5.502,5.479,760.001,473.778,2.190,2.480,2.800,0.005,0.759,0.000,0.764,40.000,18.870,1239.257,47.182,305.000,473.571,7.414,5.500,40.455,9.577,820.449
306,7.816,0.000,14.598,5.402,0.000,837.939,465.167,2.190,2.480,2.800,0.005,1.595,0.000,1.600,40.000,20.000,1303.106,55.016,306.000,464.961,7.433,5.400,48.338,20.000,1722.076
307,2.310,0.000,0.038,6.402,0.000,2.209,551.271,2.180,2.470,2.790,0.005,1.595,0.000,1.600,40.000,6.441,553.480,55.016,307.000,551.064,7.298,6.400,48.342,6.434,554.025
308,2.438,0.000,0.000,6.728,0.000,0.000,579.312,2.160,2.440,2.760,0.005,1.593,0.002,1.600,40.000,6.728,579.312,55.008,308.000,576.895,6.859,6.700,48.352,6.734,579.856
309,2.547,0.000,0.000,6.928,0.000,0.000,596.533,2.130,2.410,2.720,0.005,1.591,0.004,1.600,40.000,6.928,596.533,55.001,309.000,594.116,6.278,6.900,48.365,6.934,597.077
310,1.460,0.000,0.000,3.928,0.000,0.000,338.222,2.100,2.380,2.690,0.005,1.589,0.007,1.600,40.000,3.928,338.222,54.994,310.000,335.805,5.785,3.900,48.374,3.934,338.765
311,1.172,0.000,0.000,3.128,0.000,0.000,269.340,2.080,2.360,2.670,0.004,1.587,0.009,1.600,40.000,3.128,269.340,54.986,311.000,266.922,5.394,3.100,48.383,3.134,269.882
312,1.241,0.000,0.000,3.300,0.000,0.000,284.151,2.080,2.350,2.660,0.004,1.585,0.000,1.589,40.000,3.300,284.151,54.910,312.000,292.753,5.330,3.400,46.551,0.000,0.000
313,1.337,0.000,0.000,3.556,0.000,0.000,306.177,2.080,2.350,2.660,0.004,1.583,0.013,1.600,40.000,3.556,306.177,54.972,313.000,292.753,5.299,3.400,48.408,6.864,590.974
314,1.188,0.000,0.000,3.149,0.000,0.000,271.152,2.070,2.350,2.650,0.004,1.581,0.000,1.585,40.000,3.149,271.152,54.868,314.000,284.143,5.193,3.300,46.632,0.000,0.000
315,1.437,0.000,0.000,3.807,0.000,0.000,327.783,2.070,2.340,2.650,0.004,1.579,0.018,1.600,40.000,3.807,327.783,54.957,315.000,309.974,5.083,3.600,48.437,6.964,599.598
316,1.602,0.000,0.000,4.228,0.000,0.000,364.058,2.060,2.330,2.640,0.004,1.576,0.020,1.600,40.000,4.228,364.058,54.950,316.000,361.636,4.998,4.200,48.454,4.234,364.597
317,2.301,0.000,0.000,6.028,0.000,0.000,519.046,2.050,2.320,2.620,0.004,1.574,0.022,1.600,40.000,6.028,519.046,54.943,317.000,516.623,4.747,6.000,48.478,6.034,519.584
318,3.344,0.000,0.000,8.728,0.000,0.000,751.527,2.030,2.300,2.610,0.003,1.572,0.024,1.600,40.000,8.728,751.527,54.936,318.000,749.103,4.479,8.700,48.508,8.734,752.065
319,2.972,0.000,0.000,7.728,0.000,0.000,665.424,2.020,2.290,2.600,0.003,1.570,0.026,1.600,40.000,7.728,665.424,54.928,319.000,662.999,4.285,7.700,45.386,2.574,221.606
320,2.354,0.000,0.000,6.097,0.000,0.000,524.970,2.020,2.290,2.590,0.003,1.568,0.000,1.572,40.000,6.097,524.970,54.743,320.000,551.064,4.227,6.400,41.968,0.000,0.000
321,2.704,0.000,0.000,7.002,0.000,0.000,602.933,2.020,2.290,2.590,0.003,1.566,0.000,1.569,40.000,7.002,602.933,54.722,321.000,602.727,4.224,7.000,40.004,0.000,0.000
322,2.568,0.000,0.000,6.702,0.000,0.000,577.102,2.030,2.300,2.610,0.003,1.564,0.000,1.567,40.000,6.702,577.102,54.701,322.000,576.895,4.459,6.700,39.996,6.702,577.102
323,2.291,0.000,0.000,6.002,0.000,0.000,516.829,2.050,2.320,2.620,0.003,1.562,0.000,1.565,40.000,6.002,516.829,54.681,323.000,516.623,4.731,6.000,39.991,6.002,516.829
324,2.636,0.000,0.648,6.202,0.000,37.195,534.050,2.060,2.330,2.630,0.003,1.597,0.000,1.600,40.000,6.850,571.245,55.008,324.000,533.844,4.895,6.200,43.658,20.000,1325.140
325,2.231,0.000,0.038,5.802,0.000,2.209,499.609,2.050,2.320,2.620,0.003,1.597,0.000,1.600,40.000,5.841,501.818,55.008,325.000,499.402,4.731,5.800,51.253,19.954,1311.969
326,2.033,0.000,0.038,5.202,0.000,2.209,447.946,2.010,2.280,2.580,0.002,1.598,0.000,1.600,40.000,5.241,450.156,55.007,326.000,447.740,4.047,5.200,51.253,5.241,450.156
327,2.369,0.000,0.038,5.902,0.000,2.209,508.219,1.960,2.220,2.510,0.002,1.598,0.000,1.600,40.000,5.941,510.428,55.007,327.000,508.012,2.941,5.900,51.258,5.941,510.428
328,2.620,0.000,0.038,6.402,0.000,2.209,551.271,1.920,2.180,2.460,0.002,1.598,0.000,1.600,40.000,6.441,553.480,55.007,328.000,551.064,2.165,6.400,51.267,6.441,553.480
329,3.228,0.000,6.938,0.002,0.000,398.287,0.207,1.890,2.150,2.430,0.002,1.598,0.000,1.600,40.000,6.941,398.493,55.006,329.000,594.116,1.601,6.900,49.436,6.941,398.493
330,3.259,0.000,6.938,0.002,0.000,398.287,0.207,1.880,2.130,2.410,0.002,1.598,0.000,1.600,40.000,6.941,398.493,55.006,330.000,594.116,1.268,6.900,47.604,6.941,398.493
331,3.543,0.000,7.438,0.002,0.000,426.988,0.207,1.850,2.100,2.380,0.002,1.598,0.000,1.600,40.000,7.441,427.195,55.005,331.000,637.168,0.797,7.400,45.639,7.441,427.195
332,0.001,0.000,0.000,0.002,0.000,0.000,0.207,1.830,2.080,2.360,0.002,1.097,0.000,1.099,40.000,0.002,0.207,50.308,332.000,749.103,0.363,8.700,41.159,0.002,0.207
333,7.701,0.000,16.011,0.007,0.000,919.088,0.621,1.830,2.080,2.360,0.001,1.550,0.000,1.551,40.000,16.018,919.709,54.547,333.000,697.441,0.366,8.100,43.162,16.018,919.709
334,0.000,0.000,0.000,0.000,0.000,0.000,0.000,1.830,2.070,2.350,0.001,1.261,0.000,1.262,40.000,0.000,0.000,51.838,334.000,430.519,0.264,5.000,40.197,0.000,0.000
335,0.000,0.000,0.000,0.000,0.000,0.000,0.000,1.830,2.070,2.350,0.001,1.001,0.000,1.002,40.000,0.000,0.000,49.400,335.000,387.467,0.265,4.500,40.010,0.000,0.000
336,0.003,0.000,0.000,0.007,0.000,0.000,0.621,1.830,2.070,2.350,0.001,0.748,0.000,0.749,40.000,0.007,0.621,47.023,336.000,378.857,0.192,4.400,39.999,0.007,0.621
337,0.000,0.000,0.000,0.000,0.000,0.000,0.000,1.830,2.070,2.340,0.001,0.494,0.000,0.495,40.000,0.000,0.000,44.646,337.000,378.857,0.167,4.400,39.989,0.000,0.000
338,0.000,0.000,0.000,0.000,0.000,0.000,0.000,1.820,2.060,2.330,0.001,0.253,0.000,0.253,40.000,0.000,0.000,42.378,338.000,361.636,-0.011,4.200,39.982,0.000,0.000
339,0.001,0.000,0.000,0.002,0.000,0.000,0.207,1.820,2.060,2.340,0.001,0.000,0.000,0.001,40.000,0.002,0.207,40.007,339.000,378.857,0.064,4.400,39.976,0.002,0.207
340,2.853,0.000,5.903,0.002,0.000,338.836,0.207,1.820,2.070,2.340,0.000,0.000,0.000,0.000,40.000,5.905,339.042,40.005,340.000,508.012,0.118,5.900,39.978,5.905,339.042
341,3.964,0.000,8.203,0.002,0.000,470.862,0.207,1.830,2.070,2.350,0.000,0.000,0.000,0.000,40.000,8.205,471.068,40.003,341.000,706.051,0.248,8.200,39.981,8.205,471.068
342,4.979,0.000,10.503,0.002,0.000,602.887,0.207,1.860,2.110,2.390,0.000,0.000,0.000,0.000,40.000,10.505,603.094,40.002,342.000,904.090,0.917,10.500,39.985,10.505,603.094
343,4.791,0.000,10.203,0.002,0.000,585.667,0.207,1.880,2.130,2.420,0.000,0.000,0.000,0.000,40.000,10.205,585.873,40.000,343.000,878.259,1.400,10.200,39.986,10.205,585.873
344,3.486,0.003,0.003,8.602,0.138,0.161,740.699,1.920,2.180,2.470,0.000,0.000,0.000,0.000,40.000,8.608,740.998,40.000,344.000,740.493,2.210,8.600,39.987,8.608,740.998
345,3.417,0.003,0.003,8.602,0.138,0.161,740.699,1.960,2.230,2.520,0.000,0.000,0.000,0.000,40.000,8.608,740.998,40.000,345.000,740.493,3.068,8.600,39.987,8.608,740.998
346,3.131,0.003,0.003,8.102,0.138,0.161,697.647,2.020,2.290,2.590,0.000,0.000,0.000,0.000,40.000,8.108,697.946,40.000,346.000,697.441,4.156,8.100,39.987,8.108,697.946
347,3.162,0.003,0.003,8.402,0.138,0.161,723.479,2.080,2.350,2.660,0.000,0.000,0.000,0.000,40.000,8.408,723.777,40.000,347.000,723.272,5.309,8.400,39.987,8.408,723.777
348,6.176,0.003,0.003,16.730,0.138,0.161,1440.555,2.110,2.400,2.710,0.000,0.000,0.862,0.862,40.000,16.736,1440.853,45.388,348.000,576.895,6.036,6.700,42.901,16.736,1440.853
349,7.923,0.068,11.894,8.038,2.923,682.771,692.074,2.120,2.410,2.720,0.003,0.682,0.915,1.600,40.000,20.000,1377.768,52.148,349.000,637.168,6.211,7.400,48.502,20.000,1377.768
350,2.428,0.000,0.000,6.532,0.000,0.000,562.403,2.100,2.380,2.690,0.003,0.681,0.917,1.600,40.000,6.532,562.403,52.144,350.000,559.675,5.815,6.500,48.504,6.532,562.403
351,2.739,0.000,0.000,7.232,0.000,0.000,622.676,2.060,2.340,2.640,0.003,0.680,0.918,1.600,40.000,7.232,622.676,52.140,351.000,619.947,5.033,7.200,48.510,7.232,622.676
352,3.001,0.000,0.000,7.832,0.000,0.000,674.339,2.040,2.310,2.610,0.002,0.679,0.919,1.600,40.000,7.832,674.339,52.136,352.000,671.610,4.565,7.800,48.518,7.832,674.339
353,3.166,0.000,0.000,8.232,0.000,0.000,708.781,2.030,2.300,2.600,0.002,0.678,0.920,1.600,40.000,8.232,708.781,52.132,353.000,706.051,4.365,8.200,48.528,8.232,708.781
354,3.294,0.000,0.000,8.532,0.000,0.000,734.612,2.020,2.290,2.590,0.002,0.677,0.921,1.600,40.000,8.532,734.612,52.128,354.000,731.882,4.177,8.500,48.539,8.532,734.612
355,0.000,0.000,0.000,0.000,0.000,0.000,0.000,2.010,2.280,2.580,0.002,0.676,0.077,0.755,40.000,0.000,0.000,46.842,355.000,843.817,4.058,9.800,42.538,0.000,0.000
356,3.298,0.000,0.000,8.510,0.000,0.000,732.744,2.020,2.280,2.580,0.002,0.675,0.000,0.677,40.000,8.510,732.744,46.351,356.000,809.376,4.120,9.400,42.268,8.510,732.744
357,3.939,0.000,0.000,10.202,0.000,0.000,878.465,2.020,2.290,2.590,0.002,0.674,0.000,0.676,40.000,10.202,878.465,46.340,357.000,878.259,4.136,10.200,42.256,10.202,878.465
358,2.279,0.000,0.000,5.902,0.000,0.000,508.219,2.020,2.290,2.590,0.002,0.673,0.000,0.675,40.000,5.902,508.219,46.329,358.000,508.012,4.197,5.900,42.243,5.902,508.219
359,2.032,0.000,0.000,5.302,0.000,0.000,456.557,2.030,2.300,2.610,0.001,0.672,0.000,0.673,40.000,5.302,456.557,46.318,359.000,456.350,4.442,5.300,42.231,5.302,456.557
360,6.280,0.000,0.000,16.392,0.000,0.000,1411.421,2.040,2.310,2.610,0.001,0.671,0.928,1.600,40.000,16.392,1411.421,52.105,360.000,482.181,4.551,5.600,49.217,16.392,1411.421
361,2.012,0.000,0.000,5.232,0.000,0.000,450.473,2.030,2.300,2.600,0.001,0.670,0.929,1.600,40.000,5.232,450.473,52.101,361.000,447.740,4.337,5.200,49.217,5.232,450.473
362,2.152,0.000,0.000,5.532,0.000,0.000,476.304,2.010,2.270,2.570,0.001,0.669,0.930,1.600,40.000,5.532,476.304,52.097,362.000,473.571,3.941,5.500,49.221,5.532,476.304
363,2.012,0.000,0.000,5.132,0.000,0.000,441.863,1.990,2.250,2.550,0.001,0.668,0.931,1.600,40.000,5.132,441.863,52.094,363.000,439.129,3.510,5.100,49.227,5.132,441.863
364,2.275,0.000,0.000,5.732,0.000,0.000,493.526,1.960,2.230,2.520,0.001,0.667,0.932,1.600,40.000,5.732,493.526,52.090,364.000,490.792,3.067,5.700,49.236,5.732,493.526
365,3.373,0.000,0.000,8.332,0.000,0.000,717.396,1.930,2.180,2.470,0.001,0.666,0.933,1.600,40.000,8.332,717.396,52.086,365.000,714.662,2.288,8.300,49.250,8.332,717.396
366,0.000,0.000,0.000,0.000,0.000,0.000,0.000,1.910,2.160,2.450,0.000,0.000,0.931,0.932,40.000,0.000,0.000,45.830,366.000,998.804,1.935,11.600,41.972,0.000,0.000
367,0.116,0.000,0.000,0.285,0.000,0.000,24.500,1.920,2.180,2.460,0.000,0.000,0.000,0.000,40.000,0.285,24.500,40.005,367.000,955.752,2.170,11.100,40.000,0.285,24.500
368,3.521,0.000,0.000,8.802,0.000,0.000,757.920,1.950,2.210,2.500,0.000,0.000,0.000,0.000,40.000,8.802,757.920,40.002,368.000,757.713,2.741,8.800,39.994,8.802,757.920
369,3.112,0.000,0.003,7.902,0.000,0.161,680.427,1.980,2.240,2.540,0.000,0.000,0.000,0.000,40.000,7.905,680.587,40.000,369.000,680.220,3.371,7.900,39.991,7.905,680.587
370,3.054,0.003,0.003,7.902,0.138,0.161,680.427,2.020,2.290,2.590,0.000,0.000,0.000,0.000,40.000,7.908,680.725,40.000,370.000,680.220,4.278,7.900,39.989,7.908,680.725
371,2.721,0.003,0.003,7.202,0.138,0.161,620.154,2.060,2.340,2.650,0.000,0.000,0.000,0.000,40.000,7.208,620.453,40.000,371.000,619.947,5.073,7.200,39.987,7.208,620.453
372,7.454,0.068,11.430,6.802,2.923,656.137,585.713,2.080,2.350,2.660,0.003,0.655,0.000,0.658,40.000,18.301,1244.772,46.177,372.000,585.506,5.333,6.800,42.535,18.301,1244.772
373,7.910,0.000,7.888,12.112,0.000,452.809,1042.863,2.080,2.350,2.660,0.003,1.107,0.491,1.600,40.000,20.000,1495.672,53.474,373.000,551.064,5.295,6.400,50.471,20.000,1495.672
374,2.445,0.000,0.000,6.430,0.000,0.000,553.648,2.050,2.320,2.630,0.003,1.105,0.492,1.600,40.000,6.430,553.648,53.469,374.000,551.064,4.802,6.400,50.471,6.430,553.648
375,2.746,0.000,0.000,7.030,0.000,0.000,605.311,2.000,2.260,2.560,0.002,1.104,0.494,1.600,40.000,7.030,605.311,53.463,375.000,602.727,3.771,7.000,50.476,7.030,605.311
376,2.988,0.000,0.000,7.530,0.000,0.000,648.363,1.970,2.230,2.520,0.002,1.102,0.496,1.600,40.000,7.530,648.363,53.458,376.000,645.779,3.132,7.500,50.484,7.530,648.363
377,3.239,0.000,0.000,8.130,0.000,0.000,700.026,1.950,2.210,2.510,0.002,1.101,0.497,1.600,40.000,8.130,700.026,53.452,377.000,697.441,2.880,8.100,50.494,8.130,700.026
378,3.586,0.000,0.000,8.930,0.000,0.000,768.910,1.940,2.200,2.490,0.002,1.099,0.499,1.600,40.000,8.930,768.910,53.447,378.000,766.324,2.524,8.900,50.505,8.930,768.910
379,1.475,0.000,0.000,3.613,0.000,0.000,311.073,1.910,2.170,2.450,0.002,1.098,0.000,1.100,40.000,3.613,311.073,50.316,379.000,809.376,1.999,9.400,45.727,3.613,311.073
380,0.000,0.000,0.000,0.000,0.000,0.000,0.000,1.900,2.150,2.430,0.002,0.529,0.000,0.530,40.000,0.000,0.000,44.978,380.000,852.428,1.684,9.900,40.964,0.000,0.000
381,0.000,0.000,0.000,0.000,0.000,0.000,0.000,1.900,2.150,2.440,0.002,0.000,0.000,0.002,40.000,0.000,0.000,40.022,381.000,792.155,1.739,9.200,40.002,0.000,0.000
382,2.359,0.000,0.000,5.802,0.000,0.000,499.609,1.920,2.180,2.460,0.001,0.000,0.000,0.002,40.000,5.802,499.609,40.019,382.000,499.402,2.166,5.800,39.998,5.802,499.609
383,1.889,0.000,0.000,4.702,0.000,0.000,404.895,1.940,2.200,2.490,0.001,0.000,0.000,0.001,40.000,4.702,404.895,40.016,383.000,404.688,2.631,4.700,39.994,4.702,404.895
384,1.875,0.000,0.003,4.702,0.000,0.161,404.895,1.950,2.220,2.510,0.001,0.000,0.000,0.001,40.000,4.705,405.055,40.014,384.000,404.688,2.891,4.700,39.990,4.705,405.055
385,3.132,0.000,0.003,7.920,0.000,0.161,681.959,1.970,2.230,2.530,0.001,0.000,0.328,0.329,40.000,7.923,682.119,42.063,385.000,353.026,3.175,4.100,40.411,7.923,682.119
386,7.906,0.000,0.020,19.980,0.000,1.129,1720.382,1.970,2.240,2.530,0.001,0.001,1.598,1.600,40.000,20.000,1721.511,50.008,386.000,447.740,3.288,5.200,48.382,20.000,1721.511
387,2.037,0.000,0.000,5.134,0.000,0.000,442.091,1.970,2.230,2.520,0.001,0.001,1.599,1.600,40.000,5.134,442.091,50.007,387.000,439.129,3.151,5.100,48.386,5.134,442.091
388,0.000,0.000,0.000,0.000,0.000,0.000,0.000,1.960,2.220,2.510,0.001,0.001,1.063,1.064,40.000,0.000,0.000,46.656,388.000,533.844,2.997,6.200,45.047,0.000,0.000
389,5.840,0.000,0.000,14.659,0.000,0.000,1262.216,1.960,2.220,2.510,0.000,0.000,1.599,1.600,40.000,14.659,1262.216,50.004,389.000,723.272,2.952,8.400,48.412,14.659,1262.216
390,1.660,0.000,0.000,4.151,0.000,0.000,357.387,1.950,2.210,2.500,0.000,0.000,0.990,0.991,40.000,4.151,357.387,46.196,390.000,964.363,2.834,11.200,43.787,4.151,357.387
391,0.000,0.000,0.000,0.000,0.000,0.000,0.000,1.940,2.200,2.490,0.000,0.000,0.000,0.000,40.000,0.000,0.000,40.003,391.000,990.194,2.577,11.500,40.002,0.000,0.000
392,3.826,0.000,0.000,9.602,0.000,0.000,826.803,1.950,2.210,2.510,0.000,0.000,0.000,0.000,40.000,9.602,826.803,40.000,392.000,826.597,2.866,9.600,39.995,9.602,826.803
393,3.298,0.003,0.003,8.402,0.138,0.161,723.479,1.990,2.250,2.550,0.000,0.000,0.000,0.000,40.000,8.408,723.777,40.000,393.000,723.272,3.571,8.400,39.991,8.408,723.777
394,4.489,0.006,0.003,11.661,0.276,0.161,1004.042,2.030,2.300,2.600,0.000,0.000,0.349,0.349,40.000,11.670,1004.479,42.182,394.000,654.389,4.315,7.600,40.066,9.260,797.003
395,8.465,0.000,16.850,3.150,0.000,967.222,271.243,2.040,2.320,2.620,0.000,0.966,0.000,0.966,40.000,20.000,1238.465,49.055,395.000,619.947,4.663,7.200,43.404,20.000,1307.518
396,8.928,9.656,3.842,6.502,415.696,220.535,559.881,2.030,2.300,2.600,0.415,1.185,0.000,1.600,40.000,20.000,1196.112,56.297,396.000,559.675,4.327,6.500,49.370,20.000,1196.112
397,2.567,0.000,0.037,6.502,0.000,2.139,559.881,1.980,2.250,2.550,0.415,1.185,0.000,1.600,40.000,6.540,562.020,56.296,397.000,559.675,3.506,6.500,50.777,8.940,699.796
398,2.498,0.000,0.037,6.202,0.000,2.139,534.050,1.950,2.210,2.500,0.414,1.186,0.000,1.600,40.000,6.240,536.189,56.294,398.000,533.844,2.765,6.200,50.785,6.240,536.189
399,2.579,0.000,0.037,6.302,0.000,2.139,542.661,1.920,2.170,2.460,0.413,1.187,0.000,1.600,40.000,6.340,544.800,56.292,399.000,542.454,2.102,6.300,50.794,6.340,544.800
400,3.570,0.000,7.637,0.002,0.000,438.398,0.207,1.890,2.140,2.430,0.413,1.187,0.000,1.600,40.000,7.640,438.605,56.290,400.000,654.389,1.540,7.600,48.650,7.640,438.605
401,3.698,0.000,7.837,0.002,0.000,449.879,0.207,1.870,2.120,2.400,0.412,1.188,0.000,1.600,40.000,7.840,450.086,56.289,401.000,671.610,1.179,7.800,46.583,7.840,450.086
402,0.002,0.000,0.000,0.005,0.000,0.000,0.414,1.860,2.110,2.390,0.412,0.699,0.000,1.111,40.000,0.005,0.414,51.699,402.000,731.882,0.980,8.500,41.548,0.005,0.414
403,8.609,0.000,18.164,0.000,0.000,1042.680,0.000,1.860,2.110,2.380,0.411,1.189,0.000,1.600,40.000,18.164,1042.680,56.285,403.000,826.597,0.850,9.600,43.739,18.164,1042.680
404,4.638,0.000,9.737,0.002,0.000,558.944,0.207,1.850,2.100,2.380,0.411,1.189,0.000,1.600,40.000,9.740,559.151,56.283,404.000,835.207,0.706,9.700,41.259,9.740,559.151
405,3.942,0.000,8.234,0.005,0.000,472.633,0.414,1.850,2.090,2.370,0.410,1.190,0.000,1.600,40.000,8.238,473.047,56.281,405.000,706.051,0.601,8.200,40.158,8.238,473.047
406,2.520,0.000,5.241,0.000,0.000,300.839,0.000,1.830,2.080,2.350,0.410,1.190,0.000,1.600,40.000,5.241,300.839,56.280,406.000,447.740,0.331,5.200,39.987,5.241,300.839
407,2.495,0.000,5.137,0.002,0.000,294.893,0.207,1.820,2.060,2.330,0.409,1.191,0.000,1.600,40.000,5.140,295.099,56.278,407.000,439.129,-0.040,5.100,39.981,5.140,295.099
408,2.335,0.000,4.737,0.002,0.000,271.932,0.207,1.790,2.030,2.300,0.408,1.192,0.000,1.600,40.000,4.740,272.138,56.276,408.000,404.688,-0.621,4.700,39.975,4.740,272.138
409,2.320,0.000,4.637,0.002,0.000,266.192,0.207,1.760,2.000,2.260,0.408,1.192,0.000,1.600,40.000,4.640,266.398,56.275,409.000,396.077,-1.289,4.600,39.971,4.640,266.398
410,2.363,0.000,4.619,0.014,0.000,265.154,1.245,1.730,1.960,2.230,0.407,1.192,0.001,1.600,40.000,4.634,266.399,56.270,410.000,396.077,-1.930,4.600,39.968,4.634,266.399
411,2.534,0.000,4.941,0.000,0.000,283.619,0.000,1.720,1.950,2.210,0.407,1.192,0.001,1.600,40.000,4.941,283.619,56.269,411.000,421.909,-2.292,4.900,39.965,4.941,283.619
412,0.965,0.000,1.871,0.000,0.000,107.417,0.000,1.710,1.940,2.190,0.406,1.000,0.001,1.407,40.000,1.871,107.417,54.456,412.000,447.740,-2.499,5.200,39.964,1.871,107.417
413,0.000,0.000,0.000,0.000,0.000,0.000,0.000,1.700,1.930,2.180,0.406,0.580,0.000,0.986,40.000,0.000,0.000,50.512,413.000,628.558,-2.698,7.300,39.966,0.000,0.000
414,0.000,0.000,0.000,0.000,0.000,0.000,0.000,1.690,1.910,2.170,0.405,0.000,0.000,0.405,40.000,0.000,0.000,45.067,414.000,869.648,-2.975,10.100,39.970,0.000,0.000
415,0.000,0.000,0.000,0.000,0.000,0.000,0.000,1.680,1.900,2.160,0.000,0.000,0.000,0.000,40.000,0.000,0.000,40.003,415.000,809.376,-3.181,9.400,39.973,0.000,0.000
416,4.332,0.000,8.403,0.002,0.000,482.342,0.207,1.710,1.940,2.200,0.000,0.000,0.000,0.000,40.000,8.405,482.549,40.002,416.000,723.272,-2.390,8.400,39.978,8.405,482.549
417,3.634,0.000,7.303,0.002,0.000,419.199,0.207,1.780,2.010,2.280,0.000,0.000,0.000,0.000,40.000,7.305,419.406,40.000,417.000,628.558,-0.952,7.300,39.980,7.305,419.406
418,3.037,0.003,6.403,0.002,0.138,367.537,0.207,1.860,2.110,2.390,0.000,0.000,0.000,0.000,40.000,6.408,367.881,40.000,418.000,551.064,0.989,6.400,39.980,6.408,367.881
419,4.905,0.003,4.749,6.702,0.138,272.621,577.102,1.920,2.180,2.460,0.000,0.272,0.000,0.272,40.000,11.455,849.861,42.551,419.000,576.895,2.158,6.700,39.982,6.708,577.401
420,9.626,13.998,0.000,6.002,602.623,0.000,516.829,1.940,2.200,2.490,0.602,0.272,0.000,0.874,40.000,20.000,1119.453,50.070,420.000,516.623,2.525,6.000,42.820,20.000,1119.493
421,9.193,6.023,8.175,5.802,259.304,469.239,499.609,1.930,2.190,2.480,0.860,0.740,0.000,1.600,40.000,20.000,1228.152,57.688,421.000,499.402,2.410,5.800,49.713,20.000,1228.112
422,2.788,0.000,5.936,0.002,0.000,340.738,0.207,1.880,2.130,2.410,0.859,0.741,0.000,1.600,40.000,5.938,340.945,57.685,422.000,508.012,1.254,5.900,50.845,10.668,612.431
423,2.890,0.000,5.836,0.002,0.000,334.998,0.207,1.780,2.020,2.290,0.858,0.742,0.000,1.600,40.000,5.838,335.204,57.682,423.000,499.402,-0.791,5.800,49.113,5.838,335.204
424,3.471,0.000,6.836,0.002,0.000,392.401,0.207,1.740,1.970,2.230,0.857,0.743,0.000,1.600,40.000,6.838,392.607,57.678,424.000,585.506,-1.866,6.800,47.280,6.838,392.607
425,0.001,0.000,0.000,0.002,0.000,0.000,0.207,1.720,1.950,2.210,0.856,0.358,0.000,1.214,40.000,0.002,0.207,54.055,425.000,576.895,-2.282,6.700,42.343,0.002,0.207
426,0.704,0.000,1.371,0.002,0.000,78.712,0.207,1.720,1.950,2.210,0.855,0.000,0.000,0.855,40.000,1.374,78.918,50.688,426.000,654.389,-2.270,7.600,40.012,1.374,78.918
427,3.849,0.000,7.503,0.002,0.000,430.680,0.207,1.720,1.950,2.210,0.854,0.000,0.000,0.854,40.000,7.505,430.886,50.676,427.000,645.779,-2.191,7.500,40.001,7.505,430.886
428,4.003,0.000,7.803,0.002,0.000,447.901,0.207,1.720,1.950,2.210,0.853,0.000,0.000,0.853,40.000,7.805,448.107,50.663,428.000,671.610,-2.193,7.800,39.992,7.805,448.107
429,3.951,0.000,7.703,0.002,0.000,442.160,0.207,1.720,1.950,2.210,0.852,0.000,0.000,0.852,40.000,7.705,442.367,50.651,429.000,662.999,-2.217,7.700,39.986,7.705,442.367
430,8.803,0.000,17.162,0.005,0.000,985.162,0.414,1.720,1.950,2.210,0.851,0.749,0.000,1.600,40.000,17.167,985.576,57.659,430.000,353.026,-2.274,4.100,46.969,17.167,985.576
431,0.000,0.000,0.000,0.000,0.000,0.000,0.000,1.720,1.940,2.200,0.850,0.530,0.000,1.380,40.000,0.000,0.000,55.593,431.000,327.194,-2.320,3.800,43.358,0.000,0.000
432,0.009,0.000,0.000,0.019,0.000,0.000,1.662,1.710,1.940,2.200,0.849,0.346,0.001,1.196,40.000,0.019,1.662,53.862,432.000,275.532,-2.381,3.200,40.357,0.019,1.662
433,1.810,0.000,3.511,0.000,0.000,201.561,0.000,1.710,1.940,2.190,0.848,0.369,0.001,1.218,40.000,3.511,201.561,54.063,433.000,266.922,-2.501,3.100,40.037,3.511,201.561
434,0.000,0.000,0.000,0.000,0.000,0.000,0.000,1.700,1.930,2.180,0.847,0.202,0.001,1.050,40.000,0.000,0.000,52.485,434.000,249.701,-2.706,2.900,40.022,0.000,0.000
435,0.000,0.000,0.000,0.000,0.000,0.000,0.000,1.690,1.910,2.170,0.846,0.001,0.001,0.847,40.000,0.000,0.000,50.586,435.000,301.363,-2.933,3.500,40.009,0.000,0.000
436,0.000,0.000,0.000,0.000,0.000,0.000,0.000,1.680,1.900,2.160,0.707,0.000,0.001,0.708,40.000,0.000,0.000,48.851,436.000,275.532,-3.152,3.200,39.998,0.000,0.000
437,0.000,0.000,0.000,0.000,0.000,0.000,0.000,1.670,1.900,2.150,0.517,0.000,0.000,0.518,40.000,0.000,0.000,46.472,437.000,378.857,-3.309,4.400,39.989,0.000,0.000
438,0.000,0.000,0.000,0.000,0.000,0.000,0.000,1.670,1.890,2.150,0.241,0.000,0.000,0.242,40.000,0.000,0.000,43.020,438.000,551.064,-3.372,6.400,39.983,0.000,0.000
439,0.000,0.000,0.000,0.000,0.000,0.000,0.000,1.680,1.900,2.150,0.000,0.000,0.000,0.000,40.000,0.000,0.000,40.002,439.000,482.181,-3.248,5.600,39.978,0.000,0.000
440,2.567,0.000,5.003,0.002,0.000,287.173,0.207,1.720,1.950,2.210,0.000,0.000,0.000,0.000,40.000,5.005,287.380,40.000,440.000,430.519,-2.272,5.000,39.977,5.005,287.380
441,2.281,0.003,4.603,0.002,0.138,264.212,0.207,1.780,2.020,2.290,0.000,0.000,0.000,0.000,40.000,4.608,264.557,40.000,441.000,396.077,-0.842,4.600,39.976,4.608,264.557
442,2.089,0.003,4.403,0.002,0.138,252.732,0.207,1.860,2.110,2.390,0.000,0.000,0.000,0.000,40.000,4.408,253.076,40.000,442.000,378.857,0.891,4.400,39.974,4.408,253.076
443,3.456,0.003,3.806,4.147,0.138,218.451,357.058,1.910,2.160,2.450,0.000,0.000,0.356,0.356,40.000,7.956,575.647,42.228,443.000,327.194,1.927,3.800,39.982,3.971,232.656
444,10.363,20.000,0.000,0.000,861.038,0.000,0.000,1.930,2.180,2.470,0.860,0.000,0.063,0.923,40.000,20.000,861.038,51.146,444.000,292.753,2.292,3.400,43.970,20.000,1000.558
445,10.100,17.229,0.003,2.768,741.756,0.161,238.323,1.920,2.170,2.460,1.600,0.000,0.000,1.600,40.000,20.000,980.240,60.000,445.000,301.363,2.119,3.500,51.896,20.000,1011.863
446,1.882,0.041,3.903,0.002,1.776,224.031,0.207,1.850,2.100,2.370,1.600,0.000,0.000,1.600,40.000,3.946,226.013,60.000,446.000,335.805,0.679,3.900,52.635,7.916,396.919
447,2.016,0.041,3.903,0.002,1.776,224.031,0.207,1.730,1.960,2.220,1.600,0.000,0.000,1.600,40.000,3.946,226.013,60.000,447.000,335.805,-1.998,3.900,51.312,3.946,226.013
448,2.398,0.000,4.603,0.002,0.000,264.212,0.207,1.700,1.920,2.180,1.598,0.000,0.000,1.598,40.000,4.605,264.419,59.978,448.000,396.077,-2.793,4.600,49.828,4.605,264.419
449,2.343,0.082,4.403,0.002,3.550,252.732,0.207,1.700,1.920,2.180,1.600,0.000,0.000,1.600,40.000,4.488,256.488,60.000,449.000,378.857,-2.797,4.400,48.453,4.488,256.488
450,2.749,0.041,5.203,0.002,1.776,298.654,0.207,1.690,1.910,2.170,1.600,0.000,0.000,1.600,40.000,5.246,300.636,60.000,450.000,447.740,-2.941,5.200,46.812,5.246,300.636
451,2.944,4.941,0.003,0.002,212.730,0.161,0.207,1.680,1.900,2.160,1.600,0.000,0.000,1.600,40.000,4.946,213.097,60.000,451.000,421.909,-3.157,4.900,44.509,4.946,213.097
452,3.141,5.241,0.003,0.002,225.646,0.161,0.207,1.670,1.890,2.150,1.600,0.000,0.000,1.600,40.000,5.246,226.013,60.000,452.000,447.740,-3.382,5.200,43.000,5.246,226.013
453,3.160,5.241,0.003,0.002,225.646,0.161,0.207,1.660,1.880,2.130,1.600,0.000,0.000,1.600,40.000,5.246,226.013,60.000,453.000,447.740,-3.604,5.200,41.761,5.246,226.013
454,1.846,3.041,0.003,0.002,130.932,0.161,0.207,1.650,1.870,2.120,1.600,0.000,0.000,1.600,40.000,3.046,131.299,60.000,454.000,258.311,-3.846,3.000,41.053,3.046,131.299
455,0.023,0.000,0.025,0.019,0.000,1.453,1.662,1.640,1.860,2.110,1.478,0.001,0.001,1.481,40.000,0.045,3.116,58.494,455.000,241.091,-4.076,2.800,40.020,0.045,3.116
456,0.000,0.000,0.000,0.000,0.000,0.000,0.000,1.640,1.850,2.100,1.347,0.001,0.001,1.350,40.000,0.000,0.000,56.858,456.000,258.311,-4.277,3.000,40.007,0.000,0.000
457,0.000,0.000,0.000,0.000,0.000,0.000,0.000,1.630,1.840,2.090,1.229,0.001,0.001,1.231,40.000,0.000,0.000,55.384,457.000,232.480,-4.438,2.700,39.996,0.000,0.000
458,0.000,0.000,0.000,0.000,0.000,0.000,0.000,1.620,1.840,2.080,1.078,0.001,0.001,1.079,40.000,0.000,0.000,53.482,458.000,301.363,-4.557,3.500,39.987,0.000,0.000
459,0.000,0.000,0.000,0.000,0.000,0.000,0.000,1.620,1.840,2.080,0.939,0.001,0.001,0.940,40.000,0.000,0.000,51.744,459.000,275.532,-4.605,3.200,39.979,0.000,0.000
460,0.000,0.000,0.000,0.000,0.000,0.000,0.000,1.620,1.840,2.080,0.791,0.000,0.000,0.792,40.000,0.000,0.000,49.899,460.000,292.753,-4.620,3.400,39.973,0.000,0.000
461,0.000,0.000,0.000,0.000,0.000,0.000,0.000,1.620,1.830,2.080,0.537,0.000,0.000,0.537,40.000,0.000,0.000,46.713,461.000,508.012,-4.638,5.900,39.971,0.000,0.000
462,0.000,0.000,0.000,0.000,0.000,0.000,0.000,1.620,1.830,2.080,0.226,0.000,0.000,0.227,40.000,0.000,0.000,42.831,462.000,619.947,-4.671,7.200,39.971,0.000,0.000
463,1.195,1.946,0.000,0.002,83.765,0.000,0.207,1.630,1.840,2.090,0.000,0.000,0.000,0.000,40.000,1.948,83.972,40.000,463.000,619.947,-4.482,7.200,39.972,1.948,83.972
464,3.408,0.003,6.503,0.002,0.138,373.277,0.207,1.690,1.910,2.170,0.000,0.000,0.000,0.000,40.000,6.508,373.622,40.000,464.000,559.675,-2.971,6.500,39.975,6.508,373.622
465,3.019,0.003,6.003,0.002,0.138,344.576,0.207,1.760,1.990,2.250,0.000,0.000,0.000,0.000,40.000,6.008,344.920,40.000,465.000,516.623,-1.401,6.000,39.976,6.008,344.920
466,3.111,0.003,6.403,0.002,0.138,367.537,0.207,1.810,2.060,2.330,0.000,0.000,0.000,0.000,40.000,6.408,367.881,40.000,466.000,551.064,-0.098,6.400,39.978,6.408,367.881
467,6.696,0.003,14.053,0.005,0.138,806.665,0.414,1.850,2.100,2.380,0.000,0.473,0.000,0.473,40.000,14.061,807.216,44.436,467.000,499.402,0.753,5.800,40.832,14.061,807.216
468,10.638,20.000,0.000,0.000,861.038,0.000,0.000,1.880,2.130,2.410,0.860,0.134,0.000,0.994,40.000,20.000,861.038,52.007,468.000,508.012,1.235,5.900,43.481,20.000,861.038
469,10.520,17.229,2.768,0.002,741.756,158.905,0.207,1.870,2.120,2.410,1.600,0.000,0.000,1.600,40.000,20.000,900.868,60.000,469.000,439.129,1.198,5.100,49.247,20.000,900.868
470,2.537,0.041,5.203,0.002,1.776,298.654,0.207,1.820,2.070,2.340,1.600,0.000,0.000,1.600,40.000,5.246,300.636,60.000,470.000,447.740,0.150,5.200,47.402,5.246,300.636
471,2.898,0.041,5.603,0.002,1.776,321.615,0.207,1.720,1.950,2.210,1.600,0.000,0.000,1.600,40.000,5.646,323.597,60.000,471.000,482.181,-2.251,5.600,45.422,5.646,323.597
472,3.539,5.941,0.003,0.002,255.782,0.161,0.207,1.680,1.900,2.150,1.600,0.000,0.000,1.600,40.000,5.946,256.149,60.000,472.000,508.012,-3.233,5.900,42.764,5.946,256.149
473,3.440,5.741,0.003,0.002,247.172,0.161,0.207,1.670,1.890,2.140,1.600,0.000,0.000,1.600,40.000,5.746,247.539,60.000,473.000,490.792,-3.452,5.700,40.954,5.746,247.539
474,3.762,6.241,0.003,0.002,268.698,0.161,0.207,1.660,1.880,2.130,1.600,0.000,0.000,1.600,40.000,6.246,269.065,60.000,474.000,533.844,-3.636,6.200,40.164,6.246,269.065
475,0.005,0.000,0.006,0.005,0.000,0.322,0.414,1.650,1.870,2.120,1.297,0.000,0.000,1.298,40.000,0.010,0.735,56.217,475.000,602.727,-3.814,7.000,39.996,0.010,0.735
476,8.955,14.775,0.000,0.000,636.105,0.000,0.000,1.650,1.860,2.110,1.600,0.000,0.000,1.600,40.000,14.775,636.105,60.000,476.000,662.999,-3.992,7.700,39.989,14.775,636.105
477,4.540,7.441,0.003,0.002,320.360,0.161,0.207,1.640,1.860,2.100,1.600,0.000,0.000,1.600,40.000,7.446,320.727,60.000,477.000,637.168,-4.169,7.400,39.984,7.446,320.727
478,2.727,4.441,0.003,0.002,191.204,0.161,0.207,1.630,1.850,2.090,1.600,0.000,0.000,1.600,40.000,4.446,191.572,60.000,478.000,378.857,-4.391,4.400,39.978,4.446,191.572
479,0.016,0.000,0.025,0.005,0.000,1.453,0.414,1.620,1.840,2.080,1.443,0.001,0.000,1.445,40.000,0.030,1.867,58.056,479.000,309.974,-4.601,3.600,39.972,0.030,1.867
480,4.600,7.453,0.000,0.000,320.845,0.000,0.000,1.620,1.830,2.070,1.599,0.001,0.000,1.600,40.000,7.453,320.845,59.996,480.000,327.194,-4.745,3.800,39.967,7.453,320.845
481,0.008,0.000,0.000,0.017,0.000,0.000,1.453,1.610,1.820,2.070,1.434,0.001,0.001,1.436,40.000,0.017,1.453,57.938,481.000,327.194,-4.892,3.800,39.963,0.017,1.453
482,0.000,0.000,0.000,0.000,0.000,0.000,0.000,1.600,1.810,2.050,1.269,0.001,0.001,1.270,40.000,0.000,0.000,55.872,482.000,327.194,-5.189,3.800,39.960,0.000,0.000
483,0.000,0.000,0.000,0.000,0.000,0.000,0.000,1.590,1.800,2.040,1.099,0.001,0.001,1.101,40.000,0.000,0.000,53.755,483.000,335.805,-5.490,3.900,39.957,0.000,0.000
484,0.000,0.000,0.000,0.000,0.000,0.000,0.000,1.580,1.780,2.020,0.918,0.000,0.001,0.919,40.000,0.000,0.000,51.478,484.000,361.636,-5.790,4.200,39.956,0.000,0.000
485,0.000,0.000,0.000,0.000,0.000,0.000,0.000,1.570,1.770,2.010,0.671,0.000,0.000,0.672,40.000,0.000,0.000,48.398,485.000,490.792,-6.066,5.700,39.957,0.000,0.000
486,0.000,0.000,0.000,0.000,0.000,0.000,0.000,1.550,1.750,1.990,0.357,0.000,0.000,0.357,40.000,0.000,0.000,44.460,486.000,628.558,-6.426,7.300,39.961,0.000,0.000
487,0.000,0.000,0.000,0.000,0.000,0.000,0.000,1.550,1.750,1.980,0.059,0.000,0.000,0.059,40.000,0.000,0.000,40.741,487.000,594.116,-6.615,6.900,39.963,0.000,0.000
488,3.206,5.125,0.003,0.002,220.661,0.161,0.207,1.600,1.810,2.050,0.000,0.000,0.000,0.000,40.000,5.131,221.028,40.000,488.000,559.675,-5.138,6.500,39.968,5.131,221.028
489,3.197,5.303,0.003,0.002,228.313,0.161,0.207,1.660,1.880,2.140,0.000,0.000,0.000,0.000,40.000,5.308,228.680,40.000,489.000,456.350,-3.580,5.300,39.969,5.308,228.680
490,2.328,0.003,4.603,0.002,0.138,264.212,0.207,1.750,1.980,2.250,0.000,0.000,0.000,0.000,40.000,4.608,264.557,40.000,490.000,396.077,-1.560,4.600,39.970,4.608,264.557
491,3.996,0.003,8.225,0.002,0.138,472.146,0.207,1.810,2.060,2.330,0.000,0.219,0.000,0.219,40.000,8.231,472.490,42.055,491.000,378.857,-0.080,4.400,40.089,8.231,472.490
492,10.780,19.513,0.485,0.002,840.055,27.840,0.207,1.850,2.090,2.370,0.839,0.000,0.000,0.839,40.000,20.000,868.101,50.488,492.000,370.246,0.611,4.300,43.358,20.000,868.101
493,10.117,9.226,10.771,0.002,397.203,618.308,0.207,1.850,2.100,2.380,1.235,0.365,0.000,1.600,40.000,20.000,1015.718,58.859,493.000,378.857,0.779,4.400,50.868,20.000,1015.718
494,3.103,5.645,0.000,0.002,243.048,0.000,0.207,1.820,2.060,2.340,1.476,0.124,0.000,1.600,40.000,5.648,243.255,59.613,494.000,361.636,0.046,4.200,49.460,5.648,243.255
495,2.241,0.000,4.434,0.002,0.000,254.529,0.207,1.750,1.980,2.250,1.475,0.125,0.000,1.600,40.000,4.437,254.736,59.608,495.000,378.857,-1.508,4.400,47.989,4.437,254.736
496,1.214,0.000,2.338,0.019,0.000,134.214,1.662,1.720,1.940,2.200,1.473,0.001,0.001,1.476,40.000,2.357,135.876,58.432,496.000,387.467,-2.332,4.500,45.031,2.357,135.876
497,0.000,0.000,0.000,0.000,0.000,0.000,0.000,1.690,1.910,2.170,1.252,0.001,0.001,1.254,40.000,0.000,0.000,55.667,497.000,439.129,-3.014,5.100,41.455,0.000,0.000
498,0.000,0.000,0.000,0.000,0.000,0.000,0.000,1.650,1.870,2.120,0.993,0.001,0.001,0.994,40.000,0.000,0.000,52.420,498.000,516.623,-3.873,6.000,39.992,0.000,0.000
499,0.000,0.000,0.000,0.000,0.000,0.000,0.000,1.610,1.830,2.070,0.742,0.001,0.001,0.743,40.000,0.000,0.000,49.285,499.000,499.402,-4.842,5.800,39.985,0.000,0.000
500,0.000,0.000,0.000,0.000,0.000,0.000,0.000,1.580,1.790,2.030,0.492,0.000,0.001,0.493,40.000,0.000,0.000,46.153,500.000,499.402,-5.690,5.800,39.980,0.000,0.000
501,0.000,0.000,0.000,0.000,0.000,0.000,0.000,1.560,1.760,2.000,0.250,0.000,0.000,0.251,40.000,0.000,0.000,43.132,501.000,482.181,-6.235,5.600,39.976,0.000,0.000
502,0.000,0.000,0.000,0.000,0.000,0.000,0.000,1.550,1.750,1.980,0.112,0.000,0.000,0.112,40.000,0.000,0.000,41.404,502.000,275.532,-6.605,3.200,39.969,0.000,0.000
503,0.000,0.000,0.000,0.000,0.000,0.000,0.000,1.530,1.730,1.960,0.000,0.000,0.000,0.000,40.000,0.000,0.000,40.000,503.000,223.870,-6.903,2.600,39.963,0.000,0.000
