 TIME                                   ,Massenstrom                             ,
  +0.0000000000000000E+00,  +1.4637646909351830E+02,
  +1.0000000000000000E+00,  +1.4637646909351830E+02,
  +2.0000000000000000E+00,  +1.5498684111934944E+02,
  +3.0000000000000000E+00,  +1.4637646909351830E+02,
  +4.0000000000000000E+00,  +1.5498684111934944E+02,
  +5.0000000000000000E+00,  +2.2386987940684043E+02,
  +6.0000000000000000E+00,  +3.0997368232480261E+02,
  +7.0000000000000000E+00,  +2.8414254549629277E+02,
  +8.0000000000000000E+00,  +2.6692178086582157E+02,
  +9.0000000000000000E+00,  +2.4109064403731162E+02,
  +1.0000000000000000E+01,  +2.3248027201148054E+02,
  +1.1000000000000000E+01,  +1.9803874257833053E+02,
  +1.2000000000000000E+01,  +1.7220760583592443E+02,
  +1.3000000000000000E+01,  +1.5498684111934944E+02,
  +1.4000000000000000E+01,  +1.8942837055249942E+02,
  +1.5000000000000000E+01,  +2.0664913518297061E+02,
  +1.6000000000000000E+01,  +1.8081797794785933E+02,
  +1.7000000000000000E+01,  +1.8081797794785933E+02,
  +1.8000000000000000E+01,  +1.9803874257833053E+02,
  +1.9000000000000000E+01,  +2.0664913518297061E+02,
  +2.0000000000000000E+01,  +2.1525950729490552E+02,
  +2.1000000000000000E+01,  +2.0664913518297061E+02,
  +2.2000000000000000E+01,  +9.4714185276249708E+01,
  +2.3000000000000000E+01,  +7.7493420559674718E+01,
  +2.4000000000000000E+01,  +8.6103802917962213E+01,
  +2.5000000000000000E+01,  +1.6359722347763690E+02,
  +2.6000000000000000E+01,  +1.5498684111934944E+02,
  +2.7000000000000000E+01,  +1.7220760583592443E+02,
  +2.8000000000000000E+01,  +2.2386987940684043E+02,
  +2.9000000000000000E+01,  +3.0997368232480261E+02,
  +3.0000000000000000E+01,  +4.7357091604879213E+02,
  +3.1000000000000000E+01,  +4.3912938670174594E+02,
  +3.2000000000000000E+01,  +3.8746711313082989E+02,
  +3.3000000000000000E+01,  +3.7885674101889498E+02,
  +3.4000000000000000E+01,  +3.5302558378378376E+02,
  +3.5000000000000000E+01,  +3.4441521167184885E+02,
  +3.6000000000000000E+01,  +3.2719444695527380E+02,
  +3.7000000000000000E+01,  +3.3580483955991394E+02,
  +3.8000000000000000E+01,  +3.0997368232480261E+02,
  +3.9000000000000000E+01,  +3.2719444695527380E+02,
  +4.0000000000000000E+01,  +3.7024636899306381E+02,
  +4.1000000000000000E+01,  +3.7024636899306381E+02,
  +4.2000000000000000E+01,  +4.3051901458981104E+02,
  +4.3000000000000000E+01,  +4.3051901458981104E+02,
  +4.4000000000000000E+01,  +4.4773975872757717E+02,
  +4.5000000000000000E+01,  +4.8218128816072709E+02,
  +4.6000000000000000E+01,  +3.0997368232480261E+02,
  +4.7000000000000000E+01,  +2.9275293810093279E+02,
  +4.8000000000000000E+01,  +3.0997368232480261E+02,
  +4.9000000000000000E+01,  +2.9275293810093279E+02,
  +5.0000000000000000E+01,  +2.8414254549629277E+02,
  +5.1000000000000000E+01,  +2.7553217347046160E+02,
  +5.2000000000000000E+01,  +3.0997368232480261E+02,
  +5.3000000000000000E+01,  +4.5635017191102605E+02,
  +5.4000000000000000E+01,  +5.6828509107868922E+02,
  +5.5000000000000000E+01,  +5.1662281750777333E+02,
  +5.6000000000000000E+01,  +4.0468785726859602E+02,
  +5.7000000000000000E+01,  +3.5302558378378376E+02,
  +5.8000000000000000E+01,  +3.8746711313082989E+02,
  +5.9000000000000000E+01,  +3.3580483955991394E+02,
  +6.0000000000000000E+01,  +3.3580483955991394E+02,
  +6.1000000000000000E+01,  +3.2719444695527380E+02,
  +6.2000000000000000E+01,  +3.2719444695527380E+02,
  +6.3000000000000000E+01,  +3.0136331021286770E+02,
  +6.4000000000000000E+01,  +3.0136331021286770E+02,
  +6.5000000000000000E+01,  +3.2719444695527380E+02,
  +6.6000000000000000E+01,  +3.0997368232480261E+02,
  +6.7000000000000000E+01,  +3.8746711313082989E+02,
  +6.8000000000000000E+01,  +4.0468785726859602E+02,
  +6.9000000000000000E+01,  +3.6163595580961493E+02,
  +7.0000000000000000E+01,  +2.4109064403731162E+02,
  +7.1000000000000000E+01,  +2.0664913518297061E+02,
  +7.2000000000000000E+01,  +2.1525950729490552E+02,
  +7.3000000000000000E+01,  +2.2386987940684043E+02,
  +7.4000000000000000E+01,  +2.3248027201148054E+02,
  +7.5000000000000000E+01,  +2.4970103664195167E+02,
  +7.6000000000000000E+01,  +2.7553217347046160E+02,
  +7.7000000000000000E+01,  +3.9607748524276485E+02,
  +7.8000000000000000E+01,  +5.2523318961970824E+02,
  +7.9000000000000000E+01,  +5.5106434685481941E+02,
  +8.0000000000000000E+01,  +4.6496054393685722E+02,
  +8.1000000000000000E+01,  +3.7885674101889498E+02,
  +8.2000000000000000E+01,  +3.9607748524276485E+02,
  +8.3000000000000000E+01,  +3.9607748524276485E+02,
  +8.4000000000000000E+01,  +3.7024636899306381E+02,
  +8.5000000000000000E+01,  +3.6163595580961493E+02,
  +8.6000000000000000E+01,  +3.6163595580961493E+02,
  +8.7000000000000000E+01,  +3.8746711313082989E+02,
  +8.8000000000000000E+01,  +4.2190864247787613E+02,
  +8.9000000000000000E+01,  +4.1329827045204490E+02,
  +9.0000000000000000E+01,  +4.3051901458981104E+02,
  +9.1000000000000000E+01,  +4.4773975872757717E+02,
  +9.2000000000000000E+01,  +4.6496054393685722E+02,
  +9.3000000000000000E+01,  +4.3051901458981104E+02,
  +9.4000000000000000E+01,  +2.6692178086582157E+02,
  +9.5000000000000000E+01,  +2.3248027201148054E+02,
  +9.6000000000000000E+01,  +2.2386987940684043E+02,
  +9.7000000000000000E+01,  +2.1525950729490552E+02,
  +9.8000000000000000E+01,  +2.0664913518297061E+02,
  +9.9000000000000000E+01,  +2.0664913518297061E+02,
  +1.0000000000000000E+02,  +2.2386987940684043E+02,
  +1.0100000000000000E+02,  +3.5302558378378376E+02,
  +1.0200000000000000E+02,  +4.6496054393685722E+02,
  +1.0300000000000000E+02,  +4.8218128816072709E+02,
  +1.0400000000000000E+02,  +4.3051901458981104E+02,
  +1.0500000000000000E+02,  +3.9607748524276485E+02,
  +1.0600000000000000E+02,  +4.1329827045204490E+02,
  +1.0700000000000000E+02,  +3.8746711313082989E+02,
  +1.0800000000000000E+02,  +3.1858407492944275E+02,
  +1.0900000000000000E+02,  +3.2719444695527380E+02,
  +1.1000000000000000E+02,  +3.4441521167184885E+02,
  +1.1100000000000000E+02,  +3.6163595580961493E+02,
  +1.1200000000000000E+02,  +3.7885674101889498E+02,
  +1.1300000000000000E+02,  +3.8746711313082989E+02,
  +1.1400000000000000E+02,  +5.0801244539583826E+02,
  +1.1500000000000000E+02,  +5.2523318961970824E+02,
  +1.1600000000000000E+02,  +5.0801244539583826E+02,
  +1.1700000000000000E+02,  +4.8218128816072709E+02,
  +1.1800000000000000E+02,  +2.9275293810093279E+02,
  +1.1900000000000000E+02,  +2.8414254549629277E+02,
  +1.2000000000000000E+02,  +2.7553217347046160E+02,
  +1.2100000000000000E+02,  +2.7553217347046160E+02,
  +1.2200000000000000E+02,  +2.5831140875388667E+02,
  +1.2300000000000000E+02,  +2.7553217347046160E+02,
  +1.2400000000000000E+02,  +3.3580483955991394E+02,
  +1.2500000000000000E+02,  +4.4773975872757717E+02,
  +1.2600000000000000E+02,  +6.1133699253767031E+02,
  +1.2700000000000000E+02,  +5.5967471896675431E+02,
  +1.2800000000000000E+02,  +4.9079166018655826E+02,
  +1.2900000000000000E+02,  +4.7357091604879213E+02,
  +1.3000000000000000E+02,  +4.4773975872757717E+02,
  +1.3100000000000000E+02,  +4.1329827045204490E+02,
  +1.3200000000000000E+02,  +4.1329827045204490E+02,
  +1.3300000000000000E+02,  +3.9607748524276485E+02,
  +1.3400000000000000E+02,  +4.1329827045204490E+02,
  +1.3500000000000000E+02,  +4.4773975872757717E+02,
  +1.3600000000000000E+02,  +4.2190864247787613E+02,
  +1.3700000000000000E+02,  +4.7357091604879213E+02,
  +1.3800000000000000E+02,  +4.7357091604879213E+02,
  +1.3900000000000000E+02,  +5.0801244539583826E+02,
  +1.4000000000000000E+02,  +5.4245397482898818E+02,
  +1.4100000000000000E+02,  +5.1662281750777333E+02,
  +1.4200000000000000E+02,  +2.8414254549629277E+02,
  +1.4300000000000000E+02,  +2.9275293810093279E+02,
  +1.4400000000000000E+02,  +2.6692178086582157E+02,
  +1.4500000000000000E+02,  +2.9275293810093279E+02,
  +1.4600000000000000E+02,  +2.6692178086582157E+02,
  +1.4700000000000000E+02,  +2.8414254549629277E+02,
  +1.4800000000000000E+02,  +3.1858407492944275E+02,
  +1.4900000000000000E+02,  +4.3051901458981104E+02,
  +1.5000000000000000E+02,  +6.1133699253767031E+02,
  +1.5100000000000000E+02,  +5.7689546310452045E+02,
  +1.5200000000000000E+02,  +5.1662281750777333E+02,
  +1.5300000000000000E+02,  +4.1329827045204490E+02,
  +1.5400000000000000E+02,  +4.0468785726859602E+02,
  +1.5500000000000000E+02,  +4.1329827045204490E+02,
  +1.5600000000000000E+02,  +3.7885674101889498E+02,
  +1.5700000000000000E+02,  +4.0468785726859602E+02,
  +1.5800000000000000E+02,  +3.5302558378378376E+02,
  +1.5900000000000000E+02,  +4.2190864247787613E+02,
  +1.6000000000000000E+02,  +4.3912938670174594E+02,
  +1.6100000000000000E+02,  +4.7357091604879213E+02,
  +1.6200000000000000E+02,  +5.2523318961970824E+02,
  +1.6300000000000000E+02,  +5.5967471896675431E+02,
  +1.6400000000000000E+02,  +5.2523318961970824E+02,
  +1.6500000000000000E+02,  +5.0801244539583826E+02,
  +1.6600000000000000E+02,  +2.8414254549629277E+02,
  +1.6700000000000000E+02,  +2.4109064403731162E+02,
  +1.6800000000000000E+02,  +2.4109064403731162E+02,
  +1.6900000000000000E+02,  +2.3248027201148054E+02,
  +1.7000000000000000E+02,  +2.2386987940684043E+02,
  +1.7100000000000000E+02,  +2.2386987940684043E+02,
  +1.7200000000000000E+02,  +2.9275293810093279E+02,
  +1.7300000000000000E+02,  +4.4773975872757717E+02,
  +1.7400000000000000E+02,  +5.5967471896675431E+02,
  +1.7500000000000000E+02,  +5.5967471896675431E+02,
  +1.7600000000000000E+02,  +4.6496054393685722E+02,
  +1.7700000000000000E+02,  +4.4773975872757717E+02,
  +1.7800000000000000E+02,  +4.2190864247787613E+02,
  +1.7900000000000000E+02,  +4.0468785726859602E+02,
  +1.8000000000000000E+02,  +3.7885674101889498E+02,
  +1.8100000000000000E+02,  +3.6163595580961493E+02,
  +1.8200000000000000E+02,  +4.1329827045204490E+02,
  +1.8300000000000000E+02,  +3.9607748524276485E+02,
  +1.8400000000000000E+02,  +4.3051901458981104E+02,
  +1.8500000000000000E+02,  +4.3912938670174594E+02,
  +1.8600000000000000E+02,  +4.9079166018655826E+02,
  +1.8700000000000000E+02,  +4.9940207337000709E+02,
  +1.8800000000000000E+02,  +5.3384356164553935E+02,
  +1.8900000000000000E+02,  +5.0801244539583826E+02,
  +1.9000000000000000E+02,  +3.0136331021286770E+02,
  +1.9100000000000000E+02,  +2.5831140875388667E+02,
  +1.9200000000000000E+02,  +2.4109064403731162E+02,
  +1.9300000000000000E+02,  +2.3248027201148054E+02,
  +1.9400000000000000E+02,  +2.5831140875388667E+02,
  +1.9500000000000000E+02,  +2.5831140875388667E+02,
  +1.9600000000000000E+02,  +2.8414254549629277E+02,
  +1.9700000000000000E+02,  +3.7024636899306381E+02,
  +1.9800000000000000E+02,  +5.3384356164553935E+02,
  +1.9900000000000000E+02,  +5.3384356164553935E+02,
  +2.0000000000000000E+02,  +4.3051901458981104E+02,
  +2.0100000000000000E+02,  +4.3051901458981104E+02,
  +2.0200000000000000E+02,  +3.7885674101889498E+02,
  +2.0300000000000000E+02,  +3.6163595580961493E+02,
  +2.0400000000000000E+02,  +3.3580483955991394E+02,
  +2.0500000000000000E+02,  +3.4441521167184885E+02,
  +2.0600000000000000E+02,  +3.5302558378378376E+02,
  +2.0700000000000000E+02,  +3.2719444695527380E+02,
  +2.0800000000000000E+02,  +3.4441521167184885E+02,
  +2.0900000000000000E+02,  +3.5302558378378376E+02,
  +2.1000000000000000E+02,  +4.0468785726859602E+02,
  +2.1100000000000000E+02,  +4.3051901458981104E+02,
  +2.1200000000000000E+02,  +4.2190864247787613E+02,
  +2.1300000000000000E+02,  +4.0468785726859602E+02,
  +2.1400000000000000E+02,  +2.4970103664195167E+02,
  +2.1500000000000000E+02,  +2.0664913518297061E+02,
  +2.1600000000000000E+02,  +1.8942837055249942E+02,
  +2.1700000000000000E+02,  +1.8081797794785933E+02,
  +2.1800000000000000E+02,  +1.8942837055249942E+02,
  +2.1900000000000000E+02,  +2.1525950729490552E+02,
  +2.2000000000000000E+02,  +2.4970103664195167E+02,
  +2.2100000000000000E+02,  +3.5302558378378376E+02,
  +2.2200000000000000E+02,  +5.0801244539583826E+02,
  +2.2300000000000000E+02,  +4.8218128816072709E+02,
  +2.2400000000000000E+02,  +4.1329827045204490E+02,
  +2.2500000000000000E+02,  +3.7885674101889498E+02,
  +2.2600000000000000E+02,  +3.7024636899306381E+02,
  +2.2700000000000000E+02,  +3.3580483955991394E+02,
  +2.2800000000000000E+02,  +3.2719444695527380E+02,
  +2.2900000000000000E+02,  +3.0136331021286770E+02,
  +2.3000000000000000E+02,  +3.2719444695527380E+02,
  +2.3100000000000000E+02,  +3.0136331021286770E+02,
  +2.3200000000000000E+02,  +3.4441521167184885E+02,
  +2.3300000000000000E+02,  +3.8746711313082989E+02,
  +2.3400000000000000E+02,  +4.3051901458981104E+02,
  +2.3500000000000000E+02,  +4.2190864247787613E+02,
  +2.3600000000000000E+02,  +4.3912938670174594E+02,
  +2.3700000000000000E+02,  +4.3051901458981104E+02,
  +2.3800000000000000E+02,  +2.4109064403731162E+02,
  +2.3900000000000000E+02,  +1.9803874257833053E+02,
  +2.4000000000000000E+02,  +1.9803874257833053E+02,
  +2.4100000000000000E+02,  +1.8942837055249942E+02,
  +2.4200000000000000E+02,  +1.8942837055249942E+02,
  +2.4300000000000000E+02,  +1.8942837055249942E+02,
  +2.4400000000000000E+02,  +2.1525950729490552E+02,
  +2.4500000000000000E+02,  +3.1858407492944275E+02,
  +2.4600000000000000E+02,  +4.8218128816072709E+02,
  +2.4700000000000000E+02,  +4.1329827045204490E+02,
  +2.4800000000000000E+02,  +3.6163595580961493E+02,
  +2.4900000000000000E+02,  +3.3580483955991394E+02,
  +2.5000000000000000E+02,  +2.9275293810093279E+02,
  +2.5100000000000000E+02,  +3.0997368232480261E+02,
  +2.5200000000000000E+02,  +2.8414254549629277E+02,
  +2.5300000000000000E+02,  +2.9275293810093279E+02,
  +2.5400000000000000E+02,  +2.5831140875388667E+02,
  +2.5500000000000000E+02,  +2.8414254549629277E+02,
  +2.5600000000000000E+02,  +3.1858407492944275E+02,
  +2.5700000000000000E+02,  +3.4441521167184885E+02,
  +2.5800000000000000E+02,  +3.7024636899306381E+02,
  +2.5900000000000000E+02,  +3.7024636899306381E+02,
  +2.6000000000000000E+02,  +3.8746711313082989E+02,
  +2.6100000000000000E+02,  +3.2719444695527380E+02,
  +2.6200000000000000E+02,  +2.2386987940684043E+02,
  +2.6300000000000000E+02,  +2.1525950729490552E+02,
  +2.6400000000000000E+02,  +2.0664913518297061E+02,
  +2.6500000000000000E+02,  +1.9803874257833053E+02,
  +2.6600000000000000E+02,  +2.0664913518297061E+02,
  +2.6700000000000000E+02,  +2.1525950729490552E+02,
  +2.6800000000000000E+02,  +2.3248027201148054E+02,
  +2.6900000000000000E+02,  +3.3580483955991394E+02,
  +2.7000000000000000E+02,  +4.5635017191102605E+02,
  +2.7100000000000000E+02,  +4.4773975872757717E+02,
  +2.7200000000000000E+02,  +3.8746711313082989E+02,
  +2.7300000000000000E+02,  +3.7024636899306381E+02,
  +2.7400000000000000E+02,  +3.2719444695527380E+02,
  +2.7500000000000000E+02,  +3.2719444695527380E+02,
  +2.7600000000000000E+02,  +3.0136331021286770E+02,
  +2.7700000000000000E+02,  +3.2719444695527380E+02,
  +2.7800000000000000E+02,  +3.2719444695527380E+02,
  +2.7900000000000000E+02,  +3.1858407492944275E+02,
  +2.8000000000000000E+02,  +3.6163595580961493E+02,
  +2.8100000000000000E+02,  +3.6163595580961493E+02,
  +2.8200000000000000E+02,  +4.2190864247787613E+02,
  +2.8300000000000000E+02,  +4.1329827045204490E+02,
  +2.8400000000000000E+02,  +4.4773975872757717E+02,
  +2.8500000000000000E+02,  +4.1329827045204490E+02,
  +2.8600000000000000E+02,  +2.7553217347046160E+02,
  +2.8700000000000000E+02,  +2.3248027201148054E+02,
  +2.8800000000000000E+02,  +2.7553217347046160E+02,
  +2.8900000000000000E+02,  +2.8414254549629277E+02,
  +2.9000000000000000E+02,  +3.0136331021286770E+02,
  +2.9100000000000000E+02,  +2.9275293810093279E+02,
  +2.9200000000000000E+02,  +3.2719444695527380E+02,
  +2.9300000000000000E+02,  +4.9079166018655826E+02,
  +2.9400000000000000E+02,  +6.1994736456350154E+02,
  +2.9500000000000000E+02,  +5.8550587628796927E+02,
  +2.9600000000000000E+02,  +5.1662281750777333E+02,
  +2.9700000000000000E+02,  +4.8218128816072709E+02,
  +2.9800000000000000E+02,  +4.5635017191102605E+02,
  +2.9900000000000000E+02,  +4.6496054393685722E+02,
  +3.0000000000000000E+02,  +4.3051901458981104E+02,
  +3.0100000000000000E+02,  +4.7357091604879213E+02,
  +3.0200000000000000E+02,  +4.3051901458981104E+02,
  +3.0300000000000000E+02,  +4.1329827045204490E+02,
  +3.0400000000000000E+02,  +4.9940207337000709E+02,
  +3.0500000000000000E+02,  +4.7357091604879213E+02,
  +3.0600000000000000E+02,  +4.6496054393685722E+02,
  +3.0700000000000000E+02,  +5.5106434685481941E+02,
  +3.0800000000000000E+02,  +5.7689546310452045E+02,
  +3.0900000000000000E+02,  +5.9411624831380050E+02,
  +3.1000000000000000E+02,  +3.3580483955991394E+02,
  +3.1100000000000000E+02,  +2.6692178086582157E+02,
  +3.1200000000000000E+02,  +2.9275293810093279E+02,
  +3.1300000000000000E+02,  +2.9275293810093279E+02,
  +3.1400000000000000E+02,  +2.8414254549629277E+02,
  +3.1500000000000000E+02,  +3.0997368232480261E+02,
  +3.1600000000000000E+02,  +3.6163595580961493E+02,
  +3.1700000000000000E+02,  +5.1662281750777333E+02,
  +3.1800000000000000E+02,  +7.4910306894044481E+02,
  +3.1900000000000000E+02,  +6.6299926602248263E+02,
  +3.2000000000000000E+02,  +5.5106434685481941E+02,
  +3.2100000000000000E+02,  +6.0272662042573540E+02,
  +3.2200000000000000E+02,  +5.7689546310452045E+02,
  +3.2300000000000000E+02,  +5.1662281750777333E+02,
  +3.2400000000000000E+02,  +5.3384356164553935E+02,
  +3.2500000000000000E+02,  +4.9940207337000709E+02,
  +3.2600000000000000E+02,  +4.4773975872757717E+02,
  +3.2700000000000000E+02,  +5.0801244539583826E+02,
  +3.2800000000000000E+02,  +5.5106434685481941E+02,
  +3.2900000000000000E+02,  +5.9411624831380050E+02,
  +3.3000000000000000E+02,  +5.9411624831380050E+02,
  +3.3100000000000000E+02,  +6.3716814977278159E+02,
  +3.3200000000000000E+02,  +7.4910306894044481E+02,
  +3.3300000000000000E+02,  +6.9744083644104273E+02,
  +3.3400000000000000E+02,  +4.3051901458981104E+02,
  +3.3500000000000000E+02,  +3.8746711313082989E+02,
  +3.3600000000000000E+02,  +3.7885674101889498E+02,
  +3.3700000000000000E+02,  +3.7885674101889498E+02,
  +3.3800000000000000E+02,  +3.6163595580961493E+02,
  +3.3900000000000000E+02,  +3.7885674101889498E+02,
  +3.4000000000000000E+02,  +5.0801244539583826E+02,
  +3.4100000000000000E+02,  +7.0605116748146372E+02,
  +3.4200000000000000E+02,  +9.0408993063860316E+02,
  +3.4300000000000000E+02,  +8.7825877340349189E+02,
  +3.4400000000000000E+02,  +7.4049273790002383E+02,
  +3.4500000000000000E+02,  +7.4049273790002383E+02,
  +3.4600000000000000E+02,  +6.9744083644104273E+02,
  +3.4700000000000000E+02,  +7.2327191170533376E+02,
  +3.4800000000000000E+02,  +5.7689546310452045E+02,
  +3.4900000000000000E+02,  +6.3716814977278159E+02,
  +3.5000000000000000E+02,  +5.5967471896675431E+02,
  +3.5100000000000000E+02,  +6.1994736456350154E+02,
  +3.5200000000000000E+02,  +6.7160967920593157E+02,
  +3.5300000000000000E+02,  +7.0605116748146372E+02,
  +3.5400000000000000E+02,  +7.3188232480267868E+02,
  +3.5500000000000000E+02,  +8.4381728504185605E+02,
  +3.5600000000000000E+02,  +8.0937571462329583E+02,
  +3.5700000000000000E+02,  +8.7825877340349189E+02,
  +3.5800000000000000E+02,  +5.0801244539583826E+02,
  +3.5900000000000000E+02,  +4.5635017191102605E+02,
  +3.6000000000000000E+02,  +4.8218128816072709E+02,
  +3.6100000000000000E+02,  +4.4773975872757717E+02,
  +3.6200000000000000E+02,  +4.7357091604879213E+02,
  +3.6300000000000000E+02,  +4.3912938670174594E+02,
  +3.6400000000000000E+02,  +4.9079166018655826E+02,
  +3.6500000000000000E+02,  +7.1466158066491266E+02,
  +3.6600000000000000E+02,  +9.9880414656780670E+02,
  +3.6700000000000000E+02,  +9.5575224510882560E+02,
  +3.6800000000000000E+02,  +7.5771348212389375E+02,
  +3.6900000000000000E+02,  +6.8022005123176280E+02,
  +3.7000000000000000E+02,  +6.8022005123176280E+02,
  +3.7100000000000000E+02,  +6.1994736456350154E+02,
  +3.7200000000000000E+02,  +5.8550587628796927E+02,
  +3.7300000000000000E+02,  +5.5106434685481941E+02,
  +3.7400000000000000E+02,  +5.5106434685481941E+02,
  +3.7500000000000000E+02,  +6.0272662042573540E+02,
  +3.7600000000000000E+02,  +6.4577852188471650E+02,
  +3.7700000000000000E+02,  +6.9744083644104273E+02,
  +3.7800000000000000E+02,  +7.6632381316431474E+02,
  +3.7900000000000000E+02,  +8.0937571462329583E+02,
  +3.8000000000000000E+02,  +8.5242761608227704E+02,
  +3.8100000000000000E+02,  +7.9215497039942591E+02,
  +3.8200000000000000E+02,  +4.9940207337000709E+02,
  +3.8300000000000000E+02,  +4.0468785726859602E+02,
  +3.8400000000000000E+02,  +4.0468785726859602E+02,
  +3.8500000000000000E+02,  +3.5302558378378376E+02,
  +3.8600000000000000E+02,  +4.4773975872757717E+02,
  +3.8700000000000000E+02,  +4.3912938670174594E+02,
  +3.8800000000000000E+02,  +5.3384356164553935E+02,
  +3.8900000000000000E+02,  +7.2327191170533376E+02,
  +3.9000000000000000E+02,  +9.6436257632145418E+02,
  +3.9100000000000000E+02,  +9.9019373355656546E+02,
  +3.9200000000000000E+02,  +8.2659654081798601E+02,
  +3.9300000000000000E+02,  +7.2327191170533376E+02,
  +3.9400000000000000E+02,  +6.5438889399665152E+02,
  +3.9500000000000000E+02,  +6.1994736456350154E+02,
  +3.9600000000000000E+02,  +5.5967471896675431E+02,
  +3.9700000000000000E+02,  +5.5967471896675431E+02,
  +3.9800000000000000E+02,  +5.3384356164553935E+02,
  +3.9900000000000000E+02,  +5.4245397482898818E+02,
  +4.0000000000000000E+02,  +6.5438889399665152E+02,
  +4.0100000000000000E+02,  +6.7160967920593157E+02,
  +4.0200000000000000E+02,  +7.3188232480267868E+02,
  +4.0300000000000000E+02,  +8.2659654081798601E+02,
  +4.0400000000000000E+02,  +8.3520687185840700E+02,
  +4.0500000000000000E+02,  +7.0605116748146372E+02,
  +4.0600000000000000E+02,  +4.4773975872757717E+02,
  +4.0700000000000000E+02,  +4.3912938670174594E+02,
  +4.0800000000000000E+02,  +4.0468785726859602E+02,
  +4.0900000000000000E+02,  +3.9607748524276485E+02,
  +4.1000000000000000E+02,  +3.9607748524276485E+02,
  +4.1100000000000000E+02,  +4.2190864247787613E+02,
  +4.1200000000000000E+02,  +4.4773975872757717E+02,
  +4.1300000000000000E+02,  +6.2855777774695048E+02,
  +4.1400000000000000E+02,  +8.6964844219086342E+02,
  +4.1500000000000000E+02,  +8.0937571462329583E+02,
  +4.1600000000000000E+02,  +7.2327191170533376E+02,
  +4.1700000000000000E+02,  +6.2855777774695048E+02,
  +4.1800000000000000E+02,  +5.5106434685481941E+02,
  +4.1900000000000000E+02,  +5.7689546310452045E+02,
  +4.2000000000000000E+02,  +5.1662281750777333E+02,
  +4.2100000000000000E+02,  +4.9940207337000709E+02,
  +4.2200000000000000E+02,  +5.0801244539583826E+02,
  +4.2300000000000000E+02,  +4.9940207337000709E+02,
  +4.2400000000000000E+02,  +5.8550587628796927E+02,
  +4.2500000000000000E+02,  +5.7689546310452045E+02,
  +4.2600000000000000E+02,  +6.5438889399665152E+02,
  +4.2700000000000000E+02,  +6.4577852188471650E+02,
  +4.2800000000000000E+02,  +6.7160967920593157E+02,
  +4.2900000000000000E+02,  +6.6299926602248263E+02,
  +4.3000000000000000E+02,  +3.5302558378378376E+02,
  +4.3100000000000000E+02,  +3.2719444695527380E+02,
  +4.3200000000000000E+02,  +2.7553217347046160E+02,
  +4.3300000000000000E+02,  +2.6692178086582157E+02,
  +4.3400000000000000E+02,  +2.4970103664195167E+02,
  +4.3500000000000000E+02,  +3.0136331021286770E+02,
  +4.3600000000000000E+02,  +2.7553217347046160E+02,
  +4.3700000000000000E+02,  +3.7885674101889498E+02,
  +4.3800000000000000E+02,  +5.5106434685481941E+02,
  +4.3900000000000000E+02,  +4.8218128816072709E+02,
  +4.4000000000000000E+02,  +4.3051901458981104E+02,
  +4.4100000000000000E+02,  +3.9607748524276485E+02,
  +4.4200000000000000E+02,  +3.7885674101889498E+02,
  +4.4300000000000000E+02,  +3.2719444695527380E+02,
  +4.4400000000000000E+02,  +2.9275293810093279E+02,
  +4.4500000000000000E+02,  +3.0136331021286770E+02,
  +4.4600000000000000E+02,  +3.3580483955991394E+02,
  +4.4700000000000000E+02,  +3.3580483955991394E+02,
  +4.4800000000000000E+02,  +3.9607748524276485E+02,
  +4.4900000000000000E+02,  +3.7885674101889498E+02,
  +4.5000000000000000E+02,  +4.4773975872757717E+02,
  +4.5100000000000000E+02,  +4.2190864247787613E+02,
  +4.5200000000000000E+02,  +4.4773975872757717E+02,
  +4.5300000000000000E+02,  +4.4773975872757717E+02,
  +4.5400000000000000E+02,  +2.5831140875388667E+02,
  +4.5500000000000000E+02,  +2.4109064403731162E+02,
  +4.5600000000000000E+02,  +2.5831140875388667E+02,
  +4.5700000000000000E+02,  +2.3248027201148054E+02,
  +4.5800000000000000E+02,  +3.0136331021286770E+02,
  +4.5900000000000000E+02,  +2.7553217347046160E+02,
  +4.6000000000000000E+02,  +2.9275293810093279E+02,
  +4.6100000000000000E+02,  +5.0801244539583826E+02,
  +4.6200000000000000E+02,  +6.1994736456350154E+02,
  +4.6300000000000000E+02,  +6.1994736456350154E+02,
  +4.6400000000000000E+02,  +5.5967471896675431E+02,
  +4.6500000000000000E+02,  +5.1662281750777333E+02,
  +4.6600000000000000E+02,  +5.5106434685481941E+02,
  +4.6700000000000000E+02,  +4.9940207337000709E+02,
  +4.6800000000000000E+02,  +5.0801244539583826E+02,
  +4.6900000000000000E+02,  +4.3912938670174594E+02,
  +4.7000000000000000E+02,  +4.4773975872757717E+02,
  +4.7100000000000000E+02,  +4.8218128816072709E+02,
  +4.7200000000000000E+02,  +5.0801244539583826E+02,
  +4.7300000000000000E+02,  +4.9079166018655826E+02,
  +4.7400000000000000E+02,  +5.3384356164553935E+02,
  +4.7500000000000000E+02,  +6.0272662042573540E+02,
  +4.7600000000000000E+02,  +6.6299926602248263E+02,
  +4.7700000000000000E+02,  +6.3716814977278159E+02,
  +4.7800000000000000E+02,  +3.7885674101889498E+02,
  +4.7900000000000000E+02,  +3.0997368232480261E+02,
  +4.8000000000000000E+02,  +3.2719444695527380E+02,
  +4.8100000000000000E+02,  +3.2719444695527380E+02,
  +4.8200000000000000E+02,  +3.2719444695527380E+02,
  +4.8300000000000000E+02,  +3.3580483955991394E+02,
  +4.8400000000000000E+02,  +3.6163595580961493E+02,
  +4.8500000000000000E+02,  +4.9079166018655826E+02,
  +4.8600000000000000E+02,  +6.2855777774695048E+02,
  +4.8700000000000000E+02,  +5.9411624831380050E+02,
  +4.8800000000000000E+02,  +5.5967471896675431E+02,
  +4.8900000000000000E+02,  +4.5635017191102605E+02,
  +4.9000000000000000E+02,  +3.9607748524276485E+02,
  +4.9100000000000000E+02,  +3.7885674101889498E+02,
  +4.9200000000000000E+02,  +3.7024636899306381E+02,
  +4.9300000000000000E+02,  +3.7885674101889498E+02,
  +4.9400000000000000E+02,  +3.6163595580961493E+02,
  +4.9500000000000000E+02,  +3.7885674101889498E+02,
  +4.9600000000000000E+02,  +3.8746711313082989E+02,
  +4.9700000000000000E+02,  +4.3912938670174594E+02,
  +4.9800000000000000E+02,  +5.1662281750777333E+02,
  +4.9900000000000000E+02,  +4.9940207337000709E+02,
  +5.0000000000000000E+02,  +4.9940207337000709E+02,
  +5.0100000000000000E+02,  +4.8218128816072709E+02,
  +5.0200000000000000E+02,  +2.7553217347046160E+02,
  +5.0300000000000000E+02,  +2.2386987940684043E+02,
