 TIME                                   ,T_1                                     ,T_2                                     ,T_3                                     ,
 HOURS              ,"h                  ,°C                  ,°C                  ,
  +0.0000000000000000E+00,  +5.9884831999999996E+01,  +5.4914719999999996E+01,  +5.0527535000000007E+01,
  +1.0000000000000000E+00,  +5.9186819673592957E+01,  +5.4343934680059597E+01,  +5.0364072720796678E+01,
  +2.0000000000000000E+00,  +5.7854298672454938E+01,  +5.3305893194620445E+01,  +4.9905050969472427E+01,
  +3.0000000000000000E+00,  +6.0313022291102740E+01,  +5.5871691221364223E+01,  +5.2261860643824505E+01,
  +4.0000000000000000E+00,  +6.1484056658369092E+01,  +5.7127031605027206E+01,  +5.3521877923975467E+01,
  +5.0000000000000000E+00,  +5.9963907775447126E+01,  +5.5898675650247256E+01,  +5.2644052920931586E+01,
  +6.0000000000000000E+00,  +5.7981690556872749E+01,  +5.4265522721982343E+01,  +5.1131578703132369E+01,
  +7.0000000000000000E+00,  +5.5995047312708571E+01,  +5.2522927687809300E+01,  +4.9349307004717282E+01,
  +8.0000000000000000E+00,  +5.4236437786279261E+01,  +5.0873225887221849E+01,  +4.7629029373315134E+01,
  +9.0000000000000000E+00,  +5.2653217022774754E+01,  +4.9329308853751385E+01,  +4.6038532003900343E+01,
  +1.0000000000000000E+01,  +5.1180037587005039E+01,  +4.7866541086868438E+01,  +4.4551450532304585E+01,
  +1.1000000000000000E+01,  +4.9853349146312482E+01,  +4.6540674971004407E+01,  +4.3214371472592283E+01,
  +1.2000000000000000E+01,  +5.5747587779819739E+01,  +4.9946378087262680E+01,  +4.5925485314879296E+01,
  +1.3000000000000000E+01,  +6.1456704604010937E+01,  +5.5981406086188855E+01,  +5.1522097376041216E+01,
  +1.4000000000000000E+01,  +6.3282779014197288E+01,  +6.0022045044140278E+01,  +5.6206724010995096E+01,
  +1.5000000000000000E+01,  +6.4012947766080387E+01,  +6.2013722501323734E+01,  +5.8976887085072867E+01,
  +1.6000000000000000E+01,  +6.4408616829262755E+01,  +6.3088231225753034E+01,  +6.0535843521340766E+01,
  +1.7000000000000000E+01,  +6.4632548808511217E+01,  +6.3696687927859188E+01,  +6.1430285295808261E+01,
  +1.8000000000000000E+01,  +6.4735224752665147E+01,  +6.3981543591961682E+01,  +6.1815259485400695E+01,
  +1.9000000000000000E+01,  +6.4776433869964350E+01,  +6.4089410640475592E+01,  +6.1932761049316312E+01,
  +2.0000000000000000E+01,  +6.4788880998803052E+01,  +6.4115263772003360E+01,  +6.1938282353397668E+01,
  +2.1000000000000000E+01,  +6.4796616696147936E+01,  +6.4134615870112626E+01,  +6.1969805846841865E+01,
  +2.2000000000000000E+01,  +6.4725350236615739E+01,  +6.3912798417890158E+01,  +6.1385778771628900E+01,
  +2.3000000000000000E+01,  +6.4774220906221714E+01,  +6.4070443696216486E+01,  +6.1918220850529963E+01,
  +2.4000000000000000E+01,  +6.4792545809362935E+01,  +6.4126718912113532E+01,  +6.2005868438619906E+01,
  +2.5000000000000000E+01,  +6.4784764229808388E+01,  +6.4098900609556296E+01,  +6.1892566631240896E+01,
  +2.6000000000000000E+01,  +6.4674646877048843E+01,  +6.3782015435250337E+01,  +6.1170570427111308E+01,
  +2.7000000000000000E+01,  +6.4300581731606286E+01,  +6.2835520229363333E+01,  +5.9407400114254401E+01,
  +2.8000000000000000E+01,  +6.3596330758286584E+01,  +6.1466119584174947E+01,  +5.7709178382891267E+01,
  +2.9000000000000000E+01,  +6.2298586397565700E+01,  +5.9539903948932256E+01,  +5.5801264124394770E+01,
  +3.0000000000000000E+01,  +5.9947842598519131E+01,  +5.6758905814586115E+01,  +5.3224740830332465E+01,
  +3.1000000000000000E+01,  +5.7174757756077284E+01,  +5.3837515766513448E+01,  +5.0455220505375024E+01,
  +3.2000000000000000E+01,  +5.4622503216085221E+01,  +5.1277355839205747E+01,  +4.7942656361778852E+01,
  +3.3000000000000000E+01,  +5.2225710889966294E+01,  +4.8890470314074030E+01,  +4.5562070431472733E+01,
  +3.4000000000000000E+01,  +4.9953781129356145E+01,  +4.6624272334215860E+01,  +4.3294148687370466E+01,
  +3.5000000000000000E+01,  +5.5029294352331313E+01,  +4.9126053809283491E+01,  +4.5373439515538742E+01,
  +3.6000000000000000E+01,  +6.0106186485182640E+01,  +5.4320401263964357E+01,  +5.0320124494906516E+01,
  +3.7000000000000000E+01,  +6.2015635470626208E+01,  +5.8017299950687089E+01,  +5.4318377627690310E+01,
  +3.8000000000000000E+01,  +6.3067223452766903E+01,  +6.0211077448972198E+01,  +5.6888898847212502E+01,
  +3.9000000000000000E+01,  +6.3653212090801823E+01,  +6.1475646530821741E+01,  +5.8387998097145491E+01,
  +4.0000000000000000E+01,  +6.3901171718775792E+01,  +6.2042532735453442E+01,  +5.9037864870737629E+01,
  +4.1000000000000000E+01,  +6.4014781442563375E+01,  +6.2291522641962459E+01,  +5.9316765874859477E+01,
  +4.2000000000000000E+01,  +6.3991921360147138E+01,  +6.2252150370113412E+01,  +5.9227067931451060E+01,
  +4.3000000000000000E+01,  +6.2916326060808125E+01,  +6.0629147932673931E+01,  +5.7200230040085792E+01,
  +4.4000000000000000E+01,  +6.0686991767605100E+01,  +5.7702783601598455E+01,  +5.4091348452865795E+01,
  +4.5000000000000000E+01,  +5.7896847034708571E+01,  +5.4609378320459349E+01,  +5.1168430063565900E+01,
  +4.6000000000000000E+01,  +5.5562704088652211E+01,  +5.2218793074776620E+01,  +4.8871258872010429E+01,
  +4.7000000000000000E+01,  +5.8539273926089066E+01,  +5.3960363712877616E+01,  +5.0387662253190967E+01,
  +4.8000000000000000E+01,  +5.9119554522887640E+01,  +5.4345124726517071E+01,  +5.1063761365517813E+01,
  +4.9000000000000000E+01,  +5.6649380296052676E+01,  +5.2603908692710291E+01,  +4.9661601899528726E+01,
  +5.0000000000000000E+01,  +5.4591656227881060E+01,  +5.0990289368642856E+01,  +4.7953189747526586E+01,
  +5.1000000000000000E+01,  +5.8011630410831096E+01,  +5.3168713156492224E+01,  +4.9615025499807523E+01,
  +5.2000000000000000E+01,  +5.8770392734864593E+01,  +5.3729062179403819E+01,  +5.0442860320750796E+01,
  +5.3000000000000000E+01,  +5.5473189119929252E+01,  +5.1441397117535793E+01,  +4.8519433215844444E+01,
  +5.4000000000000000E+01,  +5.7298290152514760E+01,  +5.2371510230004759E+01,  +4.9058090338541689E+01,
  +5.5000000000000000E+01,  +5.6233922554799072E+01,  +5.1592789216870415E+01,  +4.8539531884152652E+01,
  +5.6000000000000000E+01,  +5.7957782851994985E+01,  +5.2988958406363594E+01,  +4.9648054660139223E+01,
  +5.7000000000000000E+01,  +5.8022408111582585E+01,  +5.3168035172127638E+01,  +4.9978006048637042E+01,
  +5.8000000000000000E+01,  +5.4983530827081623E+01,  +5.1042933217601913E+01,  +4.8126673585741052E+01,
  +5.9000000000000000E+01,  +5.7832902719938758E+01,  +5.2906294767160361E+01,  +4.9434430464391369E+01,
  +6.0000000000000000E+01,  +6.1311283999351716E+01,  +5.6769955936193156E+01,  +5.3084846723426153E+01,
  +6.1000000000000000E+01,  +6.2680974167176210E+01,  +5.9434631501485818E+01,  +5.5992363767563376E+01,
  +6.2000000000000000E+01,  +6.3422244953867910E+01,  +6.0991973739375318E+01,  +5.7817113401166964E+01,
  +6.3000000000000000E+01,  +6.3876582480148670E+01,  +6.1962638471064459E+01,  +5.8988788111663709E+01,
  +6.4000000000000000E+01,  +6.4152369090225264E+01,  +6.2564404245542363E+01,  +5.9723931233488457E+01,
  +6.5000000000000000E+01,  +6.4273535002242937E+01,  +6.2837403544414514E+01,  +6.0030192380033810E+01,
  +6.6000000000000000E+01,  +6.4345694236678369E+01,  +6.2996771585582103E+01,  +6.0227104377624315E+01,
  +6.7000000000000000E+01,  +6.4301678619176528E+01,  +6.2896803321457227E+01,  +6.0035815058732148E+01,
  +6.8000000000000000E+01,  +6.3396044776665526E+01,  +6.1362543801128275E+01,  +5.7960463006026544E+01,
  +6.9000000000000000E+01,  +6.3201242444963292E+01,  +6.0804913084240134E+01,  +5.7453230845979327E+01,
  +7.0000000000000000E+01,  +6.2834961524095192E+01,  +6.0296397313562707E+01,  +5.6973446453880477E+01,
  +7.1000000000000000E+01,  +6.3207471473641029E+01,  +6.0816587986797487E+01,  +5.7654784507156869E+01,
  +7.2000000000000000E+01,  +6.4056699017567581E+01,  +6.2279474767005652E+01,  +5.9483801954276011E+01,
  +7.3000000000000000E+01,  +6.3835156102523946E+01,  +6.2014044357805012E+01,  +5.8889485623892618E+01,
  +7.4000000000000000E+01,  +6.2924789991952444E+01,  +6.0561644667798774E+01,  +5.6964211721476438E+01,
  +7.5000000000000000E+01,  +6.3225157217617429E+01,  +6.0851531158171312E+01,  +5.7588821780735536E+01,
  +7.6000000000000000E+01,  +6.2966938236490520E+01,  +6.0497167192151643E+01,  +5.7206980404744058E+01,
  +7.7000000000000000E+01,  +6.1166333558017470E+01,  +5.8254024068318508E+01,  +5.4739439826712342E+01,
  +7.8000000000000000E+01,  +5.8367212232113687E+01,  +5.5138617004783775E+01,  +5.1694540564074323E+01,
  +7.9000000000000000E+01,  +5.5018852448262372E+01,  +5.1688742994678059E+01,  +4.8331690477426491E+01,
  +8.0000000000000000E+01,  +5.7402558542129121E+01,  +5.2510032922105822E+01,  +4.9019115150670878E+01,
  +8.1000000000000000E+01,  +5.7327626088752361E+01,  +5.2394697661368511E+01,  +4.9285074926288836E+01,
  +8.2000000000000000E+01,  +5.4141893170149054E+01,  +5.0221304962742465E+01,  +4.7342138369723230E+01,
  +8.3000000000000000E+01,  +5.1426028563567613E+01,  +4.7985096850790434E+01,  +4.4869119157545903E+01,
  +8.4000000000000000E+01,  +5.5736261175341284E+01,  +5.0141551925747997E+01,  +4.6511748577244433E+01,
  +8.5000000000000000E+01,  +6.0239542926790087E+01,  +5.4784072869412391E+01,  +5.0938874837880405E+01,
  +8.6000000000000000E+01,  +6.1981319939828069E+01,  +5.8094251347076195E+01,  +5.4489264123134419E+01,
  +8.7000000000000000E+01,  +6.2872722983898853E+01,  +5.9945944815120008E+01,  +5.6616374523479820E+01,
  +8.8000000000000000E+01,  +6.1804326911762729E+01,  +5.8915061162989943E+01,  +5.5528260515965620E+01,
  +8.9000000000000000E+01,  +5.9418580655481470E+01,  +5.6241366517637900E+01,  +5.2789649433057505E+01,
  +9.0000000000000000E+01,  +6.0354925780594613E+01,  +5.6556092378060185E+01,  +5.3138002448164102E+01,
  +9.1000000000000000E+01,  +5.9549812420744693E+01,  +5.5747867247940967E+01,  +5.2494386546794679E+01,
  +9.2000000000000000E+01,  +5.6443201264411101E+01,  +5.2977957971246632E+01,  +4.9780919830471909E+01,
  +9.3000000000000000E+01,  +5.3619309649924780E+01,  +5.0282033254380330E+01,  +4.6996684240211486E+01,
  +9.4000000000000000E+01,  +5.7308078122895957E+01,  +5.2232110763758847E+01,  +4.8538910597116114E+01,
  +9.5000000000000000E+01,  +5.8701102018604473E+01,  +5.3161795682422699E+01,  +4.9791487357696205E+01,
  +9.6000000000000000E+01,  +5.6525123767908823E+01,  +5.1847221955589973E+01,  +4.9016343558991039E+01,
  +9.7000000000000000E+01,  +5.4735294452132393E+01,  +5.0688165847638224E+01,  +4.7864188760342834E+01,
  +9.8000000000000000E+01,  +5.3212960271522036E+01,  +4.9547053013687837E+01,  +4.6586292744243075E+01,
  +9.9000000000000000E+01,  +5.1831029173153745E+01,  +4.8371728288548979E+01,  +4.5271681603092823E+01,
  +1.0000000000000000E+02,  +5.0446484568922784E+01,  +4.7090100958087646E+01,  +4.3883263667359266E+01,
  +1.0100000000000000E+02,  +5.5486871319368717E+01,  +4.9778005249513122E+01,  +4.6098628435522897E+01,
  +1.0200000000000000E+02,  +5.5666175848217350E+01,  +5.0009360151761328E+01,  +4.6968032997195081E+01,
  +1.0300000000000000E+02,  +5.1472424050979320E+01,  +4.7473565216664710E+01,  +4.4772518379979097E+01,
  +1.0400000000000000E+02,  +5.5308040445485723E+01,  +4.9576416199021921E+01,  +4.6107111500249715E+01,
  +1.0500000000000000E+02,  +5.5628916080483464E+01,  +4.9904888346630315E+01,  +4.6890964715947057E+01,
  +1.0600000000000000E+02,  +5.1934864347838811E+01,  +4.7761714040689938E+01,  +4.5098875200831245E+01,
  +1.0700000000000000E+02,  +5.5779645786219753E+01,  +5.0106439874022733E+01,  +4.6624640007715122E+01,
  +1.0800000000000000E+02,  +6.0349508396088325E+01,  +5.4912261608095243E+01,  +5.1019328396283264E+01,
  +1.0900000000000000E+02,  +6.2207693409318580E+01,  +5.8397421026417710E+01,  +5.4755533777985370E+01,
  +1.1000000000000000E+02,  +6.3114823055853279E+01,  +6.0345028239254724E+01,  +5.7046118444870551E+01,
  +1.1100000000000000E+02,  +6.3585737733685924E+01,  +6.1379578201944419E+01,  +5.8265840236914258E+01,
  +1.1200000000000000E+02,  +6.3822549813362812E+01,  +6.1893536876765317E+01,  +5.8854397980749226E+01,
  +1.1300000000000000E+02,  +6.3937032709021295E+01,  +6.2135333279958544E+01,  +5.9122174193614207E+01,
  +1.1400000000000000E+02,  +6.3798189747372966E+01,  +6.1883802923142277E+01,  +5.8763508983881422E+01,
  +1.1500000000000000E+02,  +6.3576880476547231E+01,  +6.1471811530608313E+01,  +5.8274308098175425E+01,
  +1.1600000000000000E+02,  +6.3454993919789047E+01,  +6.1243543738290782E+01,  +5.8037052917688563E+01,
  +1.1700000000000000E+02,  +6.3445028571654319E+01,  +6.1217653516074016E+01,  +5.8024646181781101E+01,
  +1.1800000000000000E+02,  +6.3785983921878362E+01,  +6.1824815728237532E+01,  +5.8814499158959450E+01,
  +1.1900000000000000E+02,  +6.4141807106675330E+01,  +6.2537290232229729E+01,  +5.9713661195786607E+01,
  +1.2000000000000000E+02,  +6.4342545899338106E+01,  +6.2991284157263657E+01,  +6.0286460677968385E+01,
  +1.2100000000000000E+02,  +6.3923454812892139E+01,  +6.2226349193992291E+01,  +5.9028895103656623E+01,
  +1.2200000000000000E+02,  +6.3886548070817987E+01,  +6.2045918472146433E+01,  +5.8909743225830262E+01,
  +1.2300000000000000E+02,  +6.4233539067723854E+01,  +6.2721913656895396E+01,  +5.9952838065722595E+01,
  +1.2400000000000000E+02,  +6.4325322372677789E+01,  +6.2951835991566256E+01,  +6.0173612499547183E+01,
  +1.2500000000000000E+02,  +6.3368276182985689E+01,  +6.1354541759588152E+01,  +5.7976904181597817E+01,
  +1.2600000000000000E+02,  +6.2624090204064352E+01,  +5.9887290566024660E+01,  +5.6442731469983215E+01,
  +1.2700000000000000E+02,  +6.0741186662638320E+01,  +5.7693614653634796E+01,  +5.4308928108266862E+01,
  +1.2800000000000000E+02,  +5.7682894244224556E+01,  +5.4416434774883122E+01,  +5.1006807402299430E+01,
  +1.2900000000000000E+02,  +5.4709198010330333E+01,  +5.1379516063187658E+01,  +4.8028057067603498E+01,
  +1.3000000000000000E+02,  +5.1850186347299385E+01,  +4.8516574096440984E+01,  +4.5183925590132354E+01,
  +1.3100000000000000E+02,  +4.9185380767998907E+01,  +4.5855542701984504E+01,  +4.2524685338979729E+01,
  +1.3200000000000000E+02,  +5.4259746960181047E+01,  +4.8155242042740973E+01,  +4.4481845629093854E+01,
  +1.3300000000000000E+02,  +5.9339762061529569E+01,  +5.3265139599422568E+01,  +4.9389410628692112E+01,
  +1.3400000000000000E+02,  +6.1298022158781592E+01,  +5.6923294208852063E+01,  +5.3266354753594669E+01,
  +1.3500000000000000E+02,  +6.2286705235541348E+01,  +5.8933226483483395E+01,  +5.5527668678115440E+01,
  +1.3600000000000000E+02,  +6.2904805916508138E+01,  +6.0139327294237383E+01,  +5.6870828450092219E+01,
  +1.3700000000000000E+02,  +6.3204280531288944E+01,  +6.0740575934139230E+01,  +5.7520733889999470E+01,
  +1.3800000000000000E+02,  +6.3335553184204194E+01,  +6.1006802022277846E+01,  +5.7806212019522640E+01,
  +1.3900000000000000E+02,  +6.3352088552092020E+01,  +6.1051334397283057E+01,  +5.7841947713766572E+01,
  +1.4000000000000000E+02,  +6.3261471635129084E+01,  +6.0904090783251370E+01,  +5.7667627095232135E+01,
  +1.4100000000000000E+02,  +6.3228782996792845E+01,  +6.0839964581977249E+01,  +5.7603839138591326E+01,
  +1.4200000000000000E+02,  +6.2470919152729628E+01,  +5.9854085707830876E+01,  +5.6457074133125076E+01,
  +1.4300000000000000E+02,  +6.0942984764580615E+01,  +5.7973444528483604E+01,  +5.4450465124034771E+01,
  +1.4400000000000000E+02,  +6.1844612315550101E+01,  +5.8681298511613306E+01,  +5.5312227018165537E+01,
  +1.4500000000000000E+02,  +6.3281249904253293E+01,  +6.0658125212819485E+01,  +5.7479177861221423E+01,
  +1.4600000000000000E+02,  +6.3884266759041985E+01,  +6.1944001326613559E+01,  +5.8990338317223966E+01,
  +1.4700000000000000E+02,  +6.4203956820945280E+01,  +6.2666603996507639E+01,  +5.9876707945979234E+01,
  +1.4800000000000000E+02,  +6.4324940062502790E+01,  +6.2951632778894513E+01,  +6.0187621232418316E+01,
  +1.4900000000000000E+02,  +6.3442648383588292E+01,  +6.1467626035456810E+01,  +5.8111362325664622E+01,
  +1.5000000000000000E+02,  +6.0750629405142661E+01,  +5.7813966682558480E+01,  +5.4171580766913820E+01,
  +1.5100000000000000E+02,  +5.7263338650469287E+01,  +5.3940067930511397E+01,  +5.0520747745526158E+01,
  +1.5200000000000000E+02,  +5.3899381727179517E+01,  +5.0549018525017281E+01,  +4.7219678956299731E+01,
  +1.5300000000000000E+02,  +5.1073873868661487E+01,  +4.7739871674832770E+01,  +4.4414800932930348E+01,
  +1.5400000000000000E+02,  +5.5412729877806278E+01,  +4.9729940525018513E+01,  +4.6098972477916369E+01,
  +1.5500000000000000E+02,  +5.5711602242402222E+01,  +5.0003107925358364E+01,  +4.6980860919333850E+01,
  +1.5600000000000000E+02,  +5.2117443909231099E+01,  +4.7935470014967748E+01,  +4.5292814563650929E+01,
  +1.5700000000000000E+02,  +5.5887887275488751E+01,  +5.0262474454662055E+01,  +4.6812410988942055E+01,
  +1.5800000000000000E+02,  +5.6404986640597237E+01,  +5.0739916180189098E+01,  +4.7642317406619746E+01,
  +1.5900000000000000E+02,  +5.2841196322848610E+01,  +4.8617680127949924E+01,  +4.5908006058050546E+01,
  +1.6000000000000000E+02,  +4.9754153614004665E+01,  +4.6267725530324164E+01,  +4.3232697613364834E+01,
  +1.6100000000000000E+02,  +5.4331742914690444E+01,  +4.8350140896403254E+01,  +4.4817732771669213E+01,
  +1.6200000000000000E+02,  +5.3943089630049876E+01,  +4.8263493610693132E+01,  +4.5390009511733950E+01,
  +1.6300000000000000E+02,  +5.5743310762566601E+01,  +4.9977921548437585E+01,  +4.6821746027357285E+01,
  +1.6400000000000000E+02,  +5.4758116241277492E+01,  +4.9641573032509605E+01,  +4.6675601251808281E+01,
  +1.6500000000000000E+02,  +5.0584943601092007E+01,  +4.6852073894434234E+01,  +4.4007511850055067E+01,
  +1.6600000000000000E+02,  +5.5288151113904959E+01,  +4.9409006568721487E+01,  +4.5670331647094720E+01,
  +1.6700000000000000E+02,  +6.0676276439114979E+01,  +5.4997620783337162E+01,  +5.0810805453085450E+01,
  +1.6800000000000000E+02,  +6.2676731849253223E+01,  +5.8996410802682341E+01,  +5.5212460300801013E+01,
  +1.6900000000000000E+02,  +6.3642174799688327E+01,  +6.1241459744893561E+01,  +5.8044569773273032E+01,
  +1.7000000000000000E+02,  +6.4163424500071855E+01,  +6.2510780642445390E+01,  +5.9719028178559228E+01,
  +1.7100000000000000E+02,  +6.3916077258411669E+01,  +6.2170226639012185E+01,  +5.9051686974584626E+01,
  +1.7200000000000000E+02,  +6.2859266641787286E+01,  +6.0476576539344926E+01,  +5.6859349534138332E+01,
  +1.7300000000000000E+02,  +6.0834959158383704E+01,  +5.7849324277145172E+01,  +5.4242020272287320E+01,
  +1.7400000000000000E+02,  +5.7727178224361658E+01,  +5.4435089579125844E+01,  +5.1004887964590026E+01,
  +1.7500000000000000E+02,  +5.4236543827292280E+01,  +5.0892274201022111E+01,  +4.7554535458293934E+01,
  +1.7600000000000000E+02,  +5.1117765776736029E+01,  +4.7784042024500607E+01,  +4.4457988462166547E+01,
  +1.7700000000000000E+02,  +5.5229026481836456E+01,  +4.9529179302068201E+01,  +4.5948369290530394E+01,
  +1.7800000000000000E+02,  +5.5363255365452993E+01,  +4.9689542821633680E+01,  +4.6711130339676942E+01,
  +1.7900000000000000E+02,  +5.7312608833582793E+01,  +5.1800231097033482E+01,  +4.8503683424757789E+01,
  +1.8000000000000000E+02,  +6.0726821286215113E+01,  +5.5869729156544267E+01,  +5.2168785135305313E+01,
  +1.8100000000000000E+02,  +6.2243816085689332E+01,  +5.8671324276742155E+01,  +5.5175473668946971E+01,
  +1.8200000000000000E+02,  +6.2979948476124179E+01,  +6.0198500480239218E+01,  +5.6909380617648154E+01,
  +1.8300000000000000E+02,  +6.3390349605419622E+01,  +6.1047201917581845E+01,  +5.7880476011327204E+01,
  +1.8400000000000000E+02,  +6.3596924368843581E+01,  +6.1469678726380032E+01,  +5.8342512958428181E+01,
  +1.8500000000000000E+02,  +6.3674657193574632E+01,  +6.1632224784369178E+01,  +5.8511712492647256E+01,
  +1.8600000000000000E+02,  +6.3622657646358270E+01,  +6.1546799248377340E+01,  +5.8389823072186459E+01,
  +1.8700000000000000E+02,  +6.3529698010825847E+01,  +6.1378499811672583E+01,  +5.8191891702561421E+01,
  +1.8800000000000000E+02,  +6.1958536299416394E+01,  +5.9314041331332618E+01,  +5.5863129616344828E+01,
  +1.8900000000000000E+02,  +6.1707517624155180E+01,  +5.8507717754349784E+01,  +5.5090561385894155E+01,
  +1.9000000000000000E+02,  +6.2881665994861571E+01,  +6.0044716016704037E+01,  +5.6813342738535631E+01,
  +1.9100000000000000E+02,  +6.3713125281818371E+01,  +6.1575571623670882E+01,  +5.8559981689322733E+01,
  +1.9200000000000000E+02,  +6.4176932989219594E+01,  +6.2589338456754469E+01,  +5.9825662033533114E+01,
  +1.9300000000000000E+02,  +6.3898181457581991E+01,  +6.2154912897667508E+01,  +5.9018526029269154E+01,
  +1.9400000000000000E+02,  +6.3903486620463397E+01,  +6.2089072164796114E+01,  +5.9003091289753492E+01,
  +1.9500000000000000E+02,  +6.4264705573014041E+01,  +6.2794965136655392E+01,  +6.0066522828037371E+01,
  +1.9600000000000000E+02,  +6.3843189303209293E+01,  +6.2083129279826807E+01,  +5.8884689387029709E+01,
  +1.9700000000000000E+02,  +6.2428584749193384E+01,  +5.9884190120628709E+01,  +5.6212954251947203E+01,
  +1.9800000000000000E+02,  +5.9818375637517065E+01,  +5.6686160758629711E+01,  +5.3134974974745361E+01,
  +1.9900000000000000E+02,  +5.6562283720822627E+01,  +5.3229101929932639E+01,  +4.9845662517068767E+01,
  +2.0000000000000000E+02,  +5.3634687791075258E+01,  +5.0290503340578319E+01,  +4.6959767726014221E+01,
  +2.0100000000000000E+02,  +5.0936344086589699E+01,  +4.7603176882836102E+01,  +4.4275304946213829E+01,
  +2.0200000000000000E+02,  +5.5389944393959098E+01,  +4.9666351608305895E+01,  +4.5989282937081420E+01,
  +2.0300000000000000E+02,  +6.0061405347015103E+01,  +5.4450719053905921E+01,  +5.0576577108467511E+01,
  +2.0400000000000000E+02,  +6.1954468191130758E+01,  +5.7984066410842701E+01,  +5.4338535123753395E+01,
  +2.0500000000000000E+02,  +6.2979668137451647E+01,  +6.0078811476839242E+01,  +5.6746359196829076E+01,
  +2.0600000000000000E+02,  +6.3526295770243124E+01,  +6.1250175774579290E+01,  +5.8119087723370534E+01,
  +2.0700000000000000E+02,  +6.3876633272398223E+01,  +6.1986505370485276E+01,  +5.8998128145167193E+01,
  +2.0800000000000000E+02,  +6.4074738844467944E+01,  +6.2408419244182426E+01,  +5.9490122781012566E+01,
  +2.0900000000000000E+02,  +6.4162636367744469E+01,  +6.2598910021034570E+01,  +5.9699792384245548E+01,
  +2.1000000000000000E+02,  +6.3290661837737098E+01,  +6.1201516770508967E+01,  +5.7824916044579730E+01,
  +2.1100000000000000E+02,  +6.2992018677105371E+01,  +6.0467994503423505E+01,  +5.7086975986183290E+01,
  +2.1200000000000000E+02,  +6.3376108685369942E+01,  +6.1036967474512686E+01,  +5.7869173044112777E+01,
  +2.1300000000000000E+02,  +6.3611928390896978E+01,  +6.1497678153625181E+01,  +5.8382789126512201E+01,
  +2.1400000000000000E+02,  +6.3999204916229459E+01,  +6.2245581566497641E+01,  +5.9361231767428627E+01,
  +2.1500000000000000E+02,  +6.4372412887998138E+01,  +6.3051653988991085E+01,  +6.0471573027726521E+01,
  +2.1600000000000000E+02,  +6.4211663894795223E+01,  +6.2760158041223129E+01,  +5.9796911408440920E+01,
  +2.1700000000000000E+02,  +6.3611576189405589E+01,  +6.1626268772842742E+01,  +5.8069623781617231E+01,
  +2.1800000000000000E+02,  +6.2826905747572816E+01,  +6.0357284248454619E+01,  +5.6643820458698876E+01,
  +2.1900000000000000E+02,  +6.1796672320851570E+01,  +5.8943448847789696E+01,  +5.5265161863310702E+01,
  +2.2000000000000000E+02,  +6.0469138419208818E+01,  +5.7350376437921440E+01,  +5.3783883026965100E+01,
  +2.2100000000000000E+02,  +5.8590245599795161E+01,  +5.5317564186338565E+01,  +5.1879828730677410E+01,
  +2.2200000000000000E+02,  +5.5787361208098190E+01,  +5.2456664522171842E+01,  +4.9102170086558196E+01,
  +2.2300000000000000E+02,  +5.7868673565555532E+01,  +5.3158837343307816E+01,  +4.9696480403294110E+01,
  +2.2400000000000000E+02,  +5.7491117967212844E+01,  +5.2801121357171496E+01,  +4.9685327267209516E+01,
  +2.2500000000000000E+02,  +5.8940372127052591E+01,  +5.4245798279455073E+01,  +5.0908268882098824E+01,
  +2.2600000000000000E+02,  +6.1583691917553367E+01,  +5.7469749524579072E+01,  +5.3917128574350151E+01,
  +2.2700000000000000E+02,  +6.0889380916781683E+01,  +5.7298149084763374E+01,  +5.3911829556047245E+01,
  +2.2800000000000000E+02,  +6.1483874845166532E+01,  +5.7993617948596956E+01,  +5.4654118005976365E+01,
  +2.2900000000000000E+02,  +6.2995686567472063E+01,  +6.0124016752322092E+01,  +5.6862351662837121E+01,
  +2.3000000000000000E+02,  +6.3636554365192531E+01,  +6.1442666853597785E+01,  +5.8354877503457075E+01,
  +2.3100000000000000E+02,  +6.3994856670940621E+01,  +6.2222549259691171E+01,  +5.9301577506942429E+01,
  +2.3200000000000000E+02,  +6.4161558170764494E+01,  +6.2592071782398087E+01,  +5.9718083597013255E+01,
  +2.3300000000000000E+02,  +6.4165489659948420E+01,  +6.2606995888485550E+01,  +5.9678446949826522E+01,
  +2.3400000000000000E+02,  +6.3167660617655393E+01,  +6.1018100189989241E+01,  +5.7609050474252193E+01,
  +2.3500000000000000E+02,  +6.1107955451272545E+01,  +5.8190529478158908E+01,  +5.4537136907756611E+01,
  +2.3600000000000000E+02,  +5.8574604001287462E+01,  +5.5310115431507505E+01,  +5.1837931548023413E+01,
  +2.3700000000000000E+02,  +5.5880305723311352E+01,  +5.2537231779972473E+01,  +4.9175710139409041E+01,
  +2.3800000000000000E+02,  +5.3894718611198272E+01,  +5.0552173280165505E+01,  +4.7222414552687013E+01,
  +2.3900000000000000E+02,  +5.7927575547753030E+01,  +5.3043950760105155E+01,  +4.9312647220022484E+01,
  +2.4000000000000000E+02,  +5.9590463419138231E+01,  +5.4193882203219303E+01,  +5.0698852327293274E+01,
  +2.4100000000000000E+02,  +5.7755915640369302E+01,  +5.3031005346501885E+01,  +5.0073623548241102E+01,
  +2.4200000000000000E+02,  +5.6175843857926274E+01,  +5.1999872208148439E+01,  +4.9135452064242237E+01,
  +2.4300000000000000E+02,  +5.9226878463730017E+01,  +5.4591919044786358E+01,  +5.1112246517026890E+01,
  +2.4400000000000000E+02,  +6.0375416900707954E+01,  +5.5625224788220450E+01,  +5.2159849169611384E+01,
  +2.4500000000000000E+02,  +5.8115675484267243E+01,  +5.3971715145430309E+01,  +5.0917758891802954E+01,
  +2.4600000000000000E+02,  +5.9338468533754650E+01,  +5.4980771544975568E+01,  +5.1668450118405140E+01,
  +2.4700000000000000E+02,  +5.8654935614592063E+01,  +5.4475340347599030E+01,  +5.1268203039178488E+01,
  +2.4800000000000000E+02,  +5.5867578710545594E+01,  +5.2232414223551821E+01,  +4.9155685073863893E+01,
  +2.4900000000000000E+02,  +5.3589456586419828E+01,  +5.0195311981349825E+01,  +4.6998288455762669E+01,
  +2.5000000000000000E+02,  +5.1634165881547695E+01,  +4.8313472634163027E+01,  +4.5039151190620842E+01,
  +2.5100000000000000E+02,  +5.6219581105976083E+01,  +5.0754669602952397E+01,  +4.7042805828118802E+01,
  +2.5200000000000000E+02,  +5.7440730183092548E+01,  +5.1573257307623507E+01,  +4.8322633089006814E+01,
  +2.5300000000000000E+02,  +5.4621779260094002E+01,  +4.9986086493046628E+01,  +4.7312869498450425E+01,
  +2.5400000000000000E+02,  +5.2449995576010593E+01,  +4.8587745952111540E+01,  +4.5785531817108783E+01,
  +2.5500000000000000E+02,  +5.0573951944341509E+01,  +4.7084460410939350E+01,  +4.4049022545894431E+01,
  +2.5600000000000000E+02,  +5.5553993470535318E+01,  +4.9815478377341769E+01,  +4.6127861930646738E+01,
  +2.5700000000000000E+02,  +5.6542475678815926E+01,  +5.0550650856515169E+01,  +4.7388797489115184E+01,
  +2.5800000000000000E+02,  +5.8201405950234395E+01,  +5.2787896956849679E+01,  +4.9448329010920929E+01,
  +2.5900000000000000E+02,  +6.1188606780879617E+01,  +5.6660706954635430E+01,  +5.2988714775206951E+01,
  +2.6000000000000000E+02,  +6.2434828473730512E+01,  +5.9080551891269202E+01,  +5.5642848559337622E+01,
  +2.6100000000000000E+02,  +6.3230601712911060E+01,  +6.0651822352788429E+01,  +5.7443797697765859E+01,
  +2.6200000000000000E+02,  +6.2919908595808053E+01,  +6.0399011907177822E+01,  +5.7079126503611157E+01,
  +2.6300000000000000E+02,  +6.3266926630757673E+01,  +6.0909339055466667E+01,  +5.7754423174002071E+01,
  +2.6400000000000000E+02,  +6.4082106461003448E+01,  +6.2340011772255814E+01,  +5.9566609946396085E+01,
  +2.6500000000000000E+02,  +6.4445573849915945E+01,  +6.3216159412246398E+01,  +6.0720872919599977E+01,
  +2.6600000000000000E+02,  +6.4255007861503728E+01,  +6.2856837378482055E+01,  +5.9904320970770740E+01,
  +2.6700000000000000E+02,  +6.4250706090507578E+01,  +6.2790723668301730E+01,  +5.9875229121109868E+01,
  +2.6800000000000000E+02,  +6.4001805191611865E+01,  +6.2331309673562195E+01,  +5.9223742225065834E+01,
  +2.6900000000000000E+02,  +6.2829738727651176E+01,  +6.0436789470532489E+01,  +5.6799300630236701E+01,
  +2.7000000000000000E+02,  +6.0675187758553335E+01,  +5.7650408516059066E+01,  +5.4045786925337246E+01,
  +2.7100000000000000E+02,  +5.7983570037548752E+01,  +5.4684853489453019E+01,  +5.1251802257308974E+01,
  +2.7200000000000000E+02,  +5.5425579795632515E+01,  +5.2080295880397941E+01,  +4.8730617289459602E+01,
  +2.7300000000000000E+02,  +5.3060263376878261E+01,  +4.9720868154081799E+01,  +4.6390362467618409E+01,
  +2.7400000000000000E+02,  +5.0905059724226710E+01,  +4.7574761057940599E+01,  +4.4251957170617331E+01,
  +2.7500000000000000E+02,  +4.8860617941335370E+01,  +4.5537675069069813E+01,  +4.2219050691921957E+01,
  +2.7600000000000000E+02,  +5.4566590695337588E+01,  +4.8431585422100888E+01,  +4.4574438238430538E+01,
  +2.7700000000000000E+02,  +5.5953230724418162E+01,  +4.9426030763352372E+01,  +4.6245927099437409E+01,
  +2.7800000000000000E+02,  +5.2523868811572513E+01,  +4.7717141273903870E+01,  +4.5243570234512148E+01,
  +2.7900000000000000E+02,  +4.9943868854784093E+01,  +4.6133943852866906E+01,  +4.3381592746034663E+01,
  +2.8000000000000000E+02,  +5.4925879224471856E+01,  +4.8946509454443991E+01,  +4.5354512063141811E+01,
  +2.8100000000000000E+02,  +5.5766311921712024E+01,  +4.9647704631427551E+01,  +4.6563330383534179E+01,
  +2.8200000000000000E+02,  +5.7501572717083960E+01,  +5.1887375046206714E+01,  +4.8599186386731603E+01,
  +2.8300000000000000E+02,  +6.0632637061025108E+01,  +5.5807880963173609E+01,  +5.2145808969836317E+01,
  +2.8400000000000000E+02,  +5.9394354629735965E+01,  +5.5405320350339714E+01,  +5.2094794292049784E+01,
  +2.8500000000000000E+02,  +6.0109247214521609E+01,  +5.6037662627247322E+01,  +5.2702128947381119E+01,
  +2.8600000000000000E+02,  +6.2311485473522843E+01,  +5.8799854310578318E+01,  +5.5376092253810249E+01,
  +2.8700000000000000E+02,  +6.2177544736464121E+01,  +5.9013088228086765E+01,  +5.5610000686744215E+01,
  +2.8800000000000000E+02,  +6.0622815827353989E+01,  +5.7373744704399314E+01,  +5.3982515404890385E+01,
  +2.8900000000000000E+02,  +5.8895544675594735E+01,  +5.5597638265409870E+01,  +5.2234426944327282E+01,
  +2.9000000000000000E+02,  +5.7065785089179954E+01,  +5.3748406120966834E+01,  +5.0407128689537579E+01,
  +2.9100000000000000E+02,  +5.5217758179335135E+01,  +5.1895699322199398E+01,  +4.8565713749354096E+01,
  +2.9200000000000000E+02,  +5.3262818024716573E+01,  +4.9941519157053705E+01,  +4.6617016851924156E+01,
  +2.9300000000000000E+02,  +5.0583864824928838E+01,  +4.7261942460555588E+01,  +4.3933258808189606E+01,
  +2.9400000000000000E+02,  +5.4297421183170364E+01,  +4.8486695653379812E+01,  +4.5079534748447792E+01,
  +2.9500000000000000E+02,  +5.3124795559990432E+01,  +4.7807668943458658E+01,  +4.4988868491607789E+01,
  +2.9600000000000000E+02,  +4.8656919796015963E+01,  +4.4972775320033058E+01,  +4.2181096705713870E+01,
  +2.9700000000000000E+02,  +5.3489427518735184E+01,  +4.7225592909047585E+01,  +4.3712493784597505E+01,
  +2.9800000000000000E+02,  +5.3605936897173166E+01,  +4.7497662192862386E+01,  +4.4652148240824623E+01,
  +2.9900000000000000E+02,  +4.9300537490202053E+01,  +4.5178387746568134E+01,  +4.2618209949818592E+01,
  +3.0000000000000000E+02,  +5.4006492693681103E+01,  +4.7781550829458951E+01,  +4.4285732057234462E+01,
  +3.0100000000000000E+02,  +5.8881160895734723E+01,  +5.2742805228127018E+01,  +4.8989081908297436E+01,
  +3.0200000000000000E+02,  +6.0880671863489759E+01,  +5.6333986251660441E+01,  +5.2727657921787099E+01,
  +3.0300000000000000E+02,  +6.2144027432209555E+01,  +5.8642480283996164E+01,  +5.5211958298185621E+01,
  +3.0400000000000000E+02,  +6.2692713312452192E+01,  +5.9780847140238805E+01,  +5.6468770367587020E+01,
  +3.0500000000000000E+02,  +6.2995405300832388E+01,  +6.0380809852792012E+01,  +5.7130130357352762E+01,
  +3.0600000000000000E+02,  +6.3233494427405347E+01,  +6.0812274729949955E+01,  +5.7600134692100788E+01,
  +3.0700000000000000E+02,  +6.3209164245915296E+01,  +6.0805795394374350E+01,  +5.7567196418321089E+01,
  +3.0800000000000000E+02,  +6.3059805742778146E+01,  +6.0564748030189833E+01,  +5.7295258453668147E+01,
  +3.0900000000000000E+02,  +6.2907521296279874E+01,  +6.0309659501895702E+01,  +5.7024255467267409E+01,
  +3.1000000000000000E+02,  +6.3323085334728276E+01,  +6.0958725620151355E+01,  +5.7803464623307192E+01,
  +3.1100000000000000E+02,  +6.3893288270118816E+01,  +6.2000567360073660E+01,  +5.9070997904435693E+01,
  +3.1200000000000000E+02,  +6.4203557477286751E+01,  +6.2671148994361992E+01,  +5.9877516026825475E+01,
  +3.1300000000000000E+02,  +6.4349827905527292E+01,  +6.3008822424328280E+01,  +6.0282820755548272E+01,
  +3.1400000000000000E+02,  +6.4442041761988193E+01,  +6.3219539612095616E+01,  +6.0554656793788375E+01,
  +3.1500000000000000E+02,  +6.4471674197343134E+01,  +6.3284711785922646E+01,  +6.0608224098916303E+01,
  +3.1600000000000000E+02,  +6.4411857946216458E+01,  +6.3139321674145066E+01,  +6.0351359736471650E+01,
  +3.1700000000000000E+02,  +6.4110918428454141E+01,  +6.2496796630467642E+01,  +5.9446112605822755E+01,
  +3.1800000000000000E+02,  +6.3310521508831009E+01,  +6.1053726834959200E+01,  +5.7759230187989161E+01,
  +3.1900000000000000E+02,  +6.2767024279745357E+01,  +6.0110403168732404E+01,  +5.6785821001991557E+01,
  +3.2000000000000000E+02,  +6.0841792783473267E+01,  +5.7848871109750718E+01,  +5.4435063222055433E+01,
  +3.2100000000000000E+02,  +5.7366608717067123E+01,  +5.4099138834750192E+01,  +5.0686300376296153E+01,
  +3.2200000000000000E+02,  +5.3734495846384696E+01,  +5.0399723353204799E+01,  +4.7058502863336230E+01,
  +3.2300000000000000E+02,  +5.6438648379854030E+01,  +5.1248220246508389E+01,  +4.7781974001161885E+01,
  +3.2400000000000000E+02,  +5.9688880705643690E+01,  +5.4555052650559290E+01,  +5.1043233903892137E+01,
  +3.2500000000000000E+02,  +6.1122535724910392E+01,  +5.7032744612735826E+01,  +5.3580256438795828E+01,
  +3.2600000000000000E+02,  +6.2146131284814338E+01,  +5.8785287130290897E+01,  +5.5415384828870117E+01,
  +3.2700000000000000E+02,  +6.2658871788140218E+01,  +5.9757602457574670E+01,  +5.6453971400572925E+01,
  +3.2800000000000000E+02,  +6.2805907793489162E+01,  +6.0089569608005540E+01,  +5.6806363081359606E+01,
  +3.2900000000000000E+02,  +6.2768528766715256E+01,  +6.0063811834895809E+01,  +5.6771551115095100E+01,
  +3.3000000000000000E+02,  +6.2709229608764531E+01,  +5.9971327447040537E+01,  +5.6673512599182935E+01,
  +3.3100000000000000E+02,  +6.2573243469455591E+01,  +5.9762666035470360E+01,  +5.6453086702075865E+01,
  +3.3200000000000000E+02,  +5.9850246809676506E+01,  +5.6755868188426859E+01,  +5.3362530053964797E+01,
  +3.3300000000000000E+02,  +5.9523608447741907E+01,  +5.5517193689291801E+01,  +5.2157613999170998E+01,
  +3.3400000000000000E+02,  +5.8296390260462999E+01,  +5.4331077545347540E+01,  +5.1163871285815823E+01,
  +3.3500000000000000E+02,  +5.9565216880453114E+01,  +5.5302965214073438E+01,  +5.1941821171071503E+01,
  +3.3600000000000000E+02,  +6.1862837678587681E+01,  +5.8048969472531361E+01,  +5.4577244774943878E+01,
  +3.3700000000000000E+02,  +6.2836765384641545E+01,  +5.9901403080454081E+01,  +5.6583919348238020E+01,
  +3.3800000000000000E+02,  +6.2008621431204375E+01,  +5.9137087592253081E+01,  +5.5756552815171034E+01,
  +3.3900000000000000E+02,  +5.9893457356331233E+01,  +5.6750724158098869E+01,  +5.3303073334438515E+01,
  +3.4000000000000000E+02,  +5.7093739912373884E+01,  +5.3806152485800382E+01,  +5.0422668117599251E+01,
  +3.4100000000000000E+02,  +5.8004959731618065E+01,  +5.3491219098195089E+01,  +5.0144890725904055E+01,
  +3.4200000000000000E+02,  +5.4635605655580633E+01,  +5.0610243090147115E+01,  +4.7514038133501764E+01,
  +3.4300000000000000E+02,  +5.5178008955631640E+01,  +4.9924059843407150E+01,  +4.6775833966371991E+01,
  +3.4400000000000000E+02,  +5.2500717671587545E+01,  +4.7944714034773675E+01,  +4.5044448618906507E+01,
  +3.4500000000000000E+02,  +5.4313638857433652E+01,  +4.8596411627650518E+01,  +4.5459692093152441E+01,
  +3.4600000000000000E+02,  +5.2217649238716248E+01,  +4.7289465275964787E+01,  +4.4453528114970275E+01,
  +3.4700000000000000E+02,  +5.4115927459743681E+01,  +4.8264319571798566E+01,  +4.5163453225063989E+01,
  +3.4800000000000000E+02,  +5.7959912428164330E+01,  +5.2050914032531445E+01,  +4.8591898231950282E+01,
  +3.4900000000000000E+02,  +5.9691999826054484E+01,  +5.4873185322093086E+01,  +5.1456330939746579E+01,
  +3.5000000000000000E+02,  +6.0856039570709633E+01,  +5.6784558666587110E+01,  +5.3393282646668908E+01,
  +3.5100000000000000E+02,  +6.1505100657148105E+01,  +5.7910517970896919E+01,  +5.4546898687936860E+01,
  +3.5200000000000000E+02,  +6.1692479032755180E+01,  +5.8318322099403595E+01,  +5.4979724351776170E+01,
  +3.5300000000000000E+02,  +6.1682129518829186E+01,  +5.8355198069731507E+01,  +5.5022326053714629E+01,
  +3.5400000000000000E+02,  +5.8875888210058136E+01,  +5.5551136407668736E+01,  +5.2223771486746955E+01,
  +3.5500000000000000E+02,  +5.8409077989650683E+01,  +5.4105150590252876E+01,  +5.0826418055109862E+01,
  +3.5600000000000000E+02,  +5.5231217361388801E+01,  +5.1309328671435438E+01,  +4.8206528103994785E+01,
  +3.5700000000000000E+02,  +5.5699783624883679E+01,  +5.0595355272353629E+01,  +4.7428143093408586E+01,
  +3.5800000000000000E+02,  +5.8822752876061983E+01,  +5.3506072465353768E+01,  +5.0053497058328695E+01,
  +3.5900000000000000E+02,  +6.0902130275054098E+01,  +5.6530350603338441E+01,  +5.3011839376784735E+01,
  +3.6000000000000000E+02,  +6.1975115209584196E+01,  +5.8463378500312430E+01,  +5.5058274348158257E+01,
  +3.6100000000000000E+02,  +6.2644530377628200E+01,  +5.9697199235812768E+01,  +5.6394896717807207E+01,
  +3.6200000000000000E+02,  +6.3029163612029969E+01,  +6.0422340841201070E+01,  +5.7175549045743246E+01,
  +3.6300000000000000E+02,  +6.3299576883407717E+01,  +6.0923878620205059E+01,  +5.7729487269181121E+01,
  +3.6400000000000000E+02,  +6.3395967272399730E+01,  +6.1119462866866520E+01,  +5.7927023838365599E+01,
  +3.6500000000000000E+02,  +6.2921882351445298E+01,  +6.0379639084424795E+01,  +5.7083096575628460E+01,
  +3.6600000000000000E+02,  +5.8982182318542833E+01,  +5.5905557831722739E+01,  +5.2486229030507452E+01,
  +3.6700000000000000E+02,  +5.3112314551443703E+01,  +4.9777702369930658E+01,  +4.6412229944298488E+01,
  +3.6800000000000000E+02,  +5.4860954539763434E+01,  +4.9388832388479635E+01,  +4.6101805087576835E+01,
  +3.6900000000000000E+02,  +5.2773480998555286E+01,  +4.7939328999514942E+01,  +4.5087549226092875E+01,
  +3.7000000000000000E+02,  +5.4668409196049801E+01,  +4.8939461116848179E+01,  +4.5795006970924462E+01,
  +3.7100000000000000E+02,  +5.8164966439061523E+01,  +5.2442721379627883E+01,  +4.9020791586675379E+01,
  +3.7200000000000000E+02,  +5.9911901845813510E+01,  +5.5199470530491560E+01,  +5.1766859184231905E+01,
  +3.7300000000000000E+02,  +6.1085873549627358E+01,  +5.7115139451747744E+01,  +5.3709930452042599E+01,
  +3.7400000000000000E+02,  +6.1823870459484809E+01,  +5.8374434763759943E+01,  +5.5013498491033737E+01,
  +3.7500000000000000E+02,  +6.2138447760625439E+01,  +5.8976075600416756E+01,  +5.5644013322551537E+01,
  +3.7600000000000000E+02,  +6.2178212265534981E+01,  +5.9103143352371724E+01,  +5.5777460966498182E+01,
  +3.7700000000000000E+02,  +6.2038042369324508E+01,  +5.8922112399099056E+01,  +5.5593177567585272E+01,
  +3.7800000000000000E+02,  +6.1721682330192301E+01,  +5.8474289356566565E+01,  +5.5144520081624350E+01,
  +3.7900000000000000E+02,  +6.1340139979811575E+01,  +5.7923653904193486E+01,  +5.4600472864247742E+01,
  +3.8000000000000000E+02,  +5.7827016870091647E+01,  +5.4440528638753655E+01,  +5.1132135563486891E+01,
  +3.8100000000000000E+02,  +5.7763493103658988E+01,  +5.3229736298933219E+01,  +4.9941882078696814E+01,
  +3.8200000000000000E+02,  +5.6227178369244811E+01,  +5.1895906903524327E+01,  +4.8847823725863051E+01,
  +3.8300000000000000E+02,  +5.2977920391860764E+01,  +4.9396474624596593E+01,  +4.6367885340256912E+01,
  +3.8400000000000000E+02,  +5.6504791494448249E+01,  +5.1216298624858304E+01,  +4.7692115939653114E+01,
  +3.8500000000000000E+02,  +6.0536293951786206E+01,  +5.5426251346494396E+01,  +5.1670144321165822E+01,
  +3.8600000000000000E+02,  +6.1951513873941146E+01,  +5.8195567038715858E+01,  +5.4666844263037468E+01,
  +3.8700000000000000E+02,  +6.2645165520761921E+01,  +5.9648469731779414E+01,  +5.6327136003571376E+01,
  +3.8800000000000000E+02,  +6.2898526765025153E+01,  +6.0214326888822633E+01,  +5.6939637957990264E+01,
  +3.8900000000000000E+02,  +6.2527166164075382E+01,  +5.9721750960472626E+01,  +5.6405036806571289E+01,
  +3.9000000000000000E+02,  +6.1456756117927512E+01,  +5.8199744575328211E+01,  +5.4862562924796144E+01,
  +3.9100000000000000E+02,  +5.7085869766264608E+01,  +5.3730740537192943E+01,  +5.0410182681175570E+01,
  +3.9200000000000000E+02,  +5.1661537259031682E+01,  +4.8334913117441964E+01,  +4.5010304750168729E+01,
  +3.9300000000000000E+02,  +5.4210294915460530E+01,  +4.8500256422385242E+01,  +4.5184915939183455E+01,
  +3.9400000000000000E+02,  +5.7740542055538953E+01,  +5.1872308265626010E+01,  +4.8503614871926942E+01,
  +3.9500000000000000E+02,  +5.9514487802191184E+01,  +5.4649904450097651E+01,  +5.1253643757222605E+01,
  +3.9600000000000000E+02,  +6.0797549730991967E+01,  +5.6669690316257956E+01,  +5.3268341855802987E+01,
  +3.9700000000000000E+02,  +6.1627705297880830E+01,  +5.8049081407565545E+01,  +5.4677735430342111E+01,
  +3.9800000000000000E+02,  +6.2181916814078164E+01,  +5.8993864765973846E+01,  +5.5661232331458336E+01,
  +3.9900000000000000E+02,  +6.2524610935206873E+01,  +5.9594808544369407E+01,  +5.6289085176265708E+01,
  +4.0000000000000000E+02,  +6.2458401483685172E+01,  +5.9563856995560876E+01,  +5.6248823983955667E+01,
  +4.0100000000000000E+02,  +6.2270401939046643E+01,  +5.9290211234563444E+01,  +5.5965890924329678E+01,
  +4.0200000000000000E+02,  +6.1987817330187177E+01,  +5.8870869452574773E+01,  +5.5541237402410822E+01,
  +4.0300000000000000E+02,  +6.1493747579957819E+01,  +5.8167627839344782E+01,  +5.4842738318364063E+01,
  +4.0400000000000000E+02,  +6.1069393700216644E+01,  +5.7541321154567690E+01,  +5.4226464295643957E+01,
  +4.0500000000000000E+02,  +6.1165141532416044E+01,  +5.7585219688576309E+01,  +5.4257786211319804E+01,
  +4.0600000000000000E+02,  +6.2012658390162947E+01,  +5.8704203711754580E+01,  +5.5371795777509220E+01,
  +4.0700000000000000E+02,  +6.2771564226169829E+01,  +5.9915372621747046E+01,  +5.6634039964670997E+01,
  +4.0800000000000000E+02,  +6.3248338667861105E+01,  +6.0792866885014774E+01,  +5.7598478355892517E+01,
  +4.0900000000000000E+02,  +6.3570962914404845E+01,  +6.1407817443217546E+01,  +5.8289541766481776E+01,
  +4.1000000000000000E+02,  +6.3763593023444457E+01,  +6.1789762207228222E+01,  +5.8720430727296637E+01,
  +4.1100000000000000E+02,  +6.3834028959414390E+01,  +6.1936512637000718E+01,  +5.8869216439874698E+01,
  +4.1200000000000000E+02,  +6.3811176109821091E+01,  +6.1898065139388315E+01,  +5.8802389531024836E+01,
  +4.1300000000000000E+02,  +6.1995243072680452E+01,  +5.9435637511736054E+01,  +5.5974258729605317E+01,
  +4.1400000000000000E+02,  +6.0687239649573094E+01,  +5.7142536145953891E+01,  +5.3736417660898447E+01,
  +4.1500000000000000E+02,  +5.7334745561840421E+01,  +5.3822689469728367E+01,  +5.0576853565517538E+01,
  +4.1600000000000000E+02,  +5.7672473026101144E+01,  +5.3065200387002342E+01,  +4.9768317139633467E+01,
  +4.1700000000000000E+02,  +5.5673306012632047E+01,  +5.1394760079051473E+01,  +4.8342465450410742E+01,
  +4.1800000000000000E+02,  +5.7127923940616917E+01,  +5.2108058465537226E+01,  +4.8812640069841500E+01,
  +4.1900000000000000E+02,  +5.9816837149699431E+01,  +5.4944675483404332E+01,  +5.1490665102512260E+01,
  +4.2000000000000000E+02,  +6.1116919900215656E+01,  +5.7107033843481737E+01,  +5.3688436969740060E+01,
  +4.2100000000000000E+02,  +6.2009671582341568E+01,  +5.8616882340001197E+01,  +5.5251413678809477E+01,
  +4.2200000000000000E+02,  +6.2526993673188542E+01,  +5.9550151710201675E+01,  +5.6239876806615861E+01,
  +4.2300000000000000E+02,  +6.2847487821997376E+01,  +6.0132073645936053E+01,  +5.6860631153353218E+01,
  +4.2400000000000000E+02,  +6.2863416799030588E+01,  +6.0211513067530220E+01,  +5.6929894321425493E+01,
  +4.2500000000000000E+02,  +6.0947536501964493E+01,  +5.7995794378654942E+01,  +5.4577072102493524E+01,
  +4.2600000000000000E+02,  +6.0562559851165517E+01,  +5.6914924188879603E+01,  +5.3531839871200582E+01,
  +4.2700000000000000E+02,  +6.1284719045417141E+01,  +5.7629290579413535E+01,  +5.4286211540452939E+01,
  +4.2800000000000000E+02,  +6.1545687391605988E+01,  +5.8089551584010572E+01,  +5.4748779865147469E+01,
  +4.2900000000000000E+02,  +6.1708130557999013E+01,  +5.8361279301005830E+01,  +5.5026186434950482E+01,
  +4.3000000000000000E+02,  +6.2559257553564805E+01,  +5.9577983770850338E+01,  +5.6299172903712645E+01,
  +4.3100000000000000E+02,  +6.3392374094395009E+01,  +6.0982830685347956E+01,  +5.7839897590962977E+01,
  +4.3200000000000000E+02,  +6.3907658053440471E+01,  +6.2025811706347234E+01,  +5.9088298081714385E+01,
  +4.3300000000000000E+02,  +6.4234546554251978E+01,  +6.2738889308786867E+01,  +5.9984384583933007E+01,
  +4.3400000000000000E+02,  +6.4432221510613175E+01,  +6.3200100152495175E+01,  +6.0593711174397292E+01,
  +4.3500000000000000E+02,  +6.4498662837055917E+01,  +6.3354487256048799E+01,  +6.0734207606324958E+01,
  +4.3600000000000000E+02,  +6.4054098917070917E+01,  +6.2460032005661823E+01,  +5.9251073138860285E+01,
  +4.3700000000000000E+02,  +6.3801601993897251E+01,  +6.1857380449795286E+01,  +5.8600332536175401E+01,
  +4.3800000000000000E+02,  +6.2358840154826424E+01,  +5.9866300050783863E+01,  +5.6438326115353739E+01,
  +4.3900000000000000E+02,  +5.9664559338039993E+01,  +5.6542422734198951E+01,  +5.2975943425124967E+01,
  +4.4000000000000000E+02,  +5.6938714513717542E+01,  +5.3613781002512958E+01,  +5.0211586914736785E+01,
  +4.4100000000000000E+02,  +5.4376741172270364E+01,  +5.1030900670125440E+01,  +4.7690512292665673E+01,
  +4.4200000000000000E+02,  +5.7475041621219319E+01,  +5.2540928865793234E+01,  +4.8977855071360644E+01,
  +4.4300000000000000E+02,  +6.1104963676400274E+01,  +5.6418702375354108E+01,  +5.2718388881624250E+01,
  +4.4400000000000000E+02,  +6.2675273857180414E+01,  +5.9355356926744129E+01,  +5.5877901118068898E+01,
  +4.4500000000000000E+02,  +6.3501601805852026E+01,  +6.1101613540065735E+01,  +5.7936988128072244E+01,
  +4.4600000000000000E+02,  +6.3885716659862631E+01,  +6.1980875104677516E+01,  +5.8986790093116767E+01,
  +4.4700000000000000E+02,  +6.4080220021252316E+01,  +6.2418811849174830E+01,  +5.9505073042421650E+01,
  +4.4800000000000000E+02,  +6.4111170151040369E+01,  +6.2493114459723692E+01,  +5.9543066801875931E+01,
  +4.4900000000000000E+02,  +6.4108536200048732E+01,  +6.2485232625436687E+01,  +5.9521236269646231E+01,
  +4.5000000000000000E+02,  +6.4013859586612057E+01,  +6.2296181192931073E+01,  +5.9260602900805964E+01,
  +4.5100000000000000E+02,  +6.3942736029777897E+01,  +6.2150674794382233E+01,  +5.9089429945868375E+01,
  +4.5200000000000000E+02,  +6.3876265612782788E+01,  +6.2022477802178209E+01,  +5.8939543948929980E+01,
  +4.5300000000000000E+02,  +6.3814796432388754E+01,  +6.1904287281407726E+01,  +5.8800847920532377E+01,
  +4.5400000000000000E+02,  +6.3214086481927218E+01,  +6.0988073093802598E+01,  +5.7616338504874484E+01,
  +4.5500000000000000E+02,  +6.3408580141093317E+01,  +6.1183075835309744E+01,  +5.7993820245726610E+01,
  +4.5600000000000000E+02,  +6.4051814702378223E+01,  +6.2304382291093276E+01,  +5.9465851991705108E+01,
  +4.5700000000000000E+02,  +6.4358153221123288E+01,  +6.3020464052059673E+01,  +6.0389472146792365E+01,
  +4.5800000000000000E+02,  +6.3933278221956911E+01,  +6.2260649781589947E+01,  +5.9096190155033817E+01,
  +4.5900000000000000E+02,  +6.3851124377028540E+01,  +6.1978290730760612E+01,  +5.8809606818707643E+01,
  +4.6000000000000000E+02,  +6.4179026386705459E+01,  +6.2604239768651489E+01,  +5.9784162505619946E+01,
  +4.6100000000000000E+02,  +6.3072206308621489E+01,  +6.0930078411554071E+01,  +5.7561239946342980E+01,
  +4.6200000000000000E+02,  +6.2318707450391635E+01,  +5.9429073016153822E+01,  +5.5982563524902240E+01,
  +4.6300000000000000E+02,  +6.0186986739414827E+01,  +5.7036289869550544E+01,  +5.3673206591784194E+01,
  +4.6400000000000000E+02,  +5.6672457275176285E+01,  +5.3376137697570755E+01,  +4.9999803679933251E+01,
  +4.6500000000000000E+02,  +5.8246330197514567E+01,  +5.3697375955013918E+01,  +5.0264635107358671E+01,
  +4.6600000000000000E+02,  +5.7047719077318995E+01,  +5.2677058818497215E+01,  +4.9566076239109925E+01,
  +4.6700000000000000E+02,  +5.8193460951588726E+01,  +5.3453661460182374E+01,  +5.0155341370194151E+01,
  +4.6800000000000000E+02,  +6.0645838874621838E+01,  +5.6186354781170401E+01,  +5.2700865009770787E+01,
  +4.6900000000000000E+02,  +6.1877284554255972E+01,  +5.8282737919873206E+01,  +5.4871820445481646E+01,
  +4.7000000000000000E+02,  +6.2647219213362824E+01,  +5.9670985630489525E+01,  +5.6358495099132284E+01,
  +4.7100000000000000E+02,  +6.3005461760234489E+01,  +6.0382111371941072E+01,  +5.7129116033489602E+01,
  +4.7200000000000000E+02,  +6.3138685837955485E+01,  +6.0660077820105805E+01,  +5.7421979858179917E+01,
  +4.7300000000000000E+02,  +6.3235491365085977E+01,  +6.0836766554625015E+01,  +5.7614002406691313E+01,
  +4.7400000000000000E+02,  +6.3224107931177144E+01,  +6.0830381424837746E+01,  +5.7595390520291090E+01,
  +4.7500000000000000E+02,  +6.3029039751908542E+01,  +6.0519119400437759E+01,  +5.7243711085359763E+01,
  +4.7600000000000000E+02,  +6.2704892014261574E+01,  +5.9999938659796271E+01,  +5.6690571022013721E+01,
  +4.7700000000000000E+02,  +6.2508325331456589E+01,  +5.9666777580252642E+01,  +5.6351349944372103E+01,
  +4.7800000000000000E+02,  +6.2981939632407396E+01,  +6.0355231563439709E+01,  +5.7129046217722646E+01,
  +4.7900000000000000E+02,  +6.2384655291141023E+01,  +5.9679107255734124E+01,  +5.6320353413043250E+01,
  +4.8000000000000000E+02,  +6.2609334906350249E+01,  +5.9843052689152138E+01,  +5.6542741976978071E+01,
  +4.8100000000000000E+02,  +6.3478814708943830E+01,  +6.1150827583756886E+01,  +5.8044200950369401E+01,
  +4.8200000000000000E+02,  +6.3876756428509900E+01,  +6.1979745237372676E+01,  +5.8995844230903892E+01,
  +4.8300000000000000E+02,  +6.4085889879646984E+01,  +6.2431005905135066E+01,  +5.9523965006093384E+01,
  +4.8400000000000000E+02,  +6.4163908717851882E+01,  +6.2601916250506399E+01,  +5.9699453958670297E+01,
  +4.8500000000000000E+02,  +6.3014084901710483E+01,  +6.0822898253354900E+01,  +5.7414828731246303E+01,
  +4.8600000000000000E+02,  +6.2260372176789787E+01,  +5.9338885415512934E+01,  +5.5897485966997216E+01,
  +4.8700000000000000E+02,  +6.2387098572258338E+01,  +5.9416889100287094E+01,  +5.6110534667623391E+01,
  +4.8800000000000000E+02,  +6.0510913516134430E+01,  +5.7403177025656099E+01,  +5.4019219219635900E+01,
  +4.8900000000000000E+02,  +5.7555595157906303E+01,  +5.4275258788656672E+01,  +5.0879995720260155E+01,
  +4.9000000000000000E+02,  +5.4958712103932967E+01,  +5.1630488208031551E+01,  +4.8279647027624698E+01,
  +4.9100000000000000E+02,  +5.7824624551415539E+01,  +5.3026860239842811E+01,  +4.9480147604080052E+01,
  +4.9200000000000000E+02,  +6.1133411330226757E+01,  +5.6585306043498953E+01,  +5.2954333106726693E+01,
  +4.9300000000000000E+02,  +6.2431768081009743E+01,  +5.9066489256673485E+01,  +5.5625621872075534E+01,
  +4.9400000000000000E+02,  +6.3172763926760339E+01,  +6.0556122477635718E+01,  +5.7325782769503689E+01,
  +4.9500000000000000E+02,  +6.3587165723684592E+01,  +6.1409792041061728E+01,  +5.8299544455034606E+01,
  +4.9600000000000000E+02,  +6.3797937751964007E+01,  +6.1851805378443821E+01,  +5.8798786358970254E+01,
  +4.9700000000000000E+02,  +6.3832352110806177E+01,  +6.1936033128455868E+01,  +5.8860384728651312E+01,
  +4.9800000000000000E+02,  +6.3672346469763418E+01,  +6.1647054224019804E+01,  +5.8485432492801493E+01,
  +4.9900000000000000E+02,  +6.3538958797501351E+01,  +6.1396120733613934E+01,  +5.8204483029867575E+01,
  +5.0000000000000000E+02,  +6.2092700075843730E+01,  +5.9474373612410908E+01,  +5.6026234354303803E+01,
  +5.0100000000000000E+02,  +6.1896337602463895E+01,  +5.8782158059345804E+01,  +5.5371491166645839E+01,
  +5.0200000000000000E+02,  +6.1402279933204177E+01,  +5.8178003839072474E+01,  +5.4849217156208773E+01,
  +5.0300000000000000E+02,  +5.9903963618188492E+01,  +5.6638542791848423E+01,  +5.3283556198146293E+01,
