 TIME                                   ,T_M                                     ,
 HOURS              ,"°C"                ,
  +0.0000000000000000E+00,  +4.9829000000000001E+01,
  +1.0000000000000000E+00,  +5.3186204687796973E+01,
  +2.0000000000000000E+00,  +5.1785524112166883E+01,
  +3.0000000000000000E+00,  +5.0463506372880879E+01,
  +4.0000000000000000E+00,  +4.9064883954209940E+01,
  +5.0000000000000000E+00,  +4.7046634679447706E+01,
  +6.0000000000000000E+00,  +4.4256063200463458E+01,
  +7.0000000000000000E+00,  +4.1979922391439004E+01,
  +8.0000000000000000E+00,  +4.0416861603873272E+01,
  +9.0000000000000000E+00,  +4.0142207267061089E+01,
  +1.0000000000000000E+01,  +4.0082728322632242E+01,
  +1.1000000000000000E+01,  +4.0065429302230235E+01,
  +1.2000000000000000E+01,  +4.0057054842190908E+01,
  +1.3000000000000000E+01,  +4.2015518386805908E+01,
  +1.4000000000000000E+01,  +5.1547982582038316E+01,
  +1.5000000000000000E+01,  +5.1564440769499058E+01,
  +1.6000000000000000E+01,  +5.1582056748410693E+01,
  +1.7000000000000000E+01,  +5.1600951376371114E+01,
  +1.8000000000000000E+01,  +5.1621371512369329E+01,
  +1.9000000000000000E+01,  +5.1642827444364862E+01,
  +2.0000000000000000E+01,  +5.1665288290630670E+01,
  +2.1000000000000000E+01,  +5.1687906072044086E+01,
  +2.2000000000000000E+01,  +5.1706337969365372E+01,
  +2.3000000000000000E+01,  +5.0984217790046735E+01,
  +2.4000000000000000E+01,  +5.0182762715457706E+01,
  +2.5000000000000000E+01,  +4.8662486619412114E+01,
  +2.6000000000000000E+01,  +4.7224795817539814E+01,
  +2.7000000000000000E+01,  +4.6214227462154902E+01,
  +2.8000000000000000E+01,  +4.4202543698938513E+01,
  +2.9000000000000000E+01,  +4.1810824921976582E+01,
  +3.0000000000000000E+01,  +4.0100273090554111E+01,
  +3.1000000000000000E+01,  +4.0078679139211502E+01,
  +3.2000000000000000E+01,  +4.0063340229333448E+01,
  +3.3000000000000000E+01,  +4.0042977479596281E+01,
  +3.4000000000000000E+01,  +4.0029812391266482E+01,
  +3.5000000000000000E+01,  +4.0020835666958327E+01,
  +3.6000000000000000E+01,  +4.5061028538996752E+01,
  +3.7000000000000000E+01,  +5.1351024467695709E+01,
  +3.8000000000000000E+01,  +5.1363099726640101E+01,
  +3.9000000000000000E+01,  +5.0367782796105558E+01,
  +4.0000000000000000E+01,  +4.9233263516430320E+01,
  +4.1000000000000000E+01,  +4.8100158304664291E+01,
  +4.2000000000000000E+01,  +4.4485985023952139E+01,
  +4.3000000000000000E+01,  +4.2153085670035935E+01,
  +4.4000000000000000E+01,  +4.0042071014235248E+01,
  +4.5000000000000000E+01,  +4.0032328415954524E+01,
  +4.6000000000000000E+01,  +4.0027081768720635E+01,
  +4.7000000000000000E+01,  +4.0022875116038591E+01,
  +4.8000000000000000E+01,  +4.0018266667043591E+01,
  +4.9000000000000000E+01,  +4.0014838220278996E+01,
  +5.0000000000000000E+01,  +4.0012087978450865E+01,
  +5.1000000000000000E+01,  +4.0009837427996430E+01,
  +5.2000000000000000E+01,  +4.0007728395150387E+01,
  +5.3000000000000000E+01,  +4.0005495511467998E+01,
  +5.4000000000000000E+01,  +4.0003451535611624E+01,
  +5.5000000000000000E+01,  +4.0002243494177442E+01,
  +5.6000000000000000E+01,  +4.0001577852561269E+01,
  +5.7000000000000000E+01,  +4.0001153358005624E+01,
  +5.8000000000000000E+01,  +4.0000776855444869E+01,
  +5.9000000000000000E+01,  +4.0000547053648056E+01,
  +6.0000000000000000E+01,  +4.2589636466503791E+01,
  +6.1000000000000000E+01,  +4.9743570391358830E+01,
  +6.2000000000000000E+01,  +4.9758214729351408E+01,
  +6.3000000000000000E+01,  +4.9772823684438663E+01,
  +6.4000000000000000E+01,  +4.9775302345244256E+01,
  +6.5000000000000000E+01,  +4.8865813799133406E+01,
  +6.6000000000000000E+01,  +4.7986108921272631E+01,
  +6.7000000000000000E+01,  +4.6883961743631936E+01,
  +6.8000000000000000E+01,  +4.3389206070551367E+01,
  +6.9000000000000000E+01,  +4.1713103100686176E+01,
  +7.0000000000000000E+01,  +4.2026938304527555E+01,
  +7.1000000000000000E+01,  +4.1174184987509811E+01,
  +7.2000000000000000E+01,  +4.0452610740009618E+01,
  +7.3000000000000000E+01,  +4.0040118739898759E+01,
  +7.4000000000000000E+01,  +4.0035029017675349E+01,
  +7.5000000000000000E+01,  +4.0030300263215672E+01,
  +7.6000000000000000E+01,  +4.0025848888028072E+01,
  +7.7000000000000000E+01,  +4.0020719747179498E+01,
  +7.8000000000000000E+01,  +4.0013816143759371E+01,
  +7.9000000000000000E+01,  +4.0009068303288529E+01,
  +8.0000000000000000E+01,  +4.0006108397183795E+01,
  +8.1000000000000000E+01,  +4.0004378911297117E+01,
  +8.2000000000000000E+01,  +4.0003099244093242E+01,
  +8.3000000000000000E+01,  +4.0002072500707790E+01,
  +8.4000000000000000E+01,  +4.0001416490150682E+01,
  +8.5000000000000000E+01,  +4.4809594898048161E+01,
  +8.6000000000000000E+01,  +5.1317587044293518E+01,
  +8.7000000000000000E+01,  +5.1330269193173244E+01,
  +8.8000000000000000E+01,  +5.1338092257870784E+01,
  +8.9000000000000000E+01,  +4.7473906943276006E+01,
  +9.0000000000000000E+01,  +4.4032233595429389E+01,
  +9.1000000000000000E+01,  +4.1657687970664206E+01,
  +9.2000000000000000E+01,  +4.0029857407014120E+01,
  +9.3000000000000000E+01,  +4.0023526916457975E+01,
  +9.4000000000000000E+01,  +4.0019738819950902E+01,
  +9.5000000000000000E+01,  +4.0015291570037284E+01,
  +9.6000000000000000E+01,  +4.0011945110814452E+01,
  +9.7000000000000000E+01,  +4.0009410116536991E+01,
  +9.8000000000000000E+01,  +4.0007476493702953E+01,
  +9.9000000000000000E+01,  +4.0005940198282403E+01,
  +1.0000000000000000E+02,  +4.0004640225076301E+01,
  +1.0100000000000000E+02,  +4.0003218806845780E+01,
  +1.0200000000000000E+02,  +4.0002035265937906E+01,
  +1.0300000000000000E+02,  +4.0001269627288579E+01,
  +1.0400000000000000E+02,  +4.0000825256211115E+01,
  +1.0500000000000000E+02,  +4.0000551858462956E+01,
  +1.0600000000000000E+02,  +4.0000363797568511E+01,
  +1.0700000000000000E+02,  +4.0000245039372466E+01,
  +1.0800000000000000E+02,  +4.0173956294884945E+01,
  +1.0900000000000000E+02,  +4.8912245477749181E+01,
  +1.1000000000000000E+02,  +4.8930190281049718E+01,
  +1.1100000000000000E+02,  +4.8949550281800370E+01,
  +1.1200000000000000E+02,  +4.8970255365677701E+01,
  +1.1300000000000000E+02,  +4.8991733334420395E+01,
  +1.1400000000000000E+02,  +4.9015431229734943E+01,
  +1.1500000000000000E+02,  +4.9039503769565258E+01,
  +1.1600000000000000E+02,  +4.5870194157125560E+01,
  +1.1700000000000000E+02,  +4.9081988911154653E+01,
  +1.1800000000000000E+02,  +4.9101997893330896E+01,
  +1.1900000000000000E+02,  +4.9122341475358944E+01,
  +1.2000000000000000E+02,  +4.7405302115882549E+01,
  +1.2100000000000000E+02,  +4.5690653228485225E+01,
  +1.2200000000000000E+02,  +4.4086083138130419E+01,
  +1.2300000000000000E+02,  +4.9190524360693345E+01,
  +1.2400000000000000E+02,  +4.9211675332247388E+01,
  +1.2500000000000000E+02,  +4.9234823130732153E+01,
  +1.2600000000000000E+02,  +4.5757996639734358E+01,
  +1.2700000000000000E+02,  +4.2330917021846986E+01,
  +1.2800000000000000E+02,  +4.0015160447378953E+01,
  +1.2900000000000000E+02,  +4.0010080303347735E+01,
  +1.3000000000000000E+02,  +4.0006462546536540E+01,
  +1.3100000000000000E+02,  +4.0004260256703887E+01,
  +1.3200000000000000E+02,  +4.0003149377492058E+01,
  +1.3300000000000000E+02,  +4.4573416264121839E+01,
  +1.3400000000000000E+02,  +5.1293255417384593E+01,
  +1.3500000000000000E+02,  +5.1306577473324367E+01,
  +1.3600000000000000E+02,  +5.1321778721886176E+01,
  +1.3700000000000000E+02,  +5.1338733407831484E+01,
  +1.3800000000000000E+02,  +5.1356168829904632E+01,
  +1.3900000000000000E+02,  +5.1374388400117198E+01,
  +1.4000000000000000E+02,  +4.9710905751603534E+01,
  +1.4100000000000000E+02,  +4.4883444783142778E+01,
  +1.4200000000000000E+02,  +4.3261760873500890E+01,
  +1.4300000000000000E+02,  +4.7392241526790855E+01,
  +1.4400000000000000E+02,  +4.4899896162082847E+01,
  +1.4500000000000000E+02,  +4.2654483419480016E+01,
  +1.4600000000000000E+02,  +4.1273389598740913E+01,
  +1.4700000000000000E+02,  +4.0054503424425313E+01,
  +1.4800000000000000E+02,  +4.0045453040197735E+01,
  +1.4900000000000000E+02,  +4.0035815899183326E+01,
  +1.5000000000000000E+02,  +4.0025342224504342E+01,
  +1.5100000000000000E+02,  +4.0016127928874312E+01,
  +1.5200000000000000E+02,  +4.0010483718700641E+01,
  +1.5300000000000000E+02,  +4.0006911104256432E+01,
  +1.5400000000000000E+02,  +4.0004588511824949E+01,
  +1.5500000000000000E+02,  +4.0003024850676518E+01,
  +1.5600000000000000E+02,  +4.0002052295233781E+01,
  +1.5700000000000000E+02,  +4.2365808475265382E+01,
  +1.5800000000000000E+02,  +4.1296326737167675E+01,
  +1.5900000000000000E+02,  +4.0024348668181140E+01,
  +1.6000000000000000E+02,  +4.0015718544749021E+01,
  +1.6100000000000000E+02,  +4.0009871725724615E+01,
  +1.6200000000000000E+02,  +4.0005958103664497E+01,
  +1.6300000000000000E+02,  +4.0003504954068568E+01,
  +1.6400000000000000E+02,  +4.0002115423408462E+01,
  +1.6500000000000000E+02,  +4.0001293574649374E+01,
  +1.6600000000000000E+02,  +4.0000954319652152E+01,
  +1.6700000000000000E+02,  +4.0000733145069034E+01,
  +1.6800000000000000E+02,  +4.8535702341080089E+01,
  +1.6900000000000000E+02,  +4.9285201850626429E+01,
  +1.7000000000000000E+02,  +4.9287270678992101E+01,
  +1.7100000000000000E+02,  +4.9289588636250976E+01,
  +1.7200000000000000E+02,  +4.7537872029375933E+01,
  +1.7300000000000000E+02,  +4.4960142901979921E+01,
  +1.7400000000000000E+02,  +4.1745733254905524E+01,
  +1.7500000000000000E+02,  +4.0050534939722340E+01,
  +1.7600000000000000E+02,  +4.0033244202553057E+01,
  +1.7700000000000000E+02,  +4.0021851533949793E+01,
  +1.7800000000000000E+02,  +4.0014649877794561E+01,
  +1.7900000000000000E+02,  +4.0009727097810703E+01,
  +1.8000000000000000E+02,  +4.0006599623786542E+01,
  +1.8100000000000000E+02,  +4.7214234224312044E+01,
  +1.8200000000000000E+02,  +4.8710688985496837E+01,
  +1.8300000000000000E+02,  +4.8714598796497249E+01,
  +1.8400000000000000E+02,  +4.8719032367442431E+01,
  +1.8500000000000000E+02,  +4.8723524753662829E+01,
  +1.8600000000000000E+02,  +4.8728189454362742E+01,
  +1.8700000000000000E+02,  +4.8732849441750915E+01,
  +1.8800000000000000E+02,  +4.8737420026995927E+01,
  +1.8900000000000000E+02,  +4.8741991779566604E+01,
  +1.9000000000000000E+02,  +4.8746154857449021E+01,
  +1.9100000000000000E+02,  +4.8750422293994816E+01,
  +1.9200000000000000E+02,  +4.8754775843027417E+01,
  +1.9300000000000000E+02,  +4.8759105792030020E+01,
  +1.9400000000000000E+02,  +4.8763620322440950E+01,
  +1.9500000000000000E+02,  +4.8768135935864017E+01,
  +1.9600000000000000E+02,  +4.8772642734935424E+01,
  +1.9700000000000000E+02,  +4.8146628983525105E+01,
  +1.9800000000000000E+02,  +4.5169736804331528E+01,
  +1.9900000000000000E+02,  +4.2342205451132315E+01,
  +2.0000000000000000E+02,  +4.0072643153102220E+01,
  +2.0100000000000000E+02,  +4.0047748689084948E+01,
  +2.0200000000000000E+02,  +4.0032400552574735E+01,
  +2.0300000000000000E+02,  +4.0022308889839856E+01,
  +2.0400000000000000E+02,  +4.4998171056666564E+01,
  +2.0500000000000000E+02,  +5.1344252259479617E+01,
  +2.0600000000000000E+02,  +5.1356654404406072E+01,
  +2.0700000000000000E+02,  +5.1370492051104307E+01,
  +2.0800000000000000E+02,  +5.0322686087340585E+01,
  +2.0900000000000000E+02,  +4.9242870448976760E+01,
  +2.1000000000000000E+02,  +4.8003014136769735E+01,
  +2.1100000000000000E+02,  +4.6683426254242171E+01,
  +2.1200000000000000E+02,  +4.5391195758459901E+01,
  +2.1300000000000000E+02,  +4.4497499940061999E+01,
  +2.1400000000000000E+02,  +4.4056391731282105E+01,
  +2.1500000000000000E+02,  +4.2951669349201872E+01,
  +2.1600000000000000E+02,  +4.1936763777419159E+01,
  +2.1700000000000000E+02,  +4.0973614155325365E+01,
  +2.1800000000000000E+02,  +4.0069581370066118E+01,
  +2.1900000000000000E+02,  +4.0061330179876975E+01,
  +2.2000000000000000E+02,  +4.0053050890851694E+01,
  +2.2100000000000000E+02,  +4.0043461502024080E+01,
  +2.2200000000000000E+02,  +4.0032987662568310E+01,
  +2.2300000000000000E+02,  +4.0024164704623324E+01,
  +2.2400000000000000E+02,  +4.0017251117086289E+01,
  +2.2500000000000000E+02,  +4.0012594192569431E+01,
  +2.2600000000000000E+02,  +4.0009087356775595E+01,
  +2.2700000000000000E+02,  +4.0006730814988025E+01,
  +2.2800000000000000E+02,  +4.2105459654895981E+01,
  +2.2900000000000000E+02,  +5.0033975935947922E+01,
  +2.3000000000000000E+02,  +4.9033920955750695E+01,
  +2.3100000000000000E+02,  +4.8116574555461710E+01,
  +2.3200000000000000E+02,  +4.4900632384239756E+01,
  +2.3300000000000000E+02,  +4.1789986625359838E+01,
  +2.3400000000000000E+02,  +4.0304149743413312E+01,
  +2.3500000000000000E+02,  +4.0034814756094008E+01,
  +2.3600000000000000E+02,  +4.0027317349312732E+01,
  +2.3700000000000000E+02,  +4.0021523421961568E+01,
  +2.3800000000000000E+02,  +4.0017199949685484E+01,
  +2.3900000000000000E+02,  +4.0014254817575242E+01,
  +2.4000000000000000E+02,  +4.0011813977820815E+01,
  +2.4100000000000000E+02,  +4.0009864405299190E+01,
  +2.4200000000000000E+02,  +4.0008236556169521E+01,
  +2.4300000000000000E+02,  +4.0006877338823379E+01,
  +2.4400000000000000E+02,  +4.0005616244452419E+01,
  +2.4500000000000000E+02,  +4.0004215847685089E+01,
  +2.4600000000000000E+02,  +4.0002805724911028E+01,
  +2.4700000000000000E+02,  +4.0001960901015920E+01,
  +2.4800000000000000E+02,  +4.0001424017846681E+01,
  +2.4900000000000000E+02,  +4.0001054740217896E+01,
  +2.5000000000000000E+02,  +4.0000771992636999E+01,
  +2.5100000000000000E+02,  +4.0000556277658603E+01,
  +2.5200000000000000E+02,  +4.0000410387372625E+01,
  +2.5300000000000000E+02,  +4.0000300373518144E+01,
  +2.5400000000000000E+02,  +4.0000227004477871E+01,
  +2.5500000000000000E+02,  +4.0000167469913279E+01,
  +2.5600000000000000E+02,  +4.0000119745759207E+01,
  +2.5700000000000000E+02,  +4.0000083689454357E+01,
  +2.5800000000000000E+02,  +4.0000057199154313E+01,
  +2.5900000000000000E+02,  +4.0000039093853324E+01,
  +2.6000000000000000E+02,  +4.0170023714793274E+01,
  +2.6100000000000000E+02,  +4.8883281894260854E+01,
  +2.6200000000000000E+02,  +4.8902692195967241E+01,
  +2.6300000000000000E+02,  +4.8922714380507649E+01,
  +2.6400000000000000E+02,  +4.8943056104154252E+01,
  +2.6500000000000000E+02,  +4.8963701523392054E+01,
  +2.6600000000000000E+02,  +4.8984848519201549E+01,
  +2.6700000000000000E+02,  +4.9006545231526189E+01,
  +2.6800000000000000E+02,  +4.7561027086480628E+01,
  +2.6900000000000000E+02,  +4.6907294431852371E+01,
  +2.7000000000000000E+02,  +4.4174777857178888E+01,
  +2.7100000000000000E+02,  +4.1500456570526666E+01,
  +2.7200000000000000E+02,  +4.0021285260955096E+01,
  +2.7300000000000000E+02,  +4.0014866207933018E+01,
  +2.7400000000000000E+02,  +4.0010549224828672E+01,
  +2.7500000000000000E+02,  +4.0007485387951810E+01,
  +2.7600000000000000E+02,  +4.0005435934333065E+01,
  +2.7700000000000000E+02,  +4.0003857162779660E+01,
  +2.7800000000000000E+02,  +4.0002736917666262E+01,
  +2.7900000000000000E+02,  +4.0001956974106285E+01,
  +2.8000000000000000E+02,  +4.0001347443678782E+01,
  +2.8100000000000000E+02,  +4.0000927761109175E+01,
  +2.8200000000000000E+02,  +4.0003378755202817E+01,
  +2.8300000000000000E+02,  +4.0004613719476957E+01,
  +2.8400000000000000E+02,  +4.5653938417729726E+01,
  +2.8500000000000000E+02,  +4.3715001732264085E+01,
  +2.8600000000000000E+02,  +4.2425750761937884E+01,
  +2.8700000000000000E+02,  +4.1342292849912980E+01,
  +2.8800000000000000E+02,  +4.0067540219851267E+01,
  +2.8900000000000000E+02,  +4.0050223758521490E+01,
  +2.9000000000000000E+02,  +4.0036748983127524E+01,
  +2.9100000000000000E+02,  +4.0026899263895501E+01,
  +2.9200000000000000E+02,  +4.0019086845635222E+01,
  +2.9300000000000000E+02,  +4.0011827228664600E+01,
  +2.9400000000000000E+02,  +4.0006662288210983E+01,
  +2.9500000000000000E+02,  +4.0003846146934450E+01,
  +2.9600000000000000E+02,  +4.0002336528973863E+01,
  +2.9700000000000000E+02,  +4.0001457559373669E+01,
  +2.9800000000000000E+02,  +4.0000927936574328E+01,
  +2.9900000000000000E+02,  +4.0000586738438393E+01,
  +3.0000000000000000E+02,  +4.0000381379279503E+01,
  +3.0100000000000000E+02,  +4.0000239517824568E+01,
  +3.0200000000000000E+02,  +4.0000155686297965E+01,
  +3.0300000000000000E+02,  +4.0000102631925458E+01,
  +3.0400000000000000E+02,  +4.0000063174896098E+01,
  +3.0500000000000000E+02,  +4.3436998828141022E+01,
  +3.0600000000000000E+02,  +5.1276552650104115E+01,
  +3.0700000000000000E+02,  +5.1292375274780206E+01,
  +3.0800000000000000E+02,  +5.1309023918807569E+01,
  +3.0900000000000000E+02,  +5.1326320014026415E+01,
  +3.1000000000000000E+02,  +5.1342046869031677E+01,
  +3.1100000000000000E+02,  +5.1357501548027344E+01,
  +3.1200000000000000E+02,  +5.1272595127357299E+01,
  +3.1300000000000000E+02,  +5.1344942810903341E+01,
  +3.1400000000000000E+02,  +5.1218144972722179E+01,
  +3.1500000000000000E+02,  +5.1315373319072272E+01,
  +3.1600000000000000E+02,  +5.1337429926151060E+01,
  +3.1700000000000000E+02,  +5.1360656742904403E+01,
  +3.1800000000000000E+02,  +5.1384126621270667E+01,
  +3.1900000000000000E+02,  +5.1404095247180074E+01,
  +3.2000000000000000E+02,  +5.1132132466036218E+01,
  +3.2100000000000000E+02,  +5.1112239848304498E+01,
  +3.2200000000000000E+02,  +5.1100721828956708E+01,
  +3.2300000000000000E+02,  +5.1094344079679161E+01,
  +3.2400000000000000E+02,  +5.1406051959094910E+01,
  +3.2500000000000000E+02,  +5.1459626636017020E+01,
  +3.2600000000000000E+02,  +5.1499288504817187E+01,
  +3.2700000000000000E+02,  +5.1534661187208712E+01,
  +3.2800000000000000E+02,  +5.1565898858970769E+01,
  +3.2900000000000000E+02,  +4.9750092703441489E+01,
  +3.3000000000000000E+02,  +4.7927945899330666E+01,
  +3.3100000000000000E+02,  +4.5969490606539722E+01,
  +3.3200000000000000E+02,  +4.1163408301562505E+01,
  +3.3300000000000000E+02,  +4.3172077509293544E+01,
  +3.3400000000000000E+02,  +4.0213592496411458E+01,
  +3.3500000000000000E+02,  +4.0031696644770697E+01,
  +3.3600000000000000E+02,  +4.0025628248160579E+01,
  +3.3700000000000000E+02,  +4.0020721660242963E+01,
  +3.3800000000000000E+02,  +4.0016901533788932E+01,
  +3.3900000000000000E+02,  +4.0013664998504964E+01,
  +3.4000000000000000E+02,  +4.0009627578026389E+01,
  +3.4100000000000000E+02,  +4.0006055674181731E+01,
  +3.4200000000000000E+02,  +4.0003506476260760E+01,
  +3.4300000000000000E+02,  +4.0001830979354665E+01,
  +3.4400000000000000E+02,  +4.0000950697962928E+01,
  +3.4500000000000000E+02,  +4.0000493630151730E+01,
  +3.4600000000000000E+02,  +4.0000263674872649E+01,
  +3.4700000000000000E+02,  +4.0000138455209708E+01,
  +3.4800000000000000E+02,  +4.2909423819371142E+01,
  +3.4900000000000000E+02,  +4.8510120568752797E+01,
  +3.5000000000000000E+02,  +4.8524581293824255E+01,
  +3.5100000000000000E+02,  +4.8540938782937829E+01,
  +3.5200000000000000E+02,  +4.8558374778294699E+01,
  +3.5300000000000000E+02,  +4.8576298244850385E+01,
  +3.5400000000000000E+02,  +4.8594401946342941E+01,
  +3.5500000000000000E+02,  +4.2586371556877609E+01,
  +3.5600000000000000E+02,  +4.2321850131981620E+01,
  +3.5700000000000000E+02,  +4.2317313331788903E+01,
  +3.5800000000000000E+02,  +4.2313640124784982E+01,
  +3.5900000000000000E+02,  +4.2309445319980526E+01,
  +3.6000000000000000E+02,  +4.9290974782501877E+01,
  +3.6100000000000000E+02,  +4.9304442482185721E+01,
  +3.6200000000000000E+02,  +4.9319365249633066E+01,
  +3.6300000000000000E+02,  +4.9335111803818592E+01,
  +3.6400000000000000E+02,  +4.9351763655972924E+01,
  +3.6500000000000000E+02,  +4.9370097100830250E+01,
  +3.6600000000000000E+02,  +4.2072708966282846E+01,
  +3.6700000000000000E+02,  +4.0005816106131419E+01,
  +3.6800000000000000E+02,  +4.0003473325688709E+01,
  +3.6900000000000000E+02,  +4.0001876961587037E+01,
  +3.7000000000000000E+02,  +4.0001014250007053E+01,
  +3.7100000000000000E+02,  +4.0000571327912574E+01,
  +3.7200000000000000E+02,  +4.2545425202478071E+01,
  +3.7300000000000000E+02,  +5.0477083161152521E+01,
  +3.7400000000000000E+02,  +5.0491223386469414E+01,
  +3.7500000000000000E+02,  +5.0506794368304000E+01,
  +3.7600000000000000E+02,  +5.0523498181090730E+01,
  +3.7700000000000000E+02,  +5.0540679950951812E+01,
  +3.7800000000000000E+02,  +5.0558442375921047E+01,
  +3.7900000000000000E+02,  +4.6160969087217069E+01,
  +3.8000000000000000E+02,  +4.0988947866111999E+01,
  +3.8100000000000000E+02,  +4.0012090970971620E+01,
  +3.8200000000000000E+02,  +4.0011095806728179E+01,
  +3.8300000000000000E+02,  +4.0010056350912322E+01,
  +3.8400000000000000E+02,  +4.0009030395668148E+01,
  +3.8500000000000000E+02,  +4.0430201238775879E+01,
  +3.8600000000000000E+02,  +4.8385446748903647E+01,
  +3.8700000000000000E+02,  +4.8402474097732892E+01,
  +3.8800000000000000E+02,  +4.5070792922772355E+01,
  +3.8900000000000000E+02,  +4.8437507160468918E+01,
  +3.9000000000000000E+02,  +4.4305153624673579E+01,
  +3.9100000000000000E+02,  +4.0006915112892209E+01,
  +3.9200000000000000E+02,  +4.0003400805984185E+01,
  +3.9300000000000000E+02,  +4.0001785757213696E+01,
  +3.9400000000000000E+02,  +4.0478425466610268E+01,
  +3.9500000000000000E+02,  +4.3976332174150315E+01,
  +3.9600000000000000E+02,  +5.0447801901092518E+01,
  +3.9700000000000000E+02,  +5.0472570422249049E+01,
  +3.9800000000000000E+02,  +5.0499145773249211E+01,
  +3.9900000000000000E+02,  +5.0526837677583018E+01,
  +4.0000000000000000E+02,  +4.8340203165660647E+01,
  +4.0100000000000000E+02,  +4.6095465162720814E+01,
  +4.0200000000000000E+02,  +4.1041013750086435E+01,
  +4.0300000000000000E+02,  +4.3236275070014869E+01,
  +4.0400000000000000E+02,  +4.0713766682568405E+01,
  +4.0500000000000000E+02,  +4.0224481547971749E+01,
  +4.0600000000000000E+02,  +4.0007927751390781E+01,
  +4.0700000000000000E+02,  +4.0006220498958001E+01,
  +4.0800000000000000E+02,  +4.0004964762118298E+01,
  +4.0900000000000000E+02,  +4.0003979614743400E+01,
  +4.1000000000000000E+02,  +4.0003189948103959E+01,
  +4.1100000000000000E+02,  +4.0002524306419716E+01,
  +4.1200000000000000E+02,  +4.0001972365020649E+01,
  +4.1300000000000000E+02,  +4.0001416065611807E+01,
  +4.1400000000000000E+02,  +4.0000917420042505E+01,
  +4.1500000000000000E+02,  +4.0000609233362418E+01,
  +4.1600000000000000E+02,  +4.0000691373911884E+01,
  +4.1700000000000000E+02,  +4.0000417754301715E+01,
  +4.1800000000000000E+02,  +4.0000265351879698E+01,
  +4.1900000000000000E+02,  +4.0435371186270295E+01,
  +4.2000000000000000E+02,  +4.4227341580198214E+01,
  +4.2100000000000000E+02,  +5.2271706124145922E+01,
  +4.2200000000000000E+02,  +5.0429084317603348E+01,
  +4.2300000000000000E+02,  +4.8620109423200219E+01,
  +4.2400000000000000E+02,  +4.6497466049569411E+01,
  +4.2500000000000000E+02,  +4.1914046197570570E+01,
  +4.2600000000000000E+02,  +4.0009080850262663E+01,
  +4.2700000000000000E+02,  +4.0006469631924347E+01,
  +4.2800000000000000E+02,  +4.0004556861671112E+01,
  +4.2900000000000000E+02,  +4.0003221821051028E+01,
  +4.3000000000000000E+02,  +4.6982975834323042E+01,
  +4.3100000000000000E+02,  +4.3383523827603184E+01,
  +4.3200000000000000E+02,  +4.0390542345201531E+01,
  +4.3300000000000000E+02,  +4.0071874433795706E+01,
  +4.3400000000000000E+02,  +4.0062171719534682E+01,
  +4.3500000000000000E+02,  +4.0052317592708953E+01,
  +4.3600000000000000E+02,  +4.0044631678154268E+01,
  +4.3700000000000000E+02,  +4.0036086839217084E+01,
  +4.3800000000000000E+02,  +4.0026842034191930E+01,
  +4.3900000000000000E+02,  +4.0020626088108301E+01,
  +4.4000000000000000E+02,  +4.0014237782045512E+01,
  +4.4100000000000000E+02,  +4.0010077016617018E+01,
  +4.4200000000000000E+02,  +4.0007223885510015E+01,
  +4.4300000000000000E+02,  +4.0351036313443231E+01,
  +4.4400000000000000E+02,  +4.4305701643538455E+01,
  +4.4500000000000000E+02,  +5.2785610999203207E+01,
  +4.4600000000000000E+02,  +5.1415253444626380E+01,
  +4.4700000000000000E+02,  +5.0048616032348633E+01,
  +4.4800000000000000E+02,  +4.8411116816067434E+01,
  +4.4900000000000000E+02,  +4.6894281007302794E+01,
  +4.5000000000000000E+02,  +4.5070297869741395E+01,
  +4.5100000000000000E+02,  +4.3312165464680632E+01,
  +4.5200000000000000E+02,  +4.1773915206659950E+01,
  +4.5300000000000000E+02,  +4.0382339309284205E+01,
  +4.5400000000000000E+02,  +4.0171061143784847E+01,
  +4.5500000000000000E+02,  +4.0015622238508719E+01,
  +4.5600000000000000E+02,  +4.0013450695882391E+01,
  +4.5700000000000000E+02,  +4.0011744253807535E+01,
  +4.5800000000000000E+02,  +4.0009882806716156E+01,
  +4.5900000000000000E+02,  +4.0008430935480341E+01,
  +4.6000000000000000E+02,  +4.0007126918942767E+01,
  +4.6100000000000000E+02,  +4.0005409394206048E+01,
  +4.6200000000000000E+02,  +4.0003898754928969E+01,
  +4.6300000000000000E+02,  +4.0002707563460014E+01,
  +4.6400000000000000E+02,  +4.0001710064795617E+01,
  +4.6500000000000000E+02,  +4.0001111540150134E+01,
  +4.6600000000000000E+02,  +4.0000706035262894E+01,
  +4.6700000000000000E+02,  +4.0853848677663848E+01,
  +4.6800000000000000E+02,  +4.3500143742797164E+01,
  +4.6900000000000000E+02,  +4.9266042955482412E+01,
  +4.7000000000000000E+02,  +4.7430445860281644E+01,
  +4.7100000000000000E+02,  +4.5455730454861907E+01,
  +4.7200000000000000E+02,  +4.2799369044790687E+01,
  +4.7300000000000000E+02,  +4.0985655183161299E+01,
  +4.7400000000000000E+02,  +4.0188372448039850E+01,
  +4.7500000000000000E+02,  +4.0019585133222286E+01,
  +4.7600000000000000E+02,  +4.0013847204294819E+01,
  +4.7700000000000000E+02,  +4.0009903380250577E+01,
  +4.7800000000000000E+02,  +4.0008007354990610E+01,
  +4.7900000000000000E+02,  +4.0006707824355658E+01,
  +4.8000000000000000E+02,  +4.0005568986038746E+01,
  +4.8100000000000000E+02,  +4.0004623496957478E+01,
  +4.8200000000000000E+02,  +4.0003838530742776E+01,
  +4.8300000000000000E+02,  +4.0003172659279961E+01,
  +4.8400000000000000E+02,  +4.0002587766008716E+01,
  +4.8500000000000000E+02,  +4.0001980314773952E+01,
  +4.8600000000000000E+02,  +4.0001421773161965E+01,
  +4.8700000000000000E+02,  +4.0001036789669129E+01,
  +4.8800000000000000E+02,  +4.0000696795722270E+01,
  +4.8900000000000000E+02,  +4.0000487903034852E+01,
  +4.9000000000000000E+02,  +4.0000345321130332E+01,
  +4.9100000000000000E+02,  +4.0120523086091289E+01,
  +4.9200000000000000E+02,  +4.3382309585133179E+01,
  +4.9300000000000000E+02,  +5.0884880667159834E+01,
  +4.9400000000000000E+02,  +4.9489728893390549E+01,
  +4.9500000000000000E+02,  +4.8029163812118043E+01,
  +4.9600000000000000E+02,  +4.5071342419521137E+01,
  +4.9700000000000000E+02,  +4.1486984147246503E+01,
  +4.9800000000000000E+02,  +4.0014982117328181E+01,
  +4.9900000000000000E+02,  +4.0011418197604520E+01,
  +5.0000000000000000E+02,  +4.0008702056837500E+01,
  +5.0100000000000000E+02,  +4.0006686877371898E+01,
  +5.0200000000000000E+02,  +4.0005704516268167E+01,
  +5.0300000000000000E+02,  +4.0005004318637042E+01,
