index,Time,ts_m_heatspace,ts_T_amb,ts_P_heatspace,py_P_elec,py_COP,py_status,py_P_heat,ts_P_heat,py_m_flow,ts_m_flow,py_T_1,ts_T_1,py_T_2,ts_T_2,py_T_3,ts_T_3,py_T_m,ts_T_m,ts_T_R
0,0.000,146.376,6.286,1.700,6.185,1.880,1.000,11.627,11.627,700.000,700.000,60.080,59.885,55.181,54.915,50.698,50.528,55.320,55.109,49.885
1,1.000,146.376,5.997,1.700,4.370,1.860,1.000,8.129,8.129,700.000,700.000,62.430,61.790,58.832,57.628,55.001,53.560,58.755,57.659,51.790
2,2.000,154.987,5.705,1.800,3.115,1.850,1.000,5.763,5.763,700.000,700.000,63.565,63.577,61.107,60.853,57.911,57.449,60.861,60.626,53.577
3,3.000,146.376,5.534,1.700,0.000,1.840,-0.000,0.000,0.000,-0.000,0.000,62.806,63.617,60.162,61.322,56.794,58.036,59.921,60.992,53.617
4,4.000,154.987,5.451,1.800,0.000,1.840,-0.000,0.000,0.000,-0.000,0.000,61.955,62.894,59.138,60.336,55.688,56.835,58.927,60.022,52.894
5,5.000,223.870,5.241,2.600,0.000,1.830,-0.000,0.000,0.000,-0.000,0.000,60.663,61.869,57.661,59.030,54.188,55.463,57.504,58.787,51.869
6,6.000,309.974,5.217,3.600,0.000,1.830,-0.000,0.000,0.000,-0.000,0.000,58.797,60.294,55.640,57.192,52.195,53.673,55.544,57.053,50.294
7,7.000,284.143,5.286,3.300,0.000,1.830,-0.000,0.000,0.000,-0.000,0.000,57.042,58.505,53.805,55.253,50.392,51.818,53.746,55.192,48.505
8,8.000,266.922,5.491,3.100,0.000,1.840,-0.000,0.000,0.000,-0.000,0.000,55.372,56.790,52.093,53.485,48.707,50.106,52.058,53.460,46.790
9,9.000,241.091,5.688,2.800,0.000,1.850,-0.000,0.000,0.000,-0.000,0.000,53.853,55.196,50.555,51.879,47.185,48.526,50.531,51.867,45.196
10,10.000,232.480,5.828,2.700,0.000,1.860,-0.000,0.000,0.000,-0.000,0.000,52.384,53.699,49.076,50.381,45.718,47.038,49.060,50.373,43.699
11,11.000,198.039,5.999,2.300,0.000,1.860,-0.000,0.000,0.000,-0.000,0.000,51.129,52.347,47.817,49.032,44.466,45.693,47.804,49.024,42.347
12,12.000,172.208,6.310,2.000,6.799,1.880,1.000,12.783,12.783,700.000,700.000,58.278,57.164,53.200,51.958,49.277,48.098,53.585,52.407,47.164
13,13.000,154.987,6.725,1.800,4.856,1.900,1.000,9.227,9.227,700.000,700.000,61.563,61.951,57.460,57.182,53.650,53.048,57.558,57.394,51.951
14,14.000,189.428,6.698,2.200,3.535,1.900,1.000,6.717,6.717,700.000,700.000,63.047,63.494,60.105,60.626,56.737,57.072,59.963,60.398,53.494
15,15.000,206.649,6.085,2.400,2.734,1.870,1.000,5.112,5.112,700.000,700.000,63.789,64.110,61.688,62.309,58.712,59.408,61.396,61.943,54.110
16,16.000,180.818,5.250,2.100,2.165,1.830,1.000,3.962,3.962,700.000,700.000,64.242,64.446,62.744,63.221,60.127,60.736,62.371,62.801,54.446
17,17.000,180.818,4.751,2.100,1.794,1.810,1.000,3.246,3.246,700.000,700.000,64.495,64.637,63.380,63.742,61.007,61.507,62.960,63.296,54.637
18,18.000,198.039,4.214,2.300,1.628,1.780,1.000,2.899,2.899,700.000,700.000,64.621,64.724,63.709,63.982,61.435,61.825,63.255,63.510,54.724
19,19.000,206.649,3.543,2.400,1.559,1.750,1.000,2.728,2.728,700.000,700.000,64.687,64.756,63.879,64.065,61.645,61.908,63.403,63.576,54.756
20,20.000,215.260,3.000,2.500,1.541,1.730,1.000,2.665,2.665,700.000,700.000,64.717,64.764,63.955,64.079,61.722,61.895,63.465,63.579,54.764
21,21.000,206.649,2.710,2.400,1.499,1.720,1.000,2.578,2.578,700.000,700.000,64.743,64.769,64.024,64.091,61.829,61.917,63.532,63.592,54.769
22,22.000,94.714,2.373,1.100,1.126,1.700,1.000,1.914,1.914,700.000,700.000,64.837,64.832,64.345,64.311,62.645,62.526,63.942,63.890,54.832
23,23.000,77.493,1.691,0.900,0.000,1.670,0.000,0.000,0.000,0.000,0.000,64.700,64.812,63.977,64.282,61.614,62.314,63.430,63.803,54.812
24,24.000,86.104,1.013,1.000,1.184,1.650,1.000,1.953,1.953,700.000,700.000,64.822,64.829,64.325,64.334,62.598,62.487,63.915,63.883,54.829
25,25.000,163.597,1.227,1.900,0.000,1.660,0.000,0.000,0.000,0.000,0.000,64.474,64.746,63.449,64.075,60.671,61.781,62.865,63.534,54.746
26,26.000,154.987,1.679,1.800,0.000,1.670,0.000,0.000,0.000,0.000,0.000,63.996,64.431,62.463,63.212,59.150,59.899,61.870,62.514,54.431
27,27.000,172.208,1.818,2.000,0.000,1.680,0.000,0.000,0.000,0.000,0.000,63.309,63.919,61.285,62.095,57.707,58.363,60.767,61.459,53.919
28,28.000,223.870,1.477,2.600,0.000,1.670,0.000,0.000,0.000,0.000,0.000,62.228,63.063,59.728,60.643,56.072,56.820,59.343,60.176,53.063
29,29.000,309.974,1.127,3.600,0.000,1.650,0.000,0.000,0.000,0.000,0.000,60.512,61.624,57.616,58.697,54.016,54.998,57.381,58.440,51.624
30,30.000,473.571,0.765,5.500,0.000,1.640,0.000,0.000,0.000,0.000,0.000,57.671,59.172,54.505,55.929,51.022,52.437,54.400,55.846,49.172
31,31.000,439.129,0.510,5.100,0.000,1.630,0.000,0.000,0.000,0.000,0.000,54.951,56.351,51.682,53.013,48.272,49.645,51.635,53.003,46.351
32,32.000,387.467,1.148,4.500,0.000,1.650,0.000,0.000,0.000,0.000,0.000,52.522,53.778,49.217,50.441,45.844,47.105,49.194,50.441,43.778
33,33.000,378.857,2.368,4.400,0.000,1.700,0.000,0.000,0.000,0.000,0.000,50.140,51.364,46.821,48.037,43.468,44.703,46.809,48.035,41.364
34,34.000,353.026,3.581,4.100,7.989,1.750,1.000,13.982,13.982,700.000,700.000,56.994,55.784,51.523,50.187,47.802,46.494,52.106,50.822,45.784
35,35.000,344.415,4.443,4.000,6.047,1.790,1.000,10.824,10.824,700.000,700.000,60.186,60.343,55.396,54.897,51.686,51.014,55.756,55.418,50.343
36,36.000,327.194,4.720,3.800,4.661,1.810,1.000,8.436,8.436,700.000,700.000,61.906,62.131,58.148,58.307,54.624,54.680,58.226,58.373,52.131
37,37.000,335.805,4.549,3.900,3.798,1.800,1.000,6.836,6.836,700.000,700.000,62.846,63.085,59.904,60.294,56.591,56.991,59.781,60.123,53.085
38,38.000,309.974,3.514,3.600,3.244,1.750,1.000,5.678,5.678,700.000,700.000,63.468,63.651,61.134,61.498,58.016,58.429,60.872,61.193,53.651
39,39.000,327.194,1.164,3.800,3.035,1.650,1.000,5.007,5.007,700.000,700.000,63.803,63.969,61.843,62.188,58.841,59.248,61.495,61.802,53.969
40,40.000,370.246,0.193,4.300,2.965,1.610,1.000,4.774,4.774,700.000,700.000,63.925,64.075,62.117,62.431,59.128,59.496,61.724,62.001,54.075
41,41.000,370.246,-0.570,4.300,2.925,1.580,1.000,4.621,4.621,700.000,700.000,64.005,64.105,62.287,62.495,59.316,59.553,61.869,62.051,54.105
42,42.000,430.519,-1.408,5.000,0.000,1.550,0.000,0.000,0.000,0.000,0.000,61.964,63.105,59.476,60.943,56.020,57.543,59.154,60.530,53.105
43,43.000,430.519,-2.167,5.000,4.316,1.520,1.000,6.560,6.560,700.000,700.000,62.774,62.814,60.198,60.194,56.931,56.801,59.968,59.936,52.814
44,44.000,447.740,-2.645,5.200,0.000,1.510,0.000,0.000,0.000,0.000,0.000,60.259,61.666,57.302,58.796,53.875,55.420,57.145,58.627,51.666
45,45.000,482.181,-2.733,5.600,0.000,1.500,0.000,0.000,0.000,0.000,0.000,57.363,58.944,54.193,55.763,50.774,52.310,54.110,55.672,48.944
46,46.000,309.974,-2.325,3.600,0.000,1.520,0.000,0.000,0.000,0.000,0.000,55.448,56.639,52.202,53.338,48.806,49.953,52.152,53.310,46.639
47,47.000,292.753,-1.550,3.400,0.000,1.550,0.000,0.000,0.000,0.000,0.000,53.618,54.749,50.333,51.431,46.957,48.083,50.303,51.421,44.749
48,48.000,309.974,-0.877,3.600,7.424,1.570,1.000,11.655,11.655,700.000,700.000,58.902,58.031,54.281,53.275,50.664,49.677,54.615,53.661,48.031
49,49.000,292.753,-0.699,3.400,5.698,1.580,1.000,9.002,9.002,700.000,700.000,61.414,61.575,57.478,57.153,53.926,53.449,57.606,57.392,51.575
50,50.000,284.143,-0.711,3.300,4.450,1.580,1.000,7.031,7.031,700.000,700.000,62.732,62.952,59.684,59.886,56.351,56.466,59.589,59.768,52.952
51,51.000,275.532,-0.693,3.200,0.000,1.580,-0.000,0.000,0.000,-0.000,0.000,61.071,62.507,57.918,59.696,54.539,56.307,57.843,59.503,52.507
52,52.000,309.974,-0.576,3.600,0.000,1.580,-0.000,0.000,0.000,-0.000,0.000,59.163,60.834,55.934,57.768,52.551,54.295,55.882,57.632,50.834
53,53.000,456.350,-0.261,5.300,0.000,1.600,-0.000,0.000,0.000,-0.000,0.000,56.322,58.412,53.036,55.167,49.669,51.746,53.009,55.108,48.412
54,54.000,568.285,0.114,6.600,6.762,1.610,1.000,10.886,10.886,700.000,700.000,59.268,59.285,55.002,55.136,51.609,51.740,55.293,55.387,49.285
55,55.000,516.623,0.414,6.000,0.000,1.620,-0.000,0.000,0.000,-0.000,0.000,55.612,57.965,51.869,53.919,48.650,50.744,52.044,54.209,47.965
56,56.000,404.688,0.861,4.700,0.000,1.640,-0.000,0.000,0.000,-0.000,0.000,52.917,54.789,49.401,51.278,46.168,48.158,49.495,51.409,44.789
57,57.000,353.026,1.458,4.100,0.000,1.670,-0.000,0.000,0.000,-0.000,0.000,50.634,52.371,47.224,49.032,43.956,45.776,47.271,49.060,42.371
58,58.000,387.467,2.221,4.500,8.117,1.700,1.000,13.799,13.799,700.000,700.000,57.074,56.311,51.665,50.961,48.026,47.356,52.255,51.543,46.311
59,59.000,335.805,2.915,3.900,6.179,1.730,1.000,10.690,10.690,700.000,700.000,60.270,60.531,55.538,55.333,51.851,51.525,55.886,55.796,50.531
60,60.000,335.805,3.333,3.900,4.816,1.740,1.000,8.380,8.380,700.000,700.000,61.925,62.241,58.200,58.545,54.692,54.963,58.272,58.583,52.241
61,61.000,327.194,3.431,3.800,3.868,1.750,1.000,6.768,6.768,700.000,700.000,62.884,63.152,59.974,60.439,56.675,57.167,59.844,60.253,53.152
62,62.000,327.194,3.076,3.800,3.299,1.730,1.000,5.708,5.708,700.000,700.000,63.449,63.671,61.107,61.548,57.979,58.480,60.845,61.233,53.671
63,63.000,301.363,2.237,3.500,2.889,1.700,1.000,4.911,4.911,700.000,700.000,63.846,64.002,61.927,62.258,58.960,59.348,61.577,61.869,54.002
64,64.000,301.363,2.097,3.500,2.606,1.690,1.000,4.404,4.404,700.000,700.000,64.085,64.208,62.443,62.709,59.583,59.904,62.037,62.274,54.208
65,65.000,327.194,1.970,3.800,2.488,1.690,1.000,4.205,4.205,700.000,700.000,64.187,64.291,62.669,62.897,59.827,60.105,62.228,62.431,54.291
66,66.000,309.974,1.588,3.600,2.392,1.670,1.000,3.995,3.995,700.000,700.000,64.281,64.342,62.873,63.008,60.086,60.243,62.413,62.531,54.342
67,67.000,387.467,1.191,4.500,2.560,1.650,1.000,4.225,4.225,700.000,700.000,64.204,64.285,62.706,62.880,59.804,60.018,62.238,62.394,54.285
68,68.000,404.688,0.779,4.700,2.700,1.640,1.000,4.428,4.428,700.000,700.000,64.118,64.170,62.523,62.629,59.553,59.667,62.065,62.155,54.170
69,69.000,361.636,0.710,4.200,0.000,1.630,-0.000,0.000,0.000,-0.000,0.000,62.496,63.329,60.152,61.250,56.689,57.851,59.779,60.810,53.329
70,70.000,241.091,0.869,2.800,3.262,1.640,1.000,5.349,5.349,700.000,700.000,63.502,63.381,61.451,61.143,58.420,57.894,61.125,60.806,53.381
71,71.000,206.649,0.809,2.400,0.000,1.640,-0.000,0.000,0.000,-0.000,0.000,62.536,63.279,60.126,60.985,56.761,57.752,59.808,60.672,53.279
72,72.000,215.260,0.573,2.500,3.195,1.630,1.000,5.208,5.208,700.000,700.000,63.568,63.516,61.554,61.371,58.594,58.277,61.239,61.055,53.516
73,73.000,223.870,0.357,2.600,0.000,1.620,-0.000,0.000,0.000,-0.000,0.000,62.528,63.388,60.128,61.201,56.785,57.998,59.814,60.862,53.388
74,74.000,232.480,0.226,2.700,0.000,1.620,-0.000,0.000,0.000,-0.000,0.000,61.310,62.321,58.590,59.725,55.108,56.177,58.336,59.407,52.321
75,75.000,249.701,0.213,2.900,0.000,1.620,-0.000,0.000,0.000,-0.000,0.000,59.893,61.022,56.932,58.083,53.432,54.503,56.752,57.869,51.022
76,76.000,275.532,0.258,3.200,0.000,1.620,-0.000,0.000,0.000,-0.000,0.000,58.247,59.469,55.122,56.308,51.654,52.803,55.008,56.193,49.469
77,77.000,396.077,0.321,4.600,0.000,1.620,-0.000,0.000,0.000,-0.000,0.000,55.811,57.322,52.569,54.038,49.154,50.625,52.511,53.995,47.322
78,78.000,525.233,0.467,6.100,6.773,1.630,1.000,11.040,11.040,700.000,700.000,59.171,58.817,54.849,54.479,51.421,51.056,55.147,54.784,48.817
79,79.000,551.064,0.651,6.400,0.000,1.630,-0.000,0.000,0.000,-0.000,0.000,55.261,57.501,51.504,53.313,48.282,50.163,51.683,53.659,47.501
80,80.000,464.961,0.945,5.400,0.000,1.640,-0.000,0.000,0.000,-0.000,0.000,52.176,53.922,48.668,50.406,45.431,47.316,48.758,50.548,43.922
81,81.000,378.857,1.260,4.400,7.741,1.660,1.000,12.851,12.851,700.000,700.000,57.876,57.059,52.784,51.975,49.193,48.435,53.284,52.490,47.059
82,82.000,396.077,1.682,4.600,0.000,1.670,-0.000,0.000,0.000,-0.000,0.000,54.683,57.215,50.423,52.077,47.262,48.944,50.789,52.745,47.215
83,83.000,396.077,2.364,4.600,0.000,1.700,-0.000,0.000,0.000,-0.000,0.000,51.855,53.849,48.083,49.863,44.950,47.036,48.296,50.250,43.849
84,84.000,370.246,2.969,4.300,0.000,1.730,-0.000,0.000,0.000,-0.000,0.000,49.381,51.188,45.853,47.734,42.661,44.646,45.965,47.856,41.188
85,85.000,361.636,3.146,4.200,8.351,1.740,1.000,14.531,14.531,700.000,700.000,56.554,55.643,50.834,50.006,47.126,46.365,51.505,50.671,45.643
86,86.000,361.636,2.976,4.200,6.515,1.730,1.000,11.271,11.271,700.000,700.000,59.866,60.203,54.861,54.704,51.136,50.841,55.287,55.249,50.203
87,87.000,387.467,2.510,4.500,5.242,1.710,1.000,8.964,8.964,700.000,700.000,61.510,61.874,57.514,57.943,53.973,54.338,57.666,58.052,51.874
88,88.000,421.909,2.143,4.900,4.462,1.690,1.000,7.541,7.541,700.000,700.000,62.361,62.690,59.101,59.665,55.724,56.319,59.062,59.558,52.690
89,89.000,413.298,1.808,4.800,3.919,1.680,1.000,6.584,6.584,700.000,700.000,62.921,63.167,60.166,60.636,56.902,57.418,59.996,60.407,53.167
90,90.000,430.519,1.599,5.000,0.000,1.670,-0.000,0.000,0.000,-0.000,0.000,60.438,62.049,57.403,59.342,54.004,55.944,57.282,59.111,52.049
91,91.000,447.740,1.520,5.200,0.000,1.670,-0.000,0.000,0.000,-0.000,0.000,57.725,59.579,54.530,56.460,51.129,52.959,54.461,56.333,49.579
92,92.000,464.961,1.548,5.400,0.000,1.670,-0.000,0.000,0.000,-0.000,0.000,54.843,56.777,51.569,53.479,48.193,50.076,51.535,53.444,46.777
93,93.000,430.519,1.699,5.000,0.000,1.670,-0.000,0.000,0.000,-0.000,0.000,52.149,53.993,48.844,50.661,45.485,47.313,48.826,50.656,43.993
94,94.000,266.922,1.947,3.100,7.361,1.690,1.000,12.440,12.440,700.000,700.000,58.361,57.510,53.431,52.510,49.698,48.823,53.830,52.948,47.510
95,95.000,232.480,2.178,2.700,0.000,1.690,-0.000,0.000,0.000,-0.000,0.000,56.403,58.822,51.980,53.389,48.686,50.015,52.356,54.076,48.822
96,96.000,223.870,2.370,2.600,0.000,1.700,-0.000,0.000,0.000,-0.000,0.000,54.679,56.657,50.642,52.050,47.491,49.190,50.937,52.633,46.657
97,97.000,215.260,2.523,2.500,0.000,1.710,-0.000,0.000,0.000,-0.000,0.000,53.131,54.866,49.362,50.863,46.226,48.007,49.573,51.245,44.866
98,98.000,206.649,2.683,2.400,0.000,1.720,-0.000,0.000,0.000,-0.000,0.000,51.713,53.333,48.122,49.694,44.956,46.707,48.263,49.912,43.333
99,99.000,206.649,2.903,2.400,0.000,1.730,-0.000,0.000,0.000,-0.000,0.000,50.341,51.937,46.865,48.495,43.658,45.375,46.955,48.602,41.937
100,100.000,223.870,3.359,2.600,0.000,1.750,-0.000,0.000,0.000,-0.000,0.000,48.889,50.536,45.489,47.192,42.239,43.970,45.539,47.233,40.536
101,101.000,353.026,3.898,4.100,8.344,1.770,1.000,14.769,14.769,700.000,700.000,56.364,55.528,50.582,49.841,46.834,46.160,51.260,50.509,45.528
102,102.000,464.961,3.974,5.400,6.648,1.770,1.000,11.767,11.767,700.000,700.000,59.309,59.807,54.159,54.257,50.525,50.521,54.665,54.862,49.807
103,103.000,482.181,4.009,5.600,0.000,1.770,-0.000,0.000,0.000,-0.000,0.000,55.484,58.196,51.285,53.891,48.123,50.648,51.631,54.245,48.196
104,104.000,430.519,4.222,5.000,0.000,1.780,-0.000,0.000,0.000,-0.000,0.000,52.452,54.852,48.730,51.229,45.582,48.172,48.921,51.418,44.852
105,105.000,396.077,4.580,4.600,0.000,1.800,-0.000,0.000,0.000,-0.000,0.000,49.830,52.157,46.333,48.800,43.123,45.573,46.429,48.843,42.157
106,106.000,413.298,4.986,4.800,0.000,1.820,-0.000,0.000,0.000,-0.000,0.000,47.180,49.593,43.789,46.286,40.522,42.972,43.830,46.284,39.593
107,107.000,387.467,5.414,4.500,8.660,1.840,1.000,15.935,15.935,700.000,700.000,55.338,54.583,49.158,48.578,45.399,44.877,49.965,49.346,44.583
108,108.000,318.584,5.644,3.700,6.558,1.850,1.000,12.132,12.132,700.000,700.000,59.402,59.824,53.962,53.862,50.077,49.848,54.480,54.511,49.824
109,109.000,327.194,5.597,3.800,5.025,1.850,1.000,9.296,9.296,700.000,700.000,61.446,61.910,57.230,57.776,53.566,54.021,57.414,57.902,51.910
110,110.000,344.415,5.424,4.000,4.034,1.840,1.000,7.422,7.422,700.000,700.000,62.539,62.930,59.282,59.966,55.870,56.599,59.230,59.832,52.930
111,111.000,361.636,5.162,4.200,3.427,1.830,1.000,6.271,6.271,700.000,700.000,63.150,63.463,60.520,61.138,57.287,57.985,60.319,60.862,53.463
112,112.000,378.857,4.937,4.400,3.081,1.820,1.000,5.608,5.608,700.000,700.000,63.492,63.736,61.235,61.730,58.102,58.668,60.943,61.378,53.736
113,113.000,387.467,4.743,4.500,2.886,1.810,1.000,5.225,5.225,700.000,700.000,63.693,63.871,61.653,62.017,58.574,58.989,61.306,61.626,53.871
114,114.000,508.012,4.563,5.900,3.054,1.800,1.000,5.497,5.497,700.000,700.000,63.542,63.743,61.409,61.791,58.238,58.662,61.063,61.399,53.743
115,115.000,525.233,4.387,6.100,3.202,1.790,1.000,5.731,5.731,700.000,700.000,63.402,63.527,61.163,61.393,57.951,58.191,60.838,61.037,53.527
116,116.000,508.012,4.261,5.900,0.000,1.780,0.000,0.000,0.000,0.000,0.000,60.677,61.991,57.849,59.355,54.392,55.897,57.639,59.081,51.991
117,117.000,482.181,4.163,5.600,4.336,1.780,1.000,7.719,7.719,700.000,700.000,61.915,61.801,58.843,58.649,55.505,55.234,58.755,58.561,51.801
118,118.000,292.753,3.995,3.400,0.000,1.770,0.000,0.000,0.000,0.000,0.000,60.142,61.239,56.970,57.979,53.592,54.650,56.901,57.956,51.239
119,119.000,284.143,3.819,3.300,4.182,1.770,1.000,7.403,7.403,700.000,700.000,62.189,61.908,59.169,58.703,55.894,55.389,59.084,58.667,51.908
120,120.000,275.532,3.679,3.200,-0.000,1.760,0.000,-0.000,0.000,0.000,0.000,60.542,61.813,57.415,58.614,54.058,55.281,57.338,58.570,51.813
121,121.000,275.532,3.573,3.200,0.000,1.750,0.000,0.000,0.000,0.000,0.000,58.855,60.114,55.651,56.864,52.273,53.498,55.593,56.825,50.114
122,122.000,258.311,3.598,3.000,4.618,1.760,1.000,8.127,8.127,700.000,700.000,61.638,61.333,58.341,57.897,55.003,54.527,58.328,57.919,51.333
123,123.000,275.532,3.518,3.200,3.699,1.750,1.000,6.473,6.473,700.000,700.000,62.928,63.091,60.224,60.237,57.038,56.985,60.063,60.104,53.091
124,124.000,335.805,3.398,3.900,3.190,1.750,1.000,5.583,5.583,700.000,700.000,63.475,63.675,61.219,61.524,58.133,58.442,60.942,61.214,53.675
125,125.000,447.740,3.278,5.200,0.000,1.740,0.000,0.000,0.000,0.000,0.000,61.110,62.618,58.332,60.190,54.917,56.801,58.120,59.870,52.618
126,126.000,611.337,3.112,7.100,0.000,1.730,0.000,0.000,0.000,0.000,0.000,57.502,59.612,54.380,56.533,50.948,52.990,54.277,56.378,49.612
127,127.000,559.675,2.934,6.500,0.000,1.730,0.000,0.000,0.000,0.000,0.000,54.059,56.104,50.805,52.780,47.413,49.390,50.759,52.758,46.104
128,128.000,490.792,2.928,5.700,0.000,1.730,0.000,0.000,0.000,0.000,0.000,50.996,52.863,47.695,49.525,44.331,46.191,47.674,49.526,42.863
129,129.000,473.571,3.156,5.500,7.948,1.740,1.000,13.829,13.829,700.000,700.000,56.880,56.143,51.539,50.808,47.989,47.290,52.136,51.414,46.143
130,130.000,447.740,3.615,5.200,0.000,1.760,0.000,0.000,0.000,0.000,0.000,53.230,55.880,48.917,50.637,45.809,47.630,49.319,51.383,45.880
131,131.000,413.298,4.237,4.800,0.000,1.780,0.000,0.000,0.000,0.000,0.000,50.275,52.242,46.495,48.322,43.386,45.543,46.718,48.703,42.242
132,132.000,413.298,4.733,4.800,7.862,1.810,1.000,14.230,14.230,700.000,700.000,56.729,55.931,51.093,50.395,47.496,46.914,51.773,51.080,45.931
133,133.000,396.077,5.000,4.600,6.155,1.820,1.000,11.201,11.201,700.000,700.000,59.819,60.091,54.867,54.728,51.222,50.972,55.303,55.264,50.091
134,134.000,413.298,4.716,4.800,4.993,1.810,1.000,9.037,9.037,700.000,700.000,61.401,61.717,57.392,57.763,53.883,54.203,57.559,57.894,51.717
135,135.000,447.740,3.800,5.200,4.378,1.760,1.000,7.704,7.704,700.000,700.000,62.223,62.525,58.899,59.411,55.523,56.056,58.882,59.331,52.525
136,136.000,421.909,3.367,4.900,3.848,1.750,1.000,6.734,6.734,700.000,700.000,62.818,63.034,59.994,60.403,56.717,57.162,59.843,60.200,53.034
137,137.000,473.571,2.976,5.500,3.649,1.730,1.000,6.313,6.313,700.000,700.000,63.053,63.268,60.476,60.876,57.235,57.669,60.255,60.605,53.268
138,138.000,473.571,2.485,5.500,3.534,1.710,1.000,6.043,6.043,700.000,700.000,63.211,63.361,60.784,61.067,57.567,57.871,60.521,60.766,53.361
139,139.000,508.012,2.135,5.900,0.000,1.690,0.000,0.000,0.000,0.000,0.000,60.407,61.892,57.495,59.211,54.064,55.775,57.322,58.959,51.892
140,140.000,542.454,1.876,6.300,4.850,1.680,1.000,8.149,8.149,700.000,700.000,61.572,61.584,58.327,58.342,54.977,54.929,58.292,58.285,51.584
141,141.000,516.623,1.647,6.000,4.470,1.670,1.000,7.465,7.465,700.000,700.000,62.214,62.291,59.135,59.171,55.818,55.855,59.055,59.106,52.291
142,142.000,284.143,1.665,3.300,3.612,1.670,1.000,6.033,6.033,700.000,700.000,63.206,63.128,60.714,60.538,57.579,57.359,60.500,60.341,53.128
143,143.000,292.753,1.656,3.400,3.054,1.670,1.000,5.100,5.100,700.000,700.000,63.730,63.788,61.708,61.771,58.727,58.780,61.388,61.446,53.788
144,144.000,266.922,1.593,3.100,2.618,1.670,1.000,4.372,4.372,700.000,700.000,64.081,64.139,62.436,62.546,59.622,59.739,62.046,62.141,54.139
145,145.000,292.753,1.504,3.400,2.415,1.670,1.000,4.034,4.034,700.000,700.000,64.245,64.319,62.797,62.957,60.038,60.236,62.360,62.504,54.319
146,146.000,266.922,1.520,3.100,2.211,1.670,1.000,3.693,3.693,700.000,700.000,64.384,64.429,63.113,63.214,60.458,60.575,62.652,62.739,54.429
147,147.000,284.143,1.380,3.300,0.000,1.660,-0.000,0.000,0.000,-0.000,0.000,63.292,63.981,61.304,62.367,57.952,59.183,60.850,61.844,53.981
148,148.000,318.584,1.235,3.700,3.003,1.660,1.000,4.985,4.985,700.000,700.000,63.767,63.823,61.907,61.935,58.869,58.728,61.514,61.495,53.823
149,149.000,430.519,1.265,5.000,3.027,1.660,1.000,5.025,5.025,700.000,700.000,63.790,63.907,61.893,62.077,58.819,59.042,61.501,61.675,53.907
150,150.000,611.337,1.345,7.100,0.000,1.660,-0.000,0.000,0.000,-0.000,0.000,60.630,62.170,57.901,59.682,54.436,56.217,57.656,59.356,52.170
151,151.000,576.895,1.353,6.700,0.000,1.660,-0.000,0.000,0.000,-0.000,0.000,57.247,58.960,54.147,55.788,50.692,52.236,54.029,55.661,48.960
152,152.000,516.623,1.693,6.000,0.000,1.670,-0.000,0.000,0.000,-0.000,0.000,54.077,55.641,50.833,52.297,47.429,48.925,50.780,52.288,45.641
153,153.000,413.298,2.563,4.800,0.000,1.710,-0.000,0.000,0.000,-0.000,0.000,51.499,52.792,48.205,49.452,44.832,46.121,48.179,49.455,42.792
154,154.000,404.688,3.531,4.700,0.000,1.750,-0.000,0.000,0.000,-0.000,0.000,48.960,50.217,45.647,46.890,42.292,43.558,45.633,46.888,40.217
155,155.000,413.298,4.371,4.800,8.323,1.790,1.000,14.899,14.899,700.000,700.000,56.118,54.874,50.352,49.004,46.674,45.358,51.048,49.745,44.874
156,156.000,378.857,4.835,4.400,-0.000,1.810,0.000,-0.000,0.000,0.000,0.000,52.789,55.421,48.143,49.442,45.052,46.428,48.661,50.430,45.421
157,157.000,404.688,4.844,4.700,7.209,1.810,1.000,13.049,13.049,700.000,700.000,57.930,57.339,52.520,51.712,48.949,48.410,53.133,52.487,47.339
158,158.000,353.026,4.596,4.100,0.000,1.800,0.000,0.000,0.000,0.000,0.000,54.932,57.363,50.448,52.178,47.340,48.986,50.907,52.842,47.363
159,159.000,421.909,4.456,4.900,0.000,1.790,0.000,0.000,0.000,0.000,0.000,51.853,53.996,47.994,49.950,44.909,47.103,48.252,50.349,43.996
160,160.000,439.129,4.612,5.100,0.000,1.800,0.000,0.000,0.000,0.000,0.000,48.911,50.962,45.368,47.508,42.194,44.410,45.491,47.627,40.962
161,161.000,473.571,4.749,5.500,8.380,1.810,1.000,15.167,15.167,700.000,700.000,55.774,55.050,49.902,49.330,46.344,45.811,50.673,50.064,45.050
162,162.000,525.233,5.004,6.100,0.000,1.820,0.000,0.000,0.000,0.000,0.000,51.357,54.539,46.900,49.094,43.863,46.175,47.373,49.936,44.539
163,163.000,559.675,5.067,6.500,0.000,1.820,0.000,0.000,0.000,0.000,0.000,47.394,49.942,43.640,46.167,40.545,43.386,43.860,46.498,39.942
164,164.000,525.233,5.415,6.100,8.874,1.840,1.000,16.328,16.328,700.000,700.000,54.699,54.016,48.420,48.000,44.916,44.565,49.345,48.860,44.016
165,165.000,508.012,5.796,5.900,0.000,1.850,0.000,0.000,0.000,0.000,0.000,50.241,53.591,45.589,47.884,42.629,45.044,46.153,48.840,43.591
166,166.000,284.143,6.057,3.300,7.611,1.870,1.000,14.232,14.232,700.000,700.000,57.239,56.466,51.315,50.559,47.494,47.128,52.016,51.384,46.466
167,167.000,241.091,6.558,2.800,5.598,1.890,1.000,10.581,10.581,700.000,700.000,60.687,61.073,55.868,55.852,51.985,51.785,56.180,56.236,51.073
168,168.000,241.091,6.855,2.800,4.139,1.900,1.000,7.864,7.864,700.000,700.000,62.428,62.857,58.886,59.445,55.326,55.790,58.880,59.364,52.857
169,169.000,232.480,6.495,2.700,3.166,1.890,1.000,5.983,5.983,700.000,700.000,63.391,63.723,60.832,61.465,57.640,58.345,60.621,61.178,53.723
170,170.000,223.870,5.455,2.600,2.566,1.840,1.000,4.722,4.722,700.000,700.000,63.949,64.192,62.069,62.609,59.192,59.858,61.736,62.220,54.192
171,171.000,223.870,4.667,2.600,2.181,1.800,1.000,3.925,3.925,700.000,700.000,64.269,64.446,62.826,63.246,60.172,60.717,62.422,62.803,54.446
172,172.000,292.753,4.230,3.400,0.000,1.780,-0.000,0.000,0.000,-0.000,0.000,63.081,64.031,60.975,62.475,57.644,59.351,60.567,61.952,54.031
173,173.000,447.740,4.039,5.200,0.000,1.770,-0.000,0.000,0.000,-0.000,0.000,60.745,62.410,58.002,59.901,54.485,56.195,57.744,59.502,52.410
174,174.000,559.675,4.088,6.500,0.000,1.780,0.000,0.000,0.000,0.000,0.000,57.453,59.522,54.344,56.354,50.875,52.797,54.224,56.224,49.522
175,175.000,559.675,4.354,6.500,0.000,1.790,-0.000,0.000,0.000,-0.000,0.000,54.010,56.060,50.756,52.717,47.353,49.346,50.706,52.708,46.060
176,176.000,464.961,4.742,5.400,0.000,1.810,-0.000,0.000,0.000,-0.000,0.000,51.106,52.916,47.805,49.577,44.436,46.248,47.783,49.580,42.916
177,177.000,447.740,5.047,5.200,7.516,1.820,1.000,13.680,13.680,700.000,700.000,57.053,56.290,51.749,50.983,48.173,47.443,52.325,51.572,46.290
178,178.000,421.909,5.356,4.900,0.000,1.830,-0.000,0.000,0.000,-0.000,0.000,53.598,56.223,49.266,50.941,46.144,47.903,49.669,51.689,46.223
179,179.000,404.688,5.556,4.700,0.000,1.840,-0.000,0.000,0.000,-0.000,0.000,50.690,52.678,46.893,48.699,43.784,45.925,47.123,49.101,42.678
180,180.000,378.857,5.590,4.400,7.499,1.850,1.000,13.873,13.873,700.000,700.000,57.098,56.295,51.565,50.841,47.936,47.345,52.200,51.494,46.295
181,181.000,361.636,5.842,4.200,5.816,1.860,1.000,10.818,10.818,700.000,700.000,60.161,60.444,55.361,55.229,51.693,51.439,55.738,55.704,50.444
182,182.000,413.298,5.798,4.800,4.736,1.850,1.000,8.761,8.761,700.000,700.000,61.594,61.952,57.719,58.158,54.223,54.607,57.846,58.239,51.952
183,183.000,396.077,5.375,4.600,3.977,1.840,1.000,7.317,7.317,700.000,700.000,62.500,62.766,59.348,59.818,55.999,56.500,59.283,59.695,52.766
184,184.000,430.519,4.923,5.000,3.596,1.810,1.000,6.508,6.508,700.000,700.000,62.959,63.210,60.252,60.721,56.995,57.507,60.069,60.479,53.210
185,185.000,439.129,4.579,5.100,3.347,1.800,1.000,6.024,6.024,700.000,700.000,63.234,63.426,60.794,61.164,57.590,57.996,60.540,60.862,53.426
186,186.000,490.792,4.372,5.700,3.312,1.790,1.000,5.928,5.928,700.000,700.000,63.282,63.455,60.919,61.244,57.708,58.062,60.636,60.921,53.455
187,187.000,499.402,4.200,5.800,3.315,1.780,1.000,5.901,5.901,700.000,700.000,63.296,63.412,60.957,61.173,57.742,57.972,60.665,60.853,53.412
188,188.000,533.844,4.011,6.200,3.404,1.770,1.000,6.024,6.024,700.000,700.000,63.215,63.310,60.828,60.999,57.590,57.772,60.544,60.694,53.310
189,189.000,508.012,3.855,5.900,3.388,1.770,1.000,5.997,5.997,700.000,700.000,63.233,63.269,60.853,60.920,57.624,57.692,60.570,60.627,53.269
190,190.000,301.363,3.674,3.500,2.896,1.760,1.000,5.097,5.097,700.000,700.000,63.735,63.641,61.743,61.555,58.731,58.498,61.403,61.231,53.641
191,191.000,258.311,3.493,3.000,0.000,1.750,0.000,0.000,0.000,0.000,0.000,62.520,63.245,60.079,61.031,56.689,57.746,59.763,60.674,53.245
192,192.000,241.091,3.365,2.800,3.062,1.750,1.000,5.358,5.358,700.000,700.000,63.506,63.412,61.425,61.209,58.409,58.041,61.113,60.888,53.412
193,193.000,232.480,3.186,2.700,0.000,1.740,0.000,0.000,0.000,0.000,0.000,62.400,63.240,59.936,60.957,56.569,57.717,59.635,60.638,53.240
194,194.000,258.311,3.011,3.000,3.188,1.730,1.000,5.515,5.515,700.000,700.000,63.411,63.399,61.261,61.173,58.216,58.014,60.963,60.862,53.399
195,195.000,258.311,2.890,3.000,2.669,1.730,1.000,4.618,4.618,700.000,700.000,63.930,64.014,62.169,62.249,59.320,59.400,61.806,61.888,54.014
196,196.000,284.143,2.736,3.300,0.000,1.720,0.000,0.000,0.000,0.000,0.000,62.666,63.576,60.356,61.625,56.993,58.388,60.005,61.196,53.576
197,197.000,370.246,2.593,4.300,3.368,1.710,1.000,5.760,5.760,700.000,700.000,63.306,63.422,61.073,61.221,57.915,57.950,60.764,60.864,53.422
198,198.000,533.844,2.457,6.200,0.000,1.710,0.000,0.000,0.000,0.000,0.000,60.439,62.049,57.607,59.425,54.165,56.015,57.404,59.163,52.049
199,199.000,533.844,2.247,6.200,0.000,1.700,0.000,0.000,0.000,0.000,0.000,57.277,59.081,54.149,55.927,50.711,52.405,54.046,55.804,49.081
200,200.000,430.519,2.222,5.000,0.000,1.700,0.000,0.000,0.000,0.000,0.000,54.631,56.211,51.387,52.887,47.986,49.498,51.335,52.865,46.211
201,201.000,430.519,2.566,5.000,0.000,1.710,0.000,0.000,0.000,0.000,0.000,51.945,53.494,48.651,50.157,45.280,46.815,48.626,50.155,43.494
202,202.000,378.857,3.364,4.400,0.000,1.750,0.000,0.000,0.000,0.000,0.000,49.568,50.979,46.255,47.650,42.901,44.316,46.241,47.648,40.979
203,203.000,361.636,4.109,4.200,8.069,1.780,1.000,14.362,14.362,700.000,700.000,56.669,55.529,51.066,49.843,47.334,46.146,51.690,50.506,45.529
204,204.000,335.805,4.373,3.900,6.182,1.790,1.000,11.066,11.066,700.000,700.000,60.046,60.240,55.135,54.684,51.388,50.769,55.523,55.231,50.240
205,205.000,344.415,4.201,4.000,4.863,1.780,1.000,8.657,8.657,700.000,700.000,61.764,62.047,57.899,58.148,54.352,54.500,58.005,58.232,52.047
206,206.000,353.026,3.520,4.100,4.030,1.750,1.000,7.053,7.053,700.000,700.000,62.714,62.978,59.666,60.109,56.325,56.787,59.568,59.958,52.978
207,207.000,327.194,2.363,3.800,3.467,1.700,1.000,5.894,5.894,700.000,700.000,63.349,63.549,60.909,61.305,57.749,58.196,60.669,61.017,53.549
208,208.000,344.415,1.346,4.000,3.145,1.660,1.000,5.221,5.221,700.000,700.000,63.695,63.873,61.628,61.993,58.577,59.001,61.300,61.623,53.873
209,209.000,353.026,0.508,4.100,0.000,1.630,0.000,0.000,0.000,0.000,0.000,61.942,63.126,59.343,60.925,55.922,57.567,59.069,60.539,53.126
210,210.000,404.688,0.105,4.700,4.043,1.610,1.000,6.509,6.509,700.000,700.000,62.818,62.951,60.240,60.425,56.993,57.076,60.017,60.151,52.951
211,211.000,430.519,-0.051,5.000,3.757,1.600,1.000,6.011,6.011,700.000,700.000,63.202,63.355,60.798,61.010,57.606,57.839,60.535,60.735,53.355
212,212.000,421.909,-0.147,4.900,3.525,1.600,1.000,5.639,5.639,700.000,700.000,63.445,63.546,61.213,61.392,58.063,58.255,60.907,61.064,53.546
213,213.000,404.688,-0.344,4.700,3.347,1.590,1.000,5.321,5.321,700.000,700.000,63.632,63.699,61.558,61.684,58.454,58.591,61.215,61.325,53.699
214,214.000,249.701,-0.653,2.900,2.797,1.580,1.000,4.419,4.419,700.000,700.000,64.058,64.032,62.394,62.332,59.565,59.465,62.005,61.943,54.032
215,215.000,206.649,-1.441,2.400,2.353,1.550,1.000,3.647,3.647,700.000,700.000,64.362,64.373,63.072,63.077,60.514,60.508,62.649,62.653,54.373
216,216.000,189.428,-2.364,2.200,2.032,1.520,1.000,3.088,3.088,700.000,700.000,64.555,64.583,63.544,63.602,61.201,61.274,63.100,63.153,54.583
217,217.000,180.818,-2.992,2.100,0.000,1.500,0.000,0.000,0.000,0.000,0.000,64.002,64.417,62.467,63.244,59.360,60.424,61.943,62.695,54.417
218,218.000,189.428,-2.960,2.200,0.000,1.500,-0.000,0.000,0.000,-0.000,0.000,63.246,63.865,61.211,62.103,57.741,58.557,60.733,61.508,53.865
219,219.000,215.260,-2.581,2.500,0.000,1.510,-0.000,0.000,0.000,-0.000,0.000,62.214,63.030,59.737,60.677,56.136,56.915,59.362,60.208,53.030
220,220.000,249.701,-2.081,2.900,0.000,1.530,-0.000,0.000,0.000,-0.000,0.000,60.859,61.840,58.034,59.010,54.440,55.295,57.777,58.715,51.840
221,221.000,353.026,-1.832,4.100,0.000,1.540,-0.000,0.000,0.000,-0.000,0.000,58.781,60.038,55.689,56.883,52.175,53.333,55.548,56.751,50.038
222,222.000,508.012,-1.719,5.900,0.000,1.540,-0.000,0.000,0.000,-0.000,0.000,55.659,57.254,52.411,53.945,48.988,50.544,52.352,53.914,47.254
223,223.000,482.181,-1.620,5.600,7.088,1.550,1.000,10.986,10.986,700.000,700.000,59.258,58.739,54.940,54.345,51.487,50.906,55.228,54.663,48.739
224,224.000,413.298,-1.296,4.800,0.000,1.560,-0.000,0.000,0.000,-0.000,0.000,56.257,58.194,52.422,53.820,49.194,50.653,52.624,54.222,48.194
225,225.000,378.857,-0.812,4.400,0.000,1.580,-0.000,0.000,0.000,-0.000,0.000,53.691,55.222,50.120,51.533,46.900,48.507,50.237,51.754,45.222
226,226.000,370.246,-0.277,4.300,7.440,1.600,1.000,11.904,11.904,700.000,700.000,58.665,57.934,53.899,53.129,50.357,49.657,54.307,53.573,47.934
227,227.000,335.805,0.130,3.900,5.810,1.610,1.000,9.354,9.354,700.000,700.000,61.130,61.279,57.032,56.792,53.494,53.140,57.219,57.070,51.279
228,228.000,327.194,0.333,3.800,4.602,1.620,1.000,7.456,7.456,700.000,700.000,62.451,62.662,59.203,59.419,55.829,55.981,59.161,59.354,52.662
229,229.000,301.363,0.350,3.500,3.739,1.620,1.000,6.057,6.057,700.000,700.000,63.262,63.445,60.722,61.038,57.549,57.880,60.511,60.788,53.445
230,230.000,327.194,0.032,3.800,3.263,1.610,1.000,5.253,5.253,700.000,700.000,63.678,63.860,61.583,61.943,58.539,58.953,61.267,61.585,53.860
231,231.000,301.363,-0.847,3.500,2.942,1.570,1.000,4.620,4.620,700.000,700.000,63.984,64.106,62.225,62.486,59.317,59.622,61.842,62.072,54.106
232,232.000,344.415,-1.019,4.000,2.814,1.570,1.000,4.419,4.419,700.000,700.000,64.092,64.211,62.465,62.720,59.565,59.874,62.041,62.268,54.211
233,233.000,387.467,-0.980,4.500,0.000,1.570,-0.000,0.000,0.000,-0.000,0.000,62.328,63.386,59.945,61.371,56.507,58.007,59.594,60.921,53.386
234,234.000,430.519,-1.057,5.000,4.000,1.570,1.000,6.280,6.280,700.000,700.000,62.974,63.069,60.522,60.607,57.275,57.229,60.257,60.302,53.069
235,235.000,421.909,-1.257,4.900,0.000,1.560,-0.000,0.000,0.000,-0.000,0.000,60.663,61.993,57.782,59.242,54.343,55.857,57.596,59.031,51.993
236,236.000,439.129,-1.287,5.100,0.000,1.560,-0.000,0.000,0.000,-0.000,0.000,58.059,59.553,54.933,56.427,51.495,52.937,54.829,56.305,49.553
237,237.000,430.519,-1.171,5.000,5.940,1.560,1.000,9.267,9.267,700.000,700.000,60.696,60.396,57.007,56.621,53.601,53.195,57.102,56.737,50.396
238,238.000,241.091,-0.953,2.800,0.000,1.570,-0.000,0.000,0.000,-0.000,0.000,59.054,60.426,55.490,56.537,52.172,53.241,55.572,56.735,50.426
239,239.000,198.039,-0.941,2.300,0.000,1.570,-0.000,0.000,0.000,-0.000,0.000,57.730,58.860,54.250,55.202,50.956,52.013,54.312,55.358,48.860
240,240.000,198.039,-0.926,2.300,-0.000,1.570,0.000,-0.000,0.000,0.000,0.000,56.431,57.501,53.010,53.998,49.718,50.798,53.053,54.099,47.501
241,241.000,189.428,-0.810,2.200,0.000,1.580,0.000,0.000,0.000,0.000,0.000,55.202,56.221,51.822,52.815,48.523,49.577,51.849,52.871,46.221
242,242.000,189.428,-0.690,2.200,0.000,1.580,0.000,0.000,0.000,0.000,0.000,53.983,54.992,50.631,51.642,47.322,48.367,50.645,51.667,44.992
243,243.000,189.428,-0.510,2.200,6.930,1.590,1.000,11.019,11.019,700.000,700.000,59.542,58.647,55.117,54.064,51.446,50.417,55.369,54.376,48.647
244,244.000,215.260,-0.453,2.500,0.000,1.590,0.000,0.000,0.000,0.000,0.000,57.854,60.008,53.749,55.037,50.401,51.585,54.001,55.544,50.008
245,245.000,318.584,-0.313,3.700,0.000,1.590,0.000,0.000,0.000,0.000,0.000,55.575,57.642,51.809,53.385,48.586,50.381,51.990,53.803,47.642
246,246.000,482.181,-0.041,5.600,0.000,1.610,0.000,0.000,0.000,0.000,0.000,52.376,54.588,48.867,50.972,45.630,47.912,48.957,51.157,44.588
247,247.000,413.298,0.280,4.800,7.926,1.620,1.000,12.840,12.840,700.000,700.000,57.827,57.302,52.756,52.322,49.206,48.840,53.263,52.821,47.302
248,248.000,361.636,0.717,4.200,0.000,1.640,0.000,0.000,0.000,0.000,0.000,54.891,57.473,50.605,52.418,47.453,49.275,50.983,53.055,47.473
249,249.000,335.805,1.383,3.900,0.000,1.660,0.000,0.000,0.000,0.000,0.000,52.455,54.515,48.629,50.471,45.513,47.632,48.866,50.873,44.515
250,250.000,292.753,2.329,3.400,0.000,1.700,0.000,0.000,0.000,0.000,0.000,50.462,52.287,46.879,48.749,43.715,45.719,47.019,48.918,42.287
251,251.000,309.974,3.260,3.600,7.882,1.740,1.000,13.714,13.714,700.000,700.000,57.326,56.549,51.864,51.182,48.131,47.555,52.441,51.762,46.549
252,252.000,284.143,3.773,3.300,-0.000,1.760,0.000,-0.000,0.000,0.000,0.000,54.814,57.661,50.153,51.956,46.968,48.697,50.645,52.771,47.661
253,253.000,292.753,3.973,3.400,0.000,1.770,0.000,0.000,0.000,0.000,0.000,52.543,54.883,48.457,50.336,45.391,47.617,48.797,50.945,44.883
254,254.000,258.311,4.290,3.000,0.000,1.790,0.000,0.000,0.000,0.000,0.000,50.699,52.721,46.945,48.901,43.851,46.059,47.165,49.227,42.721
255,255.000,284.143,4.429,3.300,0.000,1.790,0.000,0.000,0.000,0.000,0.000,48.788,50.837,45.247,47.367,42.083,44.306,45.373,47.504,40.837
256,256.000,318.584,4.546,3.700,8.205,1.800,1.000,14.769,14.769,700.000,700.000,56.467,55.698,50.629,50.023,46.833,46.339,51.310,50.687,45.698
257,257.000,344.415,4.771,4.000,0.000,1.810,0.000,0.000,0.000,0.000,0.000,53.360,56.635,48.594,50.713,45.461,47.545,49.138,51.631,46.635
258,258.000,370.246,4.948,4.300,6.953,1.820,1.000,12.654,12.654,700.000,700.000,58.357,58.258,53.045,52.890,49.435,49.547,53.612,53.565,48.258
259,259.000,370.246,4.949,4.300,5.468,1.820,1.000,9.952,9.952,700.000,700.000,60.782,61.202,56.351,56.702,52.759,53.036,56.631,56.980,51.202
260,260.000,387.467,4.938,4.500,4.441,1.820,1.000,8.082,8.082,700.000,700.000,62.046,62.429,58.495,59.084,55.059,55.648,58.533,59.054,52.429
261,261.000,327.194,4.963,3.800,3.619,1.820,1.000,6.586,6.586,700.000,700.000,62.964,63.213,60.158,60.632,56.899,57.423,60.007,60.423,53.213
262,262.000,223.870,4.897,2.600,2.839,1.810,1.000,5.139,5.139,700.000,700.000,63.726,63.873,61.636,61.941,58.678,59.026,61.347,61.613,53.873
263,263.000,215.260,4.695,2.500,2.309,1.800,1.000,4.157,4.157,700.000,700.000,64.160,64.303,62.587,62.894,59.887,60.266,62.211,62.488,54.303
264,264.000,206.649,4.434,2.400,-0.000,1.790,0.000,-0.000,0.000,0.000,0.000,63.338,64.080,61.302,62.534,58.041,59.504,60.894,62.040,54.080
265,265.000,198.039,4.092,2.300,2.468,1.780,1.000,4.394,4.394,700.000,700.000,64.006,64.125,62.380,62.567,59.595,59.636,61.994,62.109,54.125
266,266.000,206.649,3.932,2.400,0.000,1.770,0.000,0.000,0.000,0.000,0.000,63.165,63.955,61.080,62.263,57.783,59.193,60.676,61.803,53.955
267,267.000,215.260,3.777,2.500,0.000,1.760,0.000,0.000,0.000,0.000,0.000,62.130,63.136,59.645,60.910,56.142,57.320,59.305,60.455,53.136
268,268.000,232.480,3.637,2.700,3.197,1.760,1.000,5.626,5.626,700.000,700.000,63.333,63.401,61.150,61.177,58.079,57.949,60.854,60.842,53.401
269,269.000,335.805,3.509,3.900,0.000,1.750,0.000,0.000,0.000,0.000,0.000,61.632,62.946,58.983,60.553,55.576,57.249,58.730,60.249,52.946
270,270.000,456.350,3.388,5.300,0.000,1.750,0.000,0.000,0.000,0.000,0.000,59.020,60.803,56.003,57.864,52.543,54.307,55.855,57.658,50.803
271,271.000,447.740,3.237,5.200,0.000,1.740,0.000,0.000,0.000,0.000,0.000,56.308,58.138,53.112,54.886,49.688,51.430,53.036,54.818,48.138
272,272.000,387.467,3.143,4.500,0.000,1.740,0.000,0.000,0.000,0.000,0.000,53.904,55.578,50.634,52.249,47.245,48.880,50.594,52.236,45.578
273,273.000,370.246,3.449,4.300,0.000,1.750,0.000,0.000,0.000,0.000,0.000,51.586,53.196,48.283,49.863,44.918,46.523,48.262,49.861,43.196
274,274.000,327.194,3.958,3.800,0.000,1.770,0.000,0.000,0.000,0.000,0.000,49.528,51.022,46.213,47.697,42.861,44.368,46.201,47.696,41.022
275,275.000,327.194,4.543,3.800,0.000,1.800,0.000,0.000,0.000,0.000,0.000,47.468,48.960,44.149,45.643,40.804,42.319,44.140,45.641,38.960
276,276.000,301.363,4.940,3.500,8.515,1.820,1.000,15.497,15.497,700.000,700.000,55.924,54.613,49.867,48.501,45.938,44.646,50.576,49.253,44.613
277,277.000,327.194,4.922,3.800,-0.000,1.810,0.000,-0.000,0.000,0.000,0.000,52.862,55.969,47.917,49.470,44.760,46.287,48.513,50.575,45.969
278,278.000,327.194,4.955,3.800,-0.000,1.820,0.000,-0.000,0.000,0.000,0.000,50.258,52.530,46.056,47.742,43.040,45.257,46.451,48.510,42.530
279,279.000,318.584,5.115,3.700,0.000,1.820,0.000,0.000,0.000,0.000,0.000,47.981,49.937,44.211,46.138,41.141,43.376,44.444,46.484,39.937
280,280.000,361.636,5.359,4.200,8.460,1.830,1.000,15.482,15.482,700.000,700.000,55.830,54.910,49.702,48.931,45.957,45.335,50.496,49.725,44.910
281,281.000,361.636,5.623,4.200,0.000,1.850,0.000,0.000,0.000,0.000,0.000,52.492,55.735,47.612,49.617,44.549,46.530,48.218,50.627,45.735
282,282.000,421.909,5.666,4.900,7.237,1.850,1.000,13.389,13.389,700.000,700.000,57.670,57.467,52.095,51.845,48.530,48.554,52.765,52.622,47.467
283,283.000,413.298,5.600,4.800,5.750,1.850,1.000,10.637,10.637,700.000,700.000,60.231,60.602,55.503,55.762,51.916,52.096,55.883,56.153,50.602
284,284.000,447.740,5.574,5.200,0.000,1.840,0.000,0.000,0.000,0.000,0.000,56.819,59.344,52.792,55.348,49.580,52.035,53.064,55.576,49.344
285,285.000,413.298,5.491,4.800,0.000,1.840,0.000,0.000,0.000,0.000,0.000,53.960,56.314,50.306,52.760,47.118,49.617,50.461,52.897,46.314
286,286.000,275.532,5.440,3.200,0.000,1.840,0.000,0.000,0.000,0.000,0.000,52.126,54.141,48.628,50.775,45.408,47.539,48.721,50.818,44.141
287,287.000,232.480,5.258,2.700,0.000,1.830,0.000,0.000,0.000,0.000,0.000,50.612,52.544,47.196,49.226,43.943,45.936,47.250,49.235,42.544
288,288.000,275.532,5.211,3.200,-0.000,1.830,0.000,-0.000,0.000,0.000,0.000,48.850,50.920,45.486,47.616,42.200,44.297,45.512,47.611,40.920
289,289.000,284.143,5.345,3.300,0.000,1.830,-0.000,0.000,0.000,-0.000,0.000,47.048,49.157,43.711,45.852,40.403,42.521,43.721,45.843,39.157
290,290.000,301.363,5.411,3.500,8.564,1.840,1.000,15.758,15.758,700.000,700.000,55.718,54.794,49.558,48.757,45.617,44.912,50.298,49.488,44.794
291,291.000,292.753,5.383,3.400,0.000,1.840,-0.000,0.000,0.000,-0.000,0.000,52.896,56.324,47.809,49.801,44.644,46.567,48.450,50.898,46.324
292,292.000,327.194,5.378,3.800,7.050,1.840,1.000,12.972,12.972,700.000,700.000,58.286,58.197,52.762,52.491,49.044,49.064,53.364,53.250,48.197
293,293.000,490.792,5.391,5.700,0.000,1.840,-0.000,0.000,0.000,-0.000,0.000,54.235,57.491,49.865,52.645,46.731,49.420,50.277,53.185,47.491
294,294.000,619.947,5.864,7.200,0.000,1.860,-0.000,0.000,0.000,-0.000,0.000,49.903,53.016,46.198,49.323,43.055,46.362,46.386,49.567,43.016
295,295.000,585.506,6.418,6.800,0.000,1.880,-0.000,0.000,0.000,-0.000,0.000,46.091,49.113,42.638,45.810,39.406,42.559,42.712,45.827,39.113
296,296.000,516.623,6.771,6.000,8.948,1.900,1.000,17.002,17.002,700.000,700.000,54.105,53.638,47.650,47.479,44.087,43.940,48.614,48.352,43.638
297,297.000,482.181,7.029,5.600,0.000,1.910,-0.000,0.000,0.000,-0.000,0.000,49.755,53.437,44.973,47.514,42.024,44.692,45.584,48.547,43.437
298,298.000,456.350,7.216,5.300,0.000,1.920,-0.000,0.000,0.000,-0.000,0.000,46.350,49.168,42.398,45.148,39.402,42.550,42.717,45.622,39.168
299,299.000,464.961,7.395,5.400,8.732,1.930,1.000,16.853,16.853,700.000,700.000,54.444,53.837,47.872,47.620,44.270,44.154,48.862,48.537,43.837
300,300.000,430.519,7.463,5.000,0.000,1.930,-0.000,0.000,0.000,-0.000,0.000,50.428,54.077,45.488,47.985,42.547,45.089,46.154,49.050,44.077
301,301.000,473.571,7.465,5.500,0.000,1.930,-0.000,0.000,0.000,-0.000,0.000,46.845,49.802,42.835,45.646,39.859,43.062,43.180,46.170,39.802
302,302.000,430.519,7.428,5.000,8.534,1.930,1.000,16.470,16.470,700.000,700.000,54.872,54.268,48.389,48.135,44.740,44.650,49.334,49.018,44.268
303,303.000,413.298,7.381,4.800,6.644,1.930,1.000,12.824,12.824,700.000,700.000,58.690,59.219,52.973,53.170,49.226,49.337,53.630,53.908,49.219
304,304.000,499.402,7.375,5.800,5.401,1.930,1.000,10.423,10.423,700.000,700.000,60.375,60.943,55.730,56.495,52.179,52.903,56.095,56.781,50.943
305,305.000,473.571,7.414,5.500,4.530,1.930,1.000,8.742,8.742,700.000,700.000,61.515,61.906,57.685,58.371,54.246,54.971,57.815,58.416,51.906
306,306.000,464.961,7.433,5.400,3.936,1.930,1.000,7.596,7.596,700.000,700.000,62.254,62.568,59.006,59.578,55.656,56.265,58.972,59.471,52.568
307,307.000,551.064,7.298,6.400,3.722,1.930,1.000,7.184,7.184,700.000,700.000,62.464,62.781,59.479,60.038,56.164,56.752,59.369,59.857,52.781
308,308.000,576.895,6.859,6.700,3.699,1.900,1.000,7.028,7.028,700.000,700.000,62.542,62.774,59.662,60.073,56.356,56.783,59.520,59.876,52.774
309,309.000,594.116,6.278,6.900,3.722,1.880,1.000,6.998,6.998,700.000,700.000,62.549,62.714,59.699,59.985,56.393,56.688,59.547,59.796,52.714
310,310.000,335.805,5.785,3.900,3.204,1.850,1.000,5.928,5.928,700.000,700.000,63.269,63.200,60.858,60.738,57.709,57.562,60.612,60.500,53.200
311,311.000,266.922,5.394,3.100,0.000,1.840,-0.000,0.000,0.000,-0.000,0.000,61.870,62.768,59.140,60.244,55.747,56.913,58.919,59.975,52.768
312,312.000,292.753,5.330,3.400,3.355,1.830,1.000,6.139,6.139,700.000,700.000,63.051,62.975,60.602,60.448,57.449,57.198,60.367,60.207,52.975
313,313.000,292.753,5.299,3.400,2.832,1.830,1.000,5.183,5.183,700.000,700.000,63.658,63.732,61.617,61.660,58.625,58.659,61.300,61.350,53.732
314,314.000,284.143,5.193,3.300,2.465,1.830,1.000,4.510,4.510,700.000,700.000,64.013,64.089,62.309,62.436,59.452,59.590,61.924,62.038,54.089
315,315.000,309.974,5.083,3.600,2.307,1.820,1.000,4.200,4.200,700.000,700.000,64.176,64.258,62.650,62.820,59.834,60.038,62.220,62.372,54.258
316,316.000,361.636,4.998,4.200,2.328,1.820,1.000,4.237,4.237,700.000,700.000,64.184,64.270,62.667,62.850,59.788,60.009,62.213,62.376,54.270
317,317.000,516.623,4.747,6.000,2.725,1.810,1.000,4.933,4.933,700.000,700.000,63.867,64.004,62.037,62.303,58.932,59.233,61.612,61.847,54.004
318,318.000,749.103,4.479,8.700,0.000,1.790,0.000,0.000,0.000,0.000,0.000,59.922,61.625,57.136,59.028,53.661,55.531,56.907,58.728,51.625
319,319.000,662.999,4.285,7.700,4.947,1.790,1.000,8.855,8.855,700.000,700.000,60.931,60.885,57.473,57.359,54.108,53.926,57.504,57.390,50.885
320,320.000,551.064,4.227,6.400,0.000,1.780,0.000,0.000,0.000,0.000,0.000,57.403,59.027,54.019,55.481,50.692,52.217,54.038,55.575,49.027
321,321.000,602.727,4.224,7.000,0.000,1.780,0.000,0.000,0.000,0.000,0.000,53.592,55.227,50.244,51.869,46.918,48.591,50.252,51.896,45.227
322,322.000,576.895,4.459,6.700,7.036,1.790,1.000,12.594,12.594,700.000,700.000,57.779,57.107,52.919,52.215,49.508,48.815,53.402,52.713,47.107
323,323.000,516.623,4.731,6.000,5.827,1.810,1.000,10.547,10.547,700.000,700.000,59.977,59.965,55.474,55.103,52.027,51.624,55.826,55.564,49.965
324,324.000,533.844,4.895,6.200,5.034,1.810,1.000,9.111,9.111,700.000,700.000,61.116,61.221,57.196,57.259,53.793,53.828,57.368,57.436,51.221
325,325.000,499.402,4.731,5.800,4.422,1.810,1.000,8.004,8.004,700.000,700.000,61.924,62.021,58.511,58.661,55.154,55.301,58.530,58.661,52.021
326,326.000,447.740,4.047,5.200,3.965,1.780,1.000,7.058,7.058,700.000,700.000,62.579,62.659,59.615,59.753,56.319,56.461,59.504,59.624,52.659
327,327.000,508.012,2.941,5.900,3.855,1.730,1.000,6.669,6.669,700.000,700.000,62.810,62.954,60.071,60.319,56.797,57.058,59.893,60.111,52.954
328,328.000,551.064,2.165,6.400,3.900,1.690,1.000,6.591,6.591,700.000,700.000,62.844,62.978,60.171,60.410,56.893,57.143,59.970,60.177,52.978
329,329.000,594.116,1.601,6.900,4.019,1.670,1.000,6.712,6.712,700.000,700.000,62.748,62.863,60.038,60.239,56.744,56.952,59.843,60.018,52.863
330,330.000,594.116,1.268,6.900,4.092,1.660,1.000,6.792,6.792,700.000,700.000,62.689,62.754,59.944,60.058,56.645,56.762,59.760,59.858,52.754
331,331.000,637.168,0.797,7.400,4.277,1.640,1.000,7.014,7.014,700.000,700.000,62.522,62.587,59.686,59.795,56.372,56.486,59.527,59.623,52.587
332,332.000,749.103,0.363,8.700,4.686,1.620,1.000,7.591,7.591,700.000,700.000,62.056,62.161,58.997,59.163,55.662,55.834,58.905,59.053,52.161
333,333.000,697.441,0.366,8.100,4.802,1.620,1.000,7.779,7.779,700.000,700.000,61.925,61.924,58.765,58.771,55.432,55.439,58.707,58.711,51.924
334,334.000,430.519,0.264,5.000,4.236,1.620,1.000,6.863,6.863,700.000,700.000,62.666,62.476,59.829,59.508,56.559,56.216,59.684,59.400,52.476
335,335.000,387.467,0.265,4.500,0.000,1.620,0.000,0.000,0.000,0.000,0.000,60.409,61.533,57.348,58.533,53.959,55.163,57.239,58.410,51.533
336,336.000,378.857,0.192,4.400,4.699,1.610,1.000,7.566,7.566,700.000,700.000,62.060,61.807,58.998,58.620,55.694,55.266,58.917,58.564,51.807
337,337.000,378.857,0.167,4.400,0.000,1.610,-0.000,0.000,0.000,-0.000,0.000,59.769,61.145,56.588,57.894,53.222,54.561,56.526,57.867,51.145
338,338.000,361.636,-0.011,4.200,0.000,1.610,-0.000,0.000,0.000,-0.000,0.000,57.535,58.855,54.284,55.569,50.913,52.223,54.244,55.549,48.855
339,339.000,378.857,0.064,4.400,0.000,1.610,-0.000,0.000,0.000,-0.000,0.000,55.169,56.523,51.880,53.217,48.518,49.875,51.856,53.205,46.523
340,340.000,508.012,0.118,5.900,0.000,1.610,-0.000,0.000,0.000,-0.000,0.000,51.987,53.631,48.675,50.313,45.325,46.971,48.662,50.305,43.631
341,341.000,706.051,0.248,8.200,8.636,1.620,1.000,13.991,13.991,700.000,700.000,56.361,55.844,51.123,50.642,47.791,47.310,51.758,51.265,45.844
342,342.000,904.090,0.917,10.500,7.850,1.640,1.000,12.873,12.873,700.000,700.000,57.498,57.746,52.379,52.446,49.165,49.234,53.014,53.142,47.746
343,343.000,878.259,1.400,10.200,0.000,1.660,-0.000,0.000,0.000,-0.000,0.000,51.115,53.698,47.255,49.687,44.152,46.639,47.507,50.008,43.698
344,344.000,740.493,2.210,8.600,8.706,1.700,1.000,14.801,14.801,700.000,700.000,55.631,55.088,50.049,49.677,46.794,46.462,50.825,50.409,45.088
345,345.000,740.493,3.068,8.600,0.000,1.730,-0.000,0.000,0.000,-0.000,0.000,49.920,52.701,45.826,47.996,42.793,45.108,46.180,48.602,42.701
346,346.000,697.441,4.156,8.100,8.688,1.780,1.000,15.464,15.464,700.000,700.000,55.138,54.514,49.254,48.794,45.978,45.649,50.123,49.652,44.514
347,347.000,723.272,5.309,8.400,0.000,1.830,-0.000,0.000,0.000,-0.000,0.000,49.395,52.343,45.180,47.448,42.184,44.591,45.586,48.128,42.343
348,348.000,576.895,6.036,6.700,8.260,1.870,1.000,15.446,15.446,700.000,700.000,55.421,54.660,49.398,48.802,46.001,45.589,50.273,49.684,44.660
349,349.000,637.168,6.211,7.400,6.904,1.870,1.000,12.910,12.910,700.000,700.000,58.009,58.267,52.522,52.504,49.121,49.057,53.217,53.276,48.267
350,350.000,559.675,5.815,6.500,5.827,1.860,1.000,10.839,10.839,700.000,700.000,59.820,59.977,55.100,55.289,51.668,51.851,55.529,55.706,49.977
351,351.000,619.947,5.033,7.200,5.281,1.820,1.000,9.612,9.612,700.000,700.000,60.676,60.949,56.557,56.966,53.177,53.573,56.803,57.163,50.949
352,352.000,671.610,4.565,7.800,4.999,1.800,1.000,8.998,8.998,700.000,700.000,61.058,61.323,57.281,57.711,53.932,54.362,57.424,57.799,51.323
353,353.000,706.051,4.365,8.200,4.879,1.790,1.000,8.734,8.734,700.000,700.000,61.210,61.431,57.593,57.954,54.257,54.618,57.687,58.001,51.431
354,354.000,731.882,4.177,8.500,0.000,1.780,0.000,0.000,0.000,0.000,0.000,56.477,58.589,53.049,55.205,49.749,51.894,53.091,55.229,48.589
355,355.000,843.817,4.058,9.800,6.634,1.780,1.000,11.809,11.809,700.000,700.000,58.231,58.191,53.745,53.820,50.475,50.549,54.150,54.187,48.191
356,356.000,809.376,4.120,9.400,6.230,1.780,1.000,11.090,11.090,700.000,700.000,59.118,59.222,54.636,54.675,51.358,51.401,55.038,55.099,49.222
357,357.000,878.259,4.136,10.200,6.070,1.780,1.000,10.804,10.804,700.000,700.000,59.336,59.479,54.973,55.156,51.711,51.885,55.340,55.506,49.479
358,358.000,508.012,4.197,5.900,5.219,1.780,1.000,9.290,9.290,700.000,700.000,60.904,60.693,56.943,56.641,53.573,53.268,57.140,56.867,50.693
359,359.000,456.350,4.442,5.300,4.458,1.790,1.000,7.980,7.980,700.000,700.000,61.951,61.934,58.537,58.438,55.185,55.055,58.558,58.475,51.934
360,360.000,482.181,4.551,5.600,3.987,1.800,1.000,7.176,7.176,700.000,700.000,62.490,62.573,59.479,59.593,56.173,56.279,59.381,59.482,52.573
361,361.000,447.740,4.337,5.200,3.634,1.790,1.000,6.505,6.505,700.000,700.000,62.927,62.989,60.247,60.358,56.998,57.112,60.057,60.153,52.989
362,362.000,473.571,3.941,5.500,3.486,1.770,1.000,6.170,6.170,700.000,700.000,63.131,63.221,60.636,60.798,57.410,57.583,60.392,60.534,53.221
363,363.000,439.129,3.510,5.100,3.319,1.750,1.000,5.809,5.809,700.000,700.000,63.353,63.400,61.036,61.128,57.855,57.952,60.748,60.827,53.400
364,364.000,490.792,3.067,5.700,3.348,1.730,1.000,5.792,5.792,700.000,700.000,63.363,63.443,61.074,61.220,57.876,58.036,60.771,60.899,53.443
365,365.000,714.662,2.288,8.300,3.929,1.700,1.000,6.680,6.680,700.000,700.000,62.743,62.939,60.094,60.418,56.784,57.122,59.873,60.160,52.939
366,366.000,998.804,1.935,11.600,0.000,1.680,0.000,0.000,0.000,0.000,0.000,56.836,58.983,53.699,55.913,50.293,52.490,53.609,55.795,48.983
367,367.000,955.752,2.170,11.100,0.000,1.690,0.000,0.000,0.000,0.000,0.000,50.929,53.095,47.647,49.763,44.278,46.395,47.618,49.751,43.095
368,368.000,757.713,2.741,8.800,8.599,1.720,1.000,14.790,14.790,700.000,700.000,55.554,54.837,50.104,49.360,46.808,46.072,50.822,50.090,44.837
369,369.000,680.220,3.371,7.900,0.000,1.750,0.000,0.000,0.000,0.000,0.000,50.301,52.734,46.204,47.898,43.155,45.046,46.553,48.559,42.734
370,370.000,680.220,4.278,7.900,8.483,1.790,1.000,15.185,15.185,700.000,700.000,55.426,54.629,49.616,48.891,46.321,45.745,50.454,49.755,44.629
371,371.000,619.947,5.073,7.200,0.000,1.820,0.000,0.000,0.000,0.000,0.000,50.416,53.028,46.130,47.976,43.141,45.117,46.563,48.707,43.028
372,372.000,585.506,5.333,6.800,8.132,1.830,1.000,14.881,14.881,700.000,700.000,55.909,55.143,50.072,49.387,46.695,46.195,50.892,50.241,45.143
373,373.000,551.064,5.295,6.400,6.690,1.830,1.000,12.243,12.243,700.000,700.000,58.693,58.796,53.409,53.186,49.941,49.666,54.014,53.883,48.796
374,374.000,551.064,4.802,6.400,5.701,1.810,1.000,10.319,10.319,700.000,700.000,60.247,60.432,55.746,55.938,52.307,52.472,56.100,56.281,50.432
375,375.000,602.727,3.771,7.000,5.224,1.760,1.000,9.194,9.194,700.000,700.000,61.007,61.256,57.072,57.457,53.691,54.070,57.257,57.594,51.256
376,376.000,645.779,3.132,7.500,4.954,1.740,1.000,8.621,8.621,700.000,700.000,61.364,61.602,57.746,58.141,54.396,54.794,57.835,58.179,51.602
377,377.000,697.441,2.880,8.100,4.911,1.720,1.000,8.447,8.447,700.000,700.000,61.439,61.655,57.946,58.301,54.609,54.965,57.998,58.307,51.655
378,378.000,766.324,2.524,8.900,5.029,1.710,1.000,8.600,8.600,700.000,700.000,61.264,61.459,57.752,58.063,54.422,54.733,57.812,58.085,51.459
379,379.000,809.376,1.999,9.400,5.249,1.690,1.000,8.870,8.870,700.000,700.000,61.009,61.155,57.412,57.642,54.089,54.321,57.503,57.706,51.155
380,380.000,852.428,1.684,9.900,0.000,1.670,0.000,0.000,0.000,0.000,0.000,55.529,57.611,52.119,54.191,48.817,50.893,52.155,54.232,47.611
381,381.000,792.155,1.739,9.200,0.000,1.680,0.000,0.000,0.000,0.000,0.000,50.527,52.488,47.176,49.162,43.857,45.846,47.187,49.166,42.488
382,382.000,499.402,2.166,5.800,8.408,1.690,1.000,14.210,14.210,700.000,700.000,56.513,55.491,51.043,49.954,47.521,46.441,51.692,50.629,45.491
383,383.000,404.688,2.631,4.700,0.000,1.710,0.000,0.000,0.000,0.000,0.000,53.123,55.489,48.694,49.972,45.615,46.998,49.144,50.820,45.489
384,384.000,404.688,2.891,4.700,0.000,1.730,-0.000,0.000,0.000,-0.000,0.000,50.184,51.890,46.344,47.816,43.265,45.109,46.598,48.272,41.890
385,385.000,353.026,3.175,4.100,8.114,1.740,1.000,14.119,14.119,700.000,700.000,56.962,55.887,51.312,50.233,47.633,46.699,51.969,50.940,45.887
386,386.000,447.740,3.288,5.200,6.471,1.740,1.000,11.260,11.260,700.000,700.000,59.712,60.021,54.761,54.614,51.149,50.879,55.208,55.171,50.021
387,387.000,439.129,3.151,5.100,5.279,1.740,1.000,9.186,9.186,700.000,700.000,61.253,61.505,57.194,57.491,53.700,53.969,57.383,57.655,51.505
388,388.000,533.844,2.997,6.200,0.000,1.730,-0.000,0.000,0.000,-0.000,0.000,57.558,59.848,53.896,56.321,50.619,52.986,54.024,56.385,49.848
389,389.000,723.272,2.952,8.400,6.261,1.730,1.000,10.832,10.832,700.000,700.000,59.263,59.527,54.991,55.485,51.677,52.182,55.310,55.732,49.527
390,390.000,964.363,2.834,11.200,0.000,1.720,-0.000,0.000,0.000,-0.000,0.000,52.736,55.702,49.142,51.999,45.915,48.802,49.264,52.167,45.702
391,391.000,990.194,2.577,11.500,8.530,1.710,1.000,14.587,14.587,700.000,700.000,55.460,55.526,50.199,50.489,47.057,47.349,50.905,51.121,45.526
392,392.000,826.597,2.866,9.600,0.000,1.720,-0.000,0.000,0.000,-0.000,0.000,49.358,52.164,45.437,47.851,42.373,44.918,45.723,48.311,42.164
393,393.000,723.272,3.571,8.400,9.038,1.750,1.000,15.817,15.817,700.000,700.000,54.740,54.142,48.802,48.395,45.544,45.218,49.695,49.251,44.142
394,394.000,654.389,4.315,7.600,7.430,1.790,1.000,13.300,13.300,700.000,700.000,57.585,57.695,51.999,51.820,48.641,48.443,52.742,52.652,47.695
395,395.000,619.947,4.663,7.200,6.297,1.800,1.000,11.334,11.334,700.000,700.000,59.327,59.477,54.447,54.595,51.058,51.197,54.944,55.090,49.477
396,396.000,559.675,4.327,6.500,5.450,1.790,1.000,9.756,9.756,700.000,700.000,60.618,60.761,56.399,56.616,53.000,53.212,56.672,56.863,50.761
397,397.000,559.675,3.506,6.500,4.955,1.750,1.000,8.671,8.671,700.000,700.000,61.410,61.592,57.705,57.996,54.334,54.622,57.816,58.070,51.592
398,398.000,533.844,2.765,6.200,4.562,1.720,1.000,7.847,7.847,700.000,700.000,61.999,62.146,58.688,58.941,55.347,55.605,58.678,58.897,52.146
399,399.000,542.454,2.102,6.300,4.338,1.690,1.000,7.332,7.332,700.000,700.000,62.347,62.488,59.297,59.541,55.981,56.232,59.208,59.421,52.488
400,400.000,654.389,1.540,7.600,4.449,1.670,1.000,7.429,7.429,700.000,700.000,62.226,62.421,59.187,59.510,55.862,56.192,59.091,59.374,52.421
401,401.000,671.610,1.179,7.800,4.586,1.650,1.000,7.566,7.566,700.000,700.000,62.106,62.232,59.022,59.235,55.693,55.909,58.941,59.126,52.232
402,402.000,731.882,0.980,8.500,4.781,1.650,1.000,7.889,7.889,700.000,700.000,61.834,61.949,58.631,58.816,55.296,55.485,58.587,58.750,51.949
403,403.000,826.597,0.850,9.600,5.159,1.640,1.000,8.461,8.461,700.000,700.000,61.332,61.454,57.923,58.112,54.593,54.787,57.949,58.118,51.454
404,404.000,835.207,0.706,9.700,5.448,1.630,1.000,8.880,8.880,700.000,700.000,60.977,61.029,57.399,57.486,54.077,54.171,57.484,57.562,51.029
405,405.000,706.051,0.601,8.200,5.330,1.630,1.000,8.687,8.687,700.000,700.000,61.207,61.126,57.645,57.530,54.314,54.202,57.722,57.619,51.126
406,406.000,447.740,0.331,5.200,0.000,1.620,0.000,0.000,0.000,0.000,0.000,58.292,59.527,54.856,56.034,51.556,52.739,54.901,56.100,49.527
407,407.000,439.129,-0.040,5.100,5.751,1.610,1.000,9.259,9.259,700.000,700.000,60.747,60.250,56.989,56.367,53.611,52.994,57.116,56.537,50.250
408,408.000,404.688,-0.621,4.700,4.927,1.580,1.000,7.785,7.785,700.000,700.000,62.064,62.032,58.765,58.492,55.424,55.096,58.751,58.540,52.032
409,409.000,396.077,-1.289,4.600,4.298,1.560,1.000,6.705,6.705,700.000,700.000,62.815,62.865,60.008,60.023,56.752,56.736,59.858,59.875,52.865
410,410.000,396.077,-1.930,4.600,3.909,1.530,1.000,5.980,5.980,700.000,700.000,63.258,63.337,60.823,60.950,57.644,57.774,60.575,60.687,53.337
411,411.000,421.909,-2.292,4.900,3.694,1.520,1.000,5.615,5.615,700.000,700.000,63.469,63.565,61.239,61.418,58.093,58.290,60.934,61.091,53.565
412,412.000,447.740,-2.499,5.200,0.000,1.510,-0.000,0.000,0.000,-0.000,0.000,61.107,62.396,58.332,59.881,54.894,56.466,58.111,59.581,52.396
413,413.000,628.558,-2.698,7.300,5.293,1.510,1.000,7.992,7.992,700.000,700.000,61.688,61.803,58.520,58.679,55.169,55.269,58.459,58.584,51.803
414,414.000,869.648,-2.975,10.100,5.798,1.500,1.000,8.697,8.697,700.000,700.000,61.105,61.379,57.632,57.993,54.303,54.676,57.680,58.016,51.379
415,415.000,809.376,-3.181,9.400,0.000,1.490,-0.000,0.000,0.000,-0.000,0.000,55.955,57.952,52.581,54.583,49.264,51.279,52.600,54.605,47.952
416,416.000,723.272,-2.390,8.400,7.684,1.520,1.000,11.680,11.680,700.000,700.000,58.442,58.092,53.954,53.626,50.633,50.310,54.343,54.009,48.092
417,417.000,628.558,-0.952,7.300,0.000,1.570,-0.000,0.000,0.000,-0.000,0.000,53.968,56.033,50.196,51.857,47.021,48.775,50.395,52.222,46.033
418,418.000,551.064,0.989,6.400,7.531,1.650,1.000,12.426,12.426,700.000,700.000,58.022,57.366,53.113,52.444,49.715,49.138,53.617,52.983,47.366
419,419.000,576.895,2.158,6.700,6.288,1.690,1.000,10.627,10.627,700.000,700.000,59.855,59.927,55.338,55.143,51.928,51.695,55.707,55.588,49.927
420,420.000,516.623,2.525,6.000,5.332,1.710,1.000,9.118,9.118,700.000,700.000,61.114,61.169,57.184,57.210,53.784,53.796,57.361,57.392,51.169
421,421.000,499.402,2.410,5.800,4.711,1.700,1.000,8.009,8.009,700.000,700.000,61.922,62.027,58.505,58.659,55.148,55.296,58.525,58.661,52.027
422,422.000,508.012,1.254,5.900,4.396,1.660,1.000,7.298,7.298,700.000,700.000,62.395,62.523,59.339,59.555,56.023,56.245,59.252,59.441,52.523
423,423.000,499.402,-0.791,5.800,4.301,1.580,1.000,6.796,6.796,700.000,700.000,62.725,62.831,59.923,60.114,56.641,56.841,59.763,59.929,52.831
424,424.000,585.506,-1.866,6.800,4.422,1.540,1.000,6.810,6.810,700.000,700.000,62.687,62.839,59.918,60.179,56.623,56.895,59.743,59.971,52.839
425,425.000,576.895,-2.282,6.700,0.000,1.520,-0.000,0.000,0.000,-0.000,0.000,59.310,60.902,56.218,57.947,52.814,54.527,56.114,57.792,50.902
426,426.000,654.389,-2.270,7.600,6.124,1.520,1.000,9.309,9.309,700.000,700.000,60.577,60.516,56.904,56.855,53.549,53.471,57.010,56.947,50.516
427,427.000,645.779,-2.191,7.500,5.761,1.520,1.000,8.756,8.756,700.000,700.000,61.183,61.244,57.573,57.570,54.229,54.225,57.662,57.680,51.244
428,428.000,671.610,-2.193,7.800,5.562,1.520,1.000,8.455,8.455,700.000,700.000,61.432,61.506,57.938,58.032,54.600,54.690,57.990,58.076,51.506
429,429.000,662.999,-2.217,7.700,0.000,1.520,-0.000,0.000,0.000,-0.000,0.000,57.189,59.019,53.800,55.643,50.485,52.324,53.824,55.662,49.019
430,430.000,353.026,-2.274,4.100,6.320,1.520,1.000,9.606,9.606,700.000,700.000,60.496,59.932,56.611,55.931,53.184,52.502,56.764,56.122,49.932
431,431.000,327.194,-2.320,3.800,0.000,1.520,-0.000,0.000,0.000,-0.000,0.000,58.226,59.908,54.576,55.835,51.288,52.555,54.697,56.099,49.908
432,432.000,275.532,-2.381,3.200,5.778,1.520,1.000,8.783,8.783,700.000,700.000,61.241,60.918,57.592,57.061,54.197,53.709,57.677,57.229,50.918
433,433.000,266.922,-2.501,3.100,4.556,1.510,1.000,6.879,6.879,700.000,700.000,62.725,62.875,59.792,59.769,56.538,56.421,59.685,59.688,52.875
434,434.000,249.701,-2.706,2.900,3.621,1.510,1.000,5.468,5.468,700.000,700.000,63.547,63.711,61.301,61.525,58.274,58.471,61.041,61.236,53.711
435,435.000,301.363,-2.933,3.500,3.180,1.500,1.000,4.770,4.770,700.000,700.000,63.905,64.082,62.055,62.399,59.132,59.530,61.698,62.004,54.082
436,436.000,275.532,-3.152,3.200,2.818,1.490,1.000,4.199,4.199,700.000,700.000,64.167,64.278,62.621,62.865,59.836,60.121,62.208,62.422,54.278
437,437.000,378.857,-3.309,4.400,2.920,1.480,1.000,4.321,4.321,700.000,700.000,64.146,64.285,62.586,62.883,59.684,60.052,62.139,62.407,54.285
438,438.000,551.064,-3.372,6.400,0.000,1.480,-0.000,0.000,0.000,-0.000,0.000,61.507,62.911,58.984,60.719,55.519,57.269,58.670,60.300,52.911
439,439.000,482.181,-3.248,5.600,0.000,1.490,-0.000,0.000,0.000,-0.000,0.000,58.784,60.360,55.805,57.320,52.311,53.665,55.633,57.115,50.360
440,440.000,430.519,-2.272,5.000,0.000,1.520,-0.000,0.000,0.000,-0.000,0.000,56.188,57.642,53.009,54.325,49.567,50.891,52.921,54.286,47.642
441,441.000,396.077,-0.842,4.600,0.000,1.570,-0.000,0.000,0.000,-0.000,0.000,53.736,55.057,50.471,51.711,47.073,48.362,50.427,51.710,45.057
442,442.000,378.857,0.891,4.400,7.204,1.640,1.000,11.815,11.815,700.000,700.000,58.685,57.863,54.031,53.079,50.467,49.535,54.395,53.492,47.863
443,443.000,327.194,1.927,3.800,5.514,1.680,1.000,9.263,9.263,700.000,700.000,61.183,61.262,57.144,56.746,53.606,53.086,57.311,57.031,51.262
444,444.000,292.753,2.292,3.400,4.269,1.700,1.000,7.258,7.258,700.000,700.000,62.585,62.744,59.427,59.522,56.073,56.080,59.362,59.449,52.744
445,445.000,301.363,2.119,3.500,3.505,1.690,1.000,5.923,5.923,700.000,700.000,63.338,63.525,60.867,61.174,57.714,58.029,60.640,60.909,53.525
446,446.000,335.805,0.679,3.900,3.192,1.630,1.000,5.204,5.204,700.000,700.000,63.705,63.885,61.640,62.000,58.599,59.012,61.315,61.632,53.885
447,447.000,335.805,-1.998,3.900,3.100,1.530,1.000,4.743,4.743,700.000,700.000,63.933,64.066,62.126,62.407,59.166,59.493,61.742,61.989,54.066
448,448.000,396.077,-2.793,4.600,3.148,1.500,1.000,4.722,4.722,700.000,700.000,63.957,64.089,62.192,62.463,59.192,59.510,61.780,62.021,54.089
449,449.000,378.857,-2.797,4.400,3.082,1.500,1.000,4.622,4.622,700.000,700.000,64.009,64.081,62.297,62.445,59.314,59.477,61.873,62.001,54.081
450,450.000,447.740,-2.941,5.200,3.243,1.500,1.000,4.864,4.864,700.000,700.000,63.898,63.983,62.083,62.250,59.017,59.209,61.666,61.814,53.983
451,451.000,421.909,-3.157,4.900,3.284,1.490,1.000,4.893,4.893,700.000,700.000,63.881,63.910,62.045,62.101,58.981,59.034,61.636,61.682,53.910
452,452.000,447.740,-3.382,5.200,3.396,1.480,1.000,5.025,5.025,700.000,700.000,63.813,63.842,61.915,61.970,58.818,58.882,61.515,61.565,53.842
453,453.000,447.740,-3.604,5.200,3.474,1.470,1.000,5.106,5.106,700.000,700.000,63.768,63.780,61.828,61.851,58.719,58.742,61.438,61.458,53.780
454,454.000,258.311,-3.846,3.000,2.931,1.470,1.000,4.308,4.308,700.000,700.000,64.119,64.031,62.527,62.334,59.700,59.443,62.115,61.936,54.031
455,455.000,241.091,-4.076,2.800,2.562,1.460,1.000,3.740,3.740,700.000,700.000,64.348,64.330,63.035,62.977,60.399,60.327,62.594,62.545,54.330
456,456.000,258.311,-4.277,3.000,2.400,1.450,1.000,3.479,3.479,700.000,700.000,64.460,64.478,63.294,63.332,60.720,60.774,62.825,62.861,54.478
457,457.000,232.480,-4.438,2.700,2.198,1.450,1.000,3.187,3.187,700.000,700.000,64.560,64.571,63.539,63.563,61.080,61.102,63.059,63.079,54.571
458,458.000,301.363,-4.557,3.500,0.000,1.440,-0.000,0.000,0.000,-0.000,0.000,63.485,64.133,61.641,62.667,58.323,59.546,61.150,62.115,54.133
459,459.000,275.532,-4.605,3.200,3.185,1.440,1.000,4.587,4.587,700.000,700.000,63.958,63.994,62.291,62.259,59.358,59.104,61.869,61.786,53.994
460,460.000,292.753,-4.620,3.400,2.889,1.440,1.000,4.160,4.160,700.000,700.000,64.181,64.233,62.688,62.742,59.883,59.951,62.251,62.309,54.233
461,461.000,508.012,-4.638,5.900,0.000,1.440,-0.000,0.000,0.000,-0.000,0.000,61.825,63.113,59.386,61.014,55.941,57.644,59.051,60.590,53.113
462,462.000,619.947,-4.671,7.200,5.122,1.440,1.000,7.375,7.375,700.000,700.000,62.160,62.339,59.271,59.468,55.928,56.016,59.120,59.275,52.339
463,463.000,619.947,-4.482,7.200,0.000,1.440,-0.000,0.000,0.000,-0.000,0.000,58.460,60.186,55.303,57.045,51.905,53.678,55.223,56.970,50.186
464,464.000,559.675,-2.971,6.500,0.000,1.500,-0.000,0.000,0.000,-0.000,0.000,55.006,56.653,51.742,53.362,48.365,49.980,51.704,53.332,46.653
465,465.000,516.623,-1.401,6.000,7.420,1.550,1.000,11.501,11.501,700.000,700.000,58.783,58.220,54.291,53.666,50.853,50.230,54.642,54.039,48.220
466,466.000,551.064,-0.098,6.400,6.184,1.600,1.000,9.894,9.894,700.000,700.000,60.427,60.516,56.242,56.064,52.830,52.623,56.499,56.401,50.516
467,467.000,499.402,0.753,5.800,5.215,1.640,1.000,8.552,8.552,700.000,700.000,61.525,61.586,57.863,57.897,54.481,54.502,57.956,57.995,51.586
468,468.000,508.012,1.235,5.900,4.616,1.660,1.000,7.662,7.662,700.000,700.000,62.149,62.266,58.913,59.088,55.576,55.748,58.879,59.034,52.266
469,469.000,439.129,1.198,5.100,4.119,1.650,1.000,6.796,6.796,700.000,700.000,62.745,62.807,59.913,60.027,56.641,56.757,59.766,59.864,52.807
470,470.000,447.740,0.150,5.200,3.885,1.610,1.000,6.254,6.254,700.000,700.000,63.084,63.177,60.533,60.697,57.307,57.481,60.308,60.452,53.177
471,471.000,482.181,-2.251,5.600,3.976,1.520,1.000,6.043,6.043,700.000,700.000,63.209,63.314,60.784,60.976,57.567,57.773,60.520,60.688,53.314
472,472.000,508.012,-3.233,5.900,4.034,1.490,1.000,6.011,6.011,700.000,700.000,63.225,63.315,60.832,60.997,57.606,57.782,60.554,60.698,53.315
473,473.000,490.792,-3.452,5.700,3.999,1.480,1.000,5.919,5.919,700.000,700.000,63.283,63.329,60.934,61.020,57.720,57.809,60.646,60.719,53.329
474,474.000,533.844,-3.636,6.200,4.106,1.470,1.000,6.036,6.036,700.000,700.000,63.207,63.267,60.813,60.920,57.575,57.690,60.532,60.625,53.267
475,475.000,602.727,-3.814,7.000,4.346,1.470,1.000,6.389,6.389,700.000,700.000,62.967,63.042,60.423,60.552,57.142,57.277,60.177,60.290,53.042
476,476.000,662.999,-3.992,7.700,4.694,1.460,1.000,6.853,6.853,700.000,700.000,62.631,62.699,59.885,59.999,56.571,56.689,59.696,59.795,52.699
477,477.000,637.168,-4.169,7.400,4.865,1.450,1.000,7.054,7.054,700.000,700.000,62.489,62.490,59.640,59.645,56.323,56.328,59.484,59.488,52.490
478,478.000,378.857,-4.391,4.400,4.241,1.450,1.000,6.149,6.149,700.000,700.000,63.132,62.957,60.631,60.321,57.436,57.092,60.400,60.124,52.957
479,479.000,309.974,-4.601,3.600,3.643,1.440,1.000,5.247,5.247,700.000,700.000,63.655,63.584,61.576,61.401,58.546,58.333,61.259,61.106,53.584
480,480.000,327.194,-4.745,3.800,3.291,1.440,1.000,4.739,4.739,700.000,700.000,63.925,63.940,62.118,62.128,59.171,59.179,61.738,61.749,53.940
481,481.000,327.194,-4.892,3.800,3.086,1.430,1.000,4.412,4.412,700.000,700.000,64.089,64.119,62.460,62.519,59.572,59.639,62.040,62.092,54.119
482,482.000,327.194,-5.189,3.800,2.961,1.420,1.000,4.205,4.205,700.000,700.000,64.190,64.221,62.676,62.742,59.828,59.905,62.231,62.290,54.221
483,483.000,335.805,-5.490,3.900,2.918,1.410,1.000,4.114,4.114,700.000,700.000,64.238,64.269,62.780,62.846,59.940,60.020,62.319,62.379,54.269
484,484.000,361.636,-5.790,4.200,2.981,1.400,1.000,4.174,4.174,700.000,700.000,64.223,64.258,62.745,62.819,59.866,59.956,62.278,62.344,54.258
485,485.000,490.792,-6.066,5.700,0.000,1.390,-0.000,0.000,0.000,-0.000,0.000,61.958,63.099,59.533,60.971,56.065,57.559,59.185,60.543,53.099
486,486.000,628.558,-6.426,7.300,5.310,1.380,1.000,7.328,7.328,700.000,700.000,62.207,62.315,59.335,59.427,55.986,55.978,59.176,59.240,52.315
487,487.000,594.116,-6.615,6.900,5.225,1.380,1.000,7.210,7.210,700.000,700.000,62.371,62.402,59.450,59.451,56.131,56.145,59.317,59.333,52.402
488,488.000,559.675,-5.138,6.500,0.000,1.420,-0.000,0.000,0.000,-0.000,0.000,59.029,60.507,55.875,57.409,52.485,54.021,55.796,57.312,50.507
489,489.000,456.350,-3.580,5.300,0.000,1.470,-0.000,0.000,0.000,-0.000,0.000,56.218,57.532,52.966,54.259,49.586,50.857,52.923,54.216,47.532
490,490.000,396.077,-1.560,4.600,0.000,1.550,-0.000,0.000,0.000,-0.000,0.000,53.745,54.915,50.452,51.592,47.088,48.236,50.428,51.581,44.915
491,491.000,378.857,-0.080,4.400,7.382,1.600,1.000,11.812,11.812,700.000,700.000,58.687,57.785,54.027,52.976,50.471,49.425,54.395,53.395,47.785
492,492.000,370.246,0.611,4.300,5.778,1.630,1.000,9.419,9.419,700.000,700.000,61.027,61.100,56.935,56.534,53.415,52.898,57.126,56.844,51.100
493,493.000,378.857,0.779,4.400,4.703,1.640,1.000,7.713,7.713,700.000,700.000,62.241,62.399,58.898,59.016,55.512,55.569,58.884,58.994,52.399
494,494.000,361.636,0.046,4.200,4.031,1.610,1.000,6.490,6.490,700.000,700.000,62.992,63.140,60.261,60.505,57.017,57.268,60.090,60.304,53.140
495,495.000,378.857,-1.508,4.400,3.715,1.550,1.000,5.758,5.758,700.000,700.000,63.400,63.554,61.066,61.358,57.918,58.241,60.795,61.051,53.554
496,496.000,387.467,-2.332,4.500,3.502,1.520,1.000,5.323,5.323,700.000,700.000,63.636,63.764,61.544,61.799,58.453,58.740,61.211,61.434,53.764
497,497.000,439.129,-3.014,5.100,3.535,1.490,1.000,5.268,5.268,700.000,700.000,63.671,63.798,61.633,61.882,58.521,58.801,61.275,61.494,53.798
498,498.000,516.623,-3.873,6.000,3.805,1.460,1.000,5.555,5.555,700.000,700.000,63.508,63.636,61.353,61.592,58.167,58.427,61.009,61.218,53.636
499,499.000,499.402,-4.842,5.800,3.957,1.430,1.000,5.659,5.659,700.000,700.000,63.446,63.502,61.236,61.341,58.039,58.145,60.907,60.996,53.502
500,500.000,499.402,-5.690,5.800,0.000,1.400,-0.000,0.000,0.000,-0.000,0.000,60.785,62.034,57.979,59.407,54.521,55.957,57.762,59.133,52.034
501,501.000,482.181,-6.235,5.600,5.498,1.390,1.000,7.642,7.642,700.000,700.000,61.974,61.840,58.934,58.707,55.599,55.294,58.836,58.614,51.840
502,502.000,275.532,-6.605,3.200,0.000,1.380,-0.000,0.000,0.000,-0.000,0.000,60.316,61.334,57.168,58.093,53.786,54.763,57.090,58.063,51.334
503,503.000,223.870,-6.903,2.600,0.000,1.370,-0.000,0.000,0.000,-0.000,0.000,58.937,59.803,55.727,56.534,52.340,53.179,55.668,56.505,49.803
