index,py_P_heat_hp3,py_P_elec_hp3,py_status_hp2,py_m_flow_hp3,py_P_elec_hp1,py_COP_hp1,py_status_hp1,py_P_heat_hp1,py_T_m,py_m_flow_hp1,Time,py_P_elec_hp2,py_T_1,py_P_heat_hp2,py_T_2,py_m_flow_hp2,py_T_3,py_COP_hp2,py_status_hp3,py_COP_hp3,py_m_flow_hp3
0,0.000,0.000,0.000,0.000,7.792,1.510,1.000,11.766,55.109,700.000,2112.000,0.000,59.885,0.000,54.915,0.000,50.528,2.190,0.000,2.480,0.000
1,0.000,0.000,0.000,0.000,5.708,1.480,1.000,8.448,58.398,700.000,2113.000,0.000,62.173,0.000,58.414,0.000,54.608,2.150,0.000,2.430,0.000
2,0.000,0.000,0.000,0.000,0.000,1.460,0.000,0.000,57.098,0.000,2114.000,0.000,60.730,0.000,57.041,0.000,53.523,2.120,0.000,2.400,0.000
3,0.000,0.000,0.000,0.000,4.870,1.450,1.000,7.062,59.512,700.000,2115.000,0.000,62.612,0.000,59.610,0.000,56.314,2.100,0.000,2.380,0.000
4,0.000,0.000,0.000,0.000,0.000,1.440,0.000,0.000,57.911,0.000,2116.000,0.000,61.111,0.000,57.993,0.000,54.628,2.070,0.000,2.350,0.000
5,0.000,0.000,0.000,0.000,4.917,1.420,1.000,6.983,59.533,700.000,2117.000,0.000,62.524,0.000,59.664,0.000,56.411,2.060,0.000,2.330,0.000
6,0.000,0.000,0.000,0.000,0.000,1.410,0.000,0.000,56.864,0.000,2118.000,0.000,60.048,0.000,56.960,0.000,53.584,2.040,0.000,2.310,0.000
7,0.000,0.000,0.000,0.000,0.000,1.420,0.000,0.000,54.349,0.000,2119.000,0.000,57.620,0.000,54.406,0.000,51.022,2.050,0.000,2.320,0.000
8,0.000,0.000,0.000,0.000,0.000,1.490,0.000,0.000,51.887,0.000,2120.000,0.000,55.195,0.000,51.917,0.000,48.548,2.160,0.000,2.440,0.000
9,0.000,0.000,0.000,0.000,0.000,1.580,0.000,0.000,49.528,0.000,2121.000,0.000,52.850,0.000,49.543,0.000,46.189,2.300,0.000,2.600,0.000
10,0.000,0.000,0.000,0.000,0.000,1.700,0.000,0.000,47.272,0.000,2122.000,0.000,50.600,0.000,47.280,0.000,43.935,2.470,0.000,2.790,0.000
11,0.000,0.000,0.000,0.000,0.000,1.760,0.000,0.000,45.111,0.000,2123.000,0.000,48.440,0.000,45.115,0.000,41.776,2.560,0.000,2.890,0.000
12,0.000,0.000,1.000,0.000,0.000,1.820,0.000,0.000,46.010,0.000,2124.000,2.124,48.664,5.607,46.261,700.000,43.103,2.640,0.000,2.980,0.000
13,1.872,0.614,0.000,700.000,0.000,1.860,0.000,0.000,44.856,0.000,2125.000,0.000,46.351,0.000,45.520,0.000,42.697,2.700,1.000,3.050,700.000
14,0.000,0.000,1.000,0.000,0.000,1.890,0.000,0.000,45.661,0.000,2126.000,2.052,47.883,5.623,46.015,700.000,43.083,2.740,0.000,3.090,0.000
15,0.000,0.000,1.000,0.000,0.000,1.900,0.000,0.000,46.183,0.000,2127.000,1.906,48.494,5.259,46.525,700.000,43.531,2.760,0.000,3.110,0.000
16,0.000,0.000,1.000,0.000,0.000,1.900,0.000,0.000,46.479,0.000,2128.000,1.823,48.754,5.014,46.850,700.000,43.833,2.750,0.000,3.100,0.000
17,0.000,0.000,1.000,0.000,0.000,1.880,0.000,0.000,46.632,0.000,2129.000,1.786,48.869,4.877,47.026,700.000,44.001,2.730,0.000,3.080,0.000
18,0.000,0.000,1.000,0.000,0.000,1.850,0.000,0.000,46.706,0.000,2130.000,1.788,48.921,4.809,47.113,700.000,44.085,2.690,0.000,3.030,0.000
19,0.000,0.000,0.000,0.000,7.984,1.760,1.000,14.051,51.779,700.000,2131.000,0.000,56.383,0.000,51.238,0.000,47.716,2.560,0.000,2.880,0.000
20,0.000,0.000,1.000,0.000,0.000,1.690,0.000,0.000,50.352,0.000,2132.000,0.717,52.323,1.764,50.905,700.000,47.830,2.460,0.000,2.780,0.000
21,0.000,0.000,1.000,0.000,0.000,1.690,0.000,0.000,49.411,0.000,2133.000,0.886,50.808,2.170,50.093,700.000,47.331,2.450,0.000,2.770,0.000
22,0.000,0.000,1.000,0.000,0.000,1.690,0.000,0.000,49.061,0.000,2134.000,0.910,50.238,2.230,49.686,700.000,47.257,2.450,0.000,2.770,0.000
23,0.000,0.000,0.000,0.000,7.035,1.670,1.000,11.749,54.100,700.000,2135.000,0.000,57.931,0.000,53.821,0.000,50.549,2.430,0.000,2.750,0.000
24,0.000,0.000,0.000,0.000,0.000,1.650,0.000,0.000,52.800,0.000,2136.000,0.000,56.426,0.000,52.580,0.000,49.394,2.400,0.000,2.710,0.000
25,0.000,0.000,0.000,0.000,0.000,1.650,0.000,0.000,51.465,0.000,2137.000,0.000,54.959,0.000,51.308,0.000,48.129,2.400,0.000,2.710,0.000
26,0.000,0.000,1.000,0.000,0.000,1.660,0.000,0.000,50.654,0.000,2138.000,0.437,52.009,1.053,51.250,700.000,48.705,2.410,0.000,2.730,0.000
27,0.000,0.000,1.000,0.000,0.000,1.670,0.000,0.000,49.916,0.000,2139.000,0.554,50.823,1.347,50.581,700.000,48.343,2.430,0.000,2.740,0.000
28,0.000,0.000,0.000,0.000,6.874,1.660,1.000,11.410,54.360,700.000,2140.000,0.000,58.008,0.000,54.106,0.000,50.965,2.410,0.000,2.730,0.000
29,0.000,0.000,0.000,0.000,5.637,1.650,1.000,9.302,57.110,700.000,2141.000,0.000,60.834,0.000,56.936,0.000,53.558,2.390,0.000,2.700,0.000
30,0.000,0.000,0.000,0.000,0.000,1.640,0.000,0.000,54.285,0.000,2142.000,0.000,57.776,0.000,54.172,0.000,50.908,2.380,0.000,2.690,0.000
31,0.000,0.000,0.000,0.000,0.000,1.640,0.000,0.000,51.625,0.000,2143.000,0.000,55.016,0.000,51.563,0.000,48.295,2.380,0.000,2.690,0.000
32,0.000,0.000,1.000,0.000,0.000,1.650,0.000,0.000,50.040,0.000,2144.000,0.793,51.790,1.903,50.671,700.000,47.659,2.400,0.000,2.710,0.000
33,0.000,0.000,0.000,0.000,0.000,1.680,0.000,0.000,47.543,0.000,2145.000,0.000,50.168,0.000,48.007,0.000,44.453,2.450,0.000,2.770,0.000
34,0.000,0.000,0.000,0.000,0.000,1.780,0.000,0.000,45.149,0.000,2146.000,0.000,48.185,0.000,45.427,0.000,41.836,2.580,0.000,2.910,0.000
35,2.574,0.841,0.000,700.000,0.000,1.870,0.000,0.000,44.244,0.000,2147.000,0.000,46.031,0.000,44.868,0.000,41.834,2.710,1.000,3.060,700.000
36,2.948,0.936,0.000,700.000,0.000,1.930,0.000,0.000,43.583,0.000,2148.000,0.000,45.166,0.000,44.210,0.000,41.374,2.800,1.000,3.150,700.000
37,3.359,1.046,0.000,700.000,0.000,1.970,0.000,0.000,43.101,0.000,2149.000,0.000,44.753,0.000,43.681,0.000,40.868,2.850,1.000,3.210,700.000
38,3.710,1.142,0.000,700.000,0.000,2.000,0.000,0.000,42.747,0.000,2150.000,0.000,44.517,0.000,43.286,0.000,40.437,2.890,1.000,3.250,700.000
39,0.000,0.000,1.000,0.000,0.000,2.010,0.000,0.000,44.132,0.000,2151.000,2.446,46.832,7.119,44.322,700.000,41.243,2.910,0.000,3.270,0.000
40,0.000,0.000,1.000,0.000,0.000,2.000,0.000,0.000,45.048,0.000,2152.000,2.215,47.792,6.422,45.252,700.000,42.100,2.900,0.000,3.260,0.000
41,0.000,0.000,1.000,0.000,0.000,1.980,0.000,0.000,45.614,0.000,2153.000,2.068,48.241,5.916,45.877,700.000,42.724,2.860,0.000,3.220,0.000
42,0.000,0.000,1.000,0.000,0.000,1.930,0.000,0.000,45.964,0.000,2154.000,1.999,48.480,5.579,46.275,700.000,43.138,2.790,0.000,3.140,0.000
43,0.000,0.000,1.000,0.000,0.000,1.800,0.000,0.000,46.203,0.000,2155.000,2.046,48.629,5.339,46.546,700.000,43.432,2.610,0.000,2.950,0.000
44,0.000,0.000,0.000,0.000,8.519,1.690,1.000,14.398,51.445,700.000,2156.000,0.000,56.186,0.000,50.859,0.000,47.290,2.450,0.000,2.770,0.000
45,0.000,0.000,1.000,0.000,0.000,1.660,0.000,0.000,50.228,0.000,2157.000,0.781,52.244,1.882,50.756,700.000,47.685,2.410,0.000,2.720,0.000
46,0.000,0.000,0.000,0.000,6.968,1.630,1.000,11.358,54.705,700.000,2158.000,0.000,58.606,0.000,54.479,0.000,51.029,2.370,0.000,2.670,0.000
47,0.000,0.000,0.000,0.000,0.000,1.600,0.000,0.000,53.344,0.000,2159.000,0.000,57.020,0.000,53.144,0.000,49.869,2.320,0.000,2.630,0.000
48,0.000,0.000,0.000,0.000,5.972,1.570,1.000,9.376,57.107,700.000,2160.000,0.000,60.893,0.000,56.960,0.000,53.467,2.280,0.000,2.580,0.000
49,0.000,0.000,0.000,0.000,4.534,1.550,1.000,7.027,59.571,700.000,2161.000,0.000,62.702,0.000,59.655,0.000,56.356,2.250,0.000,2.550,0.000
50,0.000,0.000,0.000,0.000,0.000,1.540,0.000,0.000,58.211,0.000,2162.000,0.000,61.419,0.000,58.285,0.000,54.928,2.240,0.000,2.540,0.000
51,0.000,0.000,0.000,0.000,4.086,1.550,1.000,6.334,60.173,700.000,2163.000,0.000,62.960,0.000,60.349,0.000,57.209,2.240,0.000,2.540,0.000
52,0.000,0.000,0.000,0.000,0.000,1.550,0.000,0.000,58.502,0.000,2164.000,0.000,61.525,0.000,58.668,0.000,55.314,2.250,0.000,2.550,0.000
53,0.000,0.000,0.000,0.000,0.000,1.550,0.000,0.000,56.272,0.000,2165.000,0.000,59.462,0.000,56.384,0.000,52.971,2.250,0.000,2.550,0.000
54,0.000,0.000,0.000,0.000,0.000,1.550,0.000,0.000,53.491,0.000,2166.000,0.000,56.771,0.000,53.549,0.000,50.153,2.240,0.000,2.540,0.000
55,0.000,0.000,0.000,0.000,0.000,1.550,0.000,0.000,50.865,0.000,2167.000,0.000,54.179,0.000,50.893,0.000,47.522,2.250,0.000,2.550,0.000
56,0.000,0.000,0.000,0.000,0.000,1.630,0.000,0.000,48.290,0.000,2168.000,0.000,51.616,0.000,48.304,0.000,44.951,2.360,0.000,2.670,0.000
57,0.000,0.000,1.000,0.000,0.000,1.710,0.000,0.000,47.908,0.000,2169.000,1.552,50.129,3.865,48.348,700.000,45.246,2.490,0.000,2.810,0.000
58,0.000,0.000,0.000,0.000,0.000,1.840,0.000,0.000,45.548,0.000,2170.000,0.000,48.367,0.000,45.881,0.000,42.397,2.680,0.000,3.020,0.000
59,0.000,0.000,0.000,0.000,0.000,1.910,0.000,0.000,43.292,0.000,2171.000,0.000,46.400,0.000,43.499,0.000,39.979,2.760,0.000,3.110,0.000
60,3.677,1.153,0.000,700.000,0.000,1.960,0.000,0.000,43.058,0.000,2172.000,0.000,45.146,0.000,43.551,0.000,40.477,2.840,1.000,3.190,700.000
61,3.725,1.143,0.000,700.000,0.000,2.000,0.000,0.000,42.807,0.000,2173.000,0.000,44.671,0.000,43.333,0.000,40.418,2.900,1.000,3.260,700.000
62,3.894,1.176,0.000,700.000,0.000,2.040,0.000,0.000,42.586,0.000,2174.000,0.000,44.451,0.000,43.099,0.000,40.210,2.940,1.000,3.310,700.000
63,4.099,1.231,0.000,700.000,0.000,2.050,0.000,0.000,42.381,0.000,2175.000,0.000,44.312,0.000,42.874,0.000,39.958,2.960,1.000,3.330,700.000
64,0.000,0.000,1.000,0.000,0.000,2.050,0.000,0.000,43.861,0.000,2176.000,2.502,46.675,7.405,44.016,700.000,40.892,2.960,0.000,3.330,0.000
65,0.000,0.000,1.000,0.000,0.000,2.030,0.000,0.000,44.847,0.000,2177.000,2.264,47.673,6.632,45.025,700.000,41.842,2.930,0.000,3.290,0.000
66,0.000,0.000,1.000,0.000,0.000,1.970,0.000,0.000,45.485,0.000,2178.000,2.115,48.166,6.050,45.730,700.000,42.559,2.860,0.000,3.220,0.000
67,0.000,0.000,1.000,0.000,0.000,1.830,0.000,0.000,45.919,0.000,2179.000,2.114,48.455,5.624,46.221,700.000,43.083,2.660,0.000,3.000,0.000
68,0.000,0.000,0.000,0.000,8.519,1.710,1.000,14.567,51.287,700.000,2180.000,0.000,56.103,0.000,50.678,0.000,47.082,2.490,0.000,2.810,0.000
69,0.000,0.000,1.000,0.000,0.000,1.680,0.000,0.000,50.144,0.000,2181.000,0.808,52.198,1.971,50.658,700.000,47.575,2.440,0.000,2.760,0.000
70,0.000,0.000,0.000,0.000,6.913,1.650,1.000,11.407,54.664,700.000,2182.000,0.000,58.589,0.000,54.433,0.000,50.969,2.400,0.000,2.710,0.000
71,0.000,0.000,0.000,0.000,0.000,1.610,0.000,0.000,53.320,0.000,2183.000,0.000,57.013,0.000,53.113,0.000,49.836,2.350,0.000,2.650,0.000
72,0.000,0.000,0.000,0.000,5.877,1.580,1.000,9.285,57.215,700.000,2184.000,0.000,60.986,0.000,57.081,0.000,53.579,2.300,0.000,2.600,0.000
73,0.000,0.000,0.000,0.000,0.000,1.570,0.000,0.000,56.079,0.000,2185.000,0.000,59.700,0.000,55.941,0.000,52.595,2.280,0.000,2.580,0.000
74,0.000,0.000,0.000,0.000,0.000,1.580,0.000,0.000,54.899,0.000,2186.000,0.000,58.411,0.000,54.781,0.000,51.504,2.300,0.000,2.600,0.000
75,0.000,0.000,0.000,0.000,0.000,1.600,0.000,0.000,53.633,0.000,2187.000,0.000,57.069,0.000,53.544,0.000,50.286,2.320,0.000,2.630,0.000
76,0.000,0.000,0.000,0.000,0.000,1.610,0.000,0.000,52.144,0.000,2188.000,0.000,55.527,0.000,52.085,0.000,48.819,2.340,0.000,2.640,0.000
77,0.000,0.000,0.000,0.000,6.572,1.600,1.000,10.514,55.813,700.000,2189.000,0.000,59.807,0.000,55.565,0.000,52.067,2.320,0.000,2.630,0.000
78,0.000,0.000,0.000,0.000,0.000,1.590,0.000,0.000,53.333,0.000,2190.000,0.000,56.963,0.000,53.145,0.000,49.892,2.300,0.000,2.610,0.000
79,0.000,0.000,0.000,0.000,0.000,1.580,0.000,0.000,50.991,0.000,2191.000,0.000,54.449,0.000,50.877,0.000,47.648,2.290,0.000,2.600,0.000
80,0.000,0.000,0.000,0.000,0.000,1.610,0.000,0.000,48.709,0.000,2192.000,0.000,52.089,0.000,48.648,0.000,45.391,2.340,0.000,2.640,0.000
81,0.000,0.000,0.000,0.000,0.000,1.690,0.000,0.000,46.548,0.000,2193.000,0.000,49.895,0.000,46.518,0.000,43.232,2.460,0.000,2.780,0.000
82,0.000,0.000,0.000,0.000,0.000,1.830,0.000,0.000,44.490,0.000,2194.000,0.000,47.824,0.000,44.476,0.000,41.170,2.660,0.000,3.000,0.000
83,0.000,0.000,0.000,0.000,0.000,1.910,0.000,0.000,42.527,0.000,2195.000,0.000,45.857,0.000,42.522,0.000,39.203,2.770,0.000,3.120,0.000
84,0.000,0.000,0.000,0.000,0.000,1.960,0.000,0.000,40.598,0.000,2196.000,0.000,43.926,0.000,40.597,0.000,37.271,2.850,0.000,3.200,0.000
85,5.200,1.590,0.000,700.000,0.000,2.010,0.000,0.000,41.425,0.000,2197.000,0.000,43.959,0.000,41.711,0.000,38.604,2.910,1.000,3.270,700.000
86,4.628,1.394,0.000,700.000,0.000,2.040,0.000,0.000,41.883,0.000,2198.000,0.000,44.074,0.000,42.270,0.000,39.307,2.950,1.000,3.320,700.000
87,4.359,1.309,0.000,700.000,0.000,2.050,0.000,0.000,42.111,0.000,2199.000,0.000,44.155,0.000,42.541,0.000,39.638,2.960,1.000,3.330,700.000
88,4.268,1.286,0.000,700.000,0.000,2.040,0.000,0.000,42.195,0.000,2200.000,0.000,44.190,0.000,42.645,0.000,39.750,2.950,1.000,3.320,700.000
89,4.261,1.299,0.000,700.000,0.000,2.020,0.000,0.000,42.206,0.000,2201.000,0.000,44.196,0.000,42.665,0.000,39.759,2.920,1.000,3.280,700.000
90,4.285,1.327,0.000,700.000,0.000,1.980,0.000,0.000,42.188,0.000,2202.000,0.000,44.187,0.000,42.648,0.000,39.729,2.870,1.000,3.230,700.000
91,0.000,0.000,1.000,0.000,0.000,1.900,0.000,0.000,43.857,0.000,2203.000,2.683,46.680,7.406,44.001,700.000,40.890,2.760,0.000,3.110,0.000
92,0.000,0.000,1.000,0.000,0.000,1.830,0.000,0.000,45.093,0.000,2204.000,2.406,47.837,6.377,45.286,700.000,42.156,2.650,0.000,2.990,0.000
93,0.000,0.000,1.000,0.000,0.000,1.800,0.000,0.000,46.061,0.000,2205.000,2.073,48.515,5.431,46.350,700.000,43.320,2.620,0.000,2.950,0.000
94,0.000,0.000,1.000,0.000,0.000,1.790,0.000,0.000,47.005,0.000,2206.000,1.690,49.047,4.393,47.369,700.000,44.597,2.600,0.000,2.930,0.000
95,0.000,0.000,1.000,0.000,0.000,1.780,0.000,0.000,47.742,0.000,2207.000,1.357,49.400,3.515,48.151,700.000,45.676,2.590,0.000,2.920,0.000
96,0.000,0.000,0.000,0.000,0.000,1.780,0.000,0.000,46.821,0.000,2208.000,0.000,48.944,0.000,47.299,0.000,44.221,2.590,0.000,2.920,0.000
97,0.000,0.000,0.000,0.000,0.000,1.790,0.000,0.000,45.857,0.000,2209.000,0.000,48.351,0.000,46.312,0.000,42.907,2.600,0.000,2.930,0.000
98,0.000,0.000,1.000,0.000,0.000,1.800,0.000,0.000,47.131,0.000,2210.000,1.624,49.083,4.240,47.526,700.000,44.785,2.610,0.000,2.940,0.000
99,0.000,0.000,1.000,0.000,0.000,1.800,0.000,0.000,47.842,0.000,2211.000,1.292,49.434,3.386,48.259,700.000,45.835,2.620,0.000,2.950,0.000
100,0.000,0.000,1.000,0.000,0.000,1.800,0.000,0.000,48.133,0.000,2212.000,1.171,49.580,3.067,48.591,700.000,46.227,2.620,0.000,2.960,0.000
101,0.000,0.000,0.000,0.000,0.000,1.810,0.000,0.000,46.299,0.000,2213.000,0.000,48.588,0.000,46.789,0.000,43.518,2.630,0.000,2.960,0.000
102,0.000,0.000,1.000,0.000,0.000,1.810,0.000,0.000,46.645,0.000,2214.000,1.858,48.859,4.868,47.064,700.000,44.012,2.620,0.000,2.960,0.000
103,0.000,0.000,0.000,0.000,0.000,1.810,0.000,0.000,44.492,0.000,2215.000,0.000,47.276,0.000,44.829,0.000,41.372,2.620,0.000,2.960,0.000
104,0.000,0.000,1.000,0.000,0.000,1.820,0.000,0.000,45.613,0.000,2216.000,2.237,48.206,5.907,45.900,700.000,42.734,2.640,0.000,2.980,0.000
105,0.000,0.000,0.000,0.000,0.000,1.840,0.000,0.000,43.693,0.000,2217.000,0.000,46.641,0.000,43.929,0.000,40.510,2.670,0.000,3.010,0.000
106,3.103,1.001,0.000,700.000,0.000,1.900,0.000,0.000,43.555,0.000,2218.000,0.000,45.400,0.000,44.083,0.000,41.183,2.750,1.000,3.100,700.000
107,2.962,0.914,0.000,700.000,0.000,1.990,0.000,0.000,43.436,0.000,2219.000,0.000,44.958,0.000,43.993,0.000,41.356,2.880,1.000,3.240,700.000
108,2.963,0.890,0.000,700.000,0.000,2.050,0.000,0.000,43.342,0.000,2220.000,0.000,44.785,0.000,43.887,0.000,41.356,2.960,1.000,3.330,700.000
109,3.040,0.899,0.000,700.000,0.000,2.080,0.000,0.000,43.248,0.000,2221.000,0.000,44.700,0.000,43.782,0.000,41.261,3.010,1.000,3.380,700.000
110,3.148,0.923,0.000,700.000,0.000,2.100,0.000,0.000,43.151,0.000,2222.000,0.000,44.645,0.000,43.679,0.000,41.128,3.030,1.000,3.410,700.000
111,0.000,0.000,1.000,0.000,0.000,2.100,0.000,0.000,44.727,0.000,2223.000,2.116,47.145,6.432,44.947,700.000,42.088,3.040,0.000,3.410,0.000
112,0.000,0.000,1.000,0.000,0.000,2.090,0.000,0.000,45.785,0.000,2224.000,1.859,48.213,5.615,46.048,700.000,43.094,3.020,0.000,3.390,0.000
113,0.000,0.000,1.000,0.000,0.000,2.060,0.000,0.000,46.437,0.000,2225.000,1.685,48.711,5.020,46.775,700.000,43.825,2.980,0.000,3.340,0.000
114,0.000,0.000,1.000,0.000,0.000,2.000,0.000,0.000,46.824,0.000,2226.000,1.600,48.964,4.640,47.217,700.000,44.293,2.900,0.000,3.260,0.000
115,0.000,0.000,1.000,0.000,0.000,1.910,0.000,0.000,47.078,0.000,2227.000,1.586,49.113,4.376,47.505,700.000,44.617,2.760,0.000,3.110,0.000
116,0.000,0.000,1.000,0.000,0.000,1.770,0.000,0.000,47.302,0.000,2228.000,1.606,49.232,4.128,47.751,700.000,44.923,2.570,0.000,2.900,0.000
117,0.000,0.000,0.000,0.000,7.701,1.720,1.000,13.246,52.674,700.000,2229.000,0.000,57.077,0.000,52.240,0.000,48.706,2.500,0.000,2.820,0.000
118,0.000,0.000,0.000,0.000,5.818,1.700,1.000,9.890,56.748,700.000,2230.000,0.000,60.870,0.000,56.538,0.000,52.835,2.470,0.000,2.790,0.000
119,0.000,0.000,0.000,0.000,4.173,1.700,1.000,7.094,59.584,700.000,2231.000,0.000,62.812,0.000,59.667,0.000,56.273,2.470,0.000,2.790,0.000
120,0.000,0.000,0.000,0.000,0.000,1.690,0.000,0.000,58.783,0.000,2232.000,0.000,62.042,0.000,58.851,0.000,55.457,2.460,0.000,2.780,0.000
121,0.000,0.000,0.000,0.000,-0.000,1.680,0.000,-0.000,57.940,0.005,2233.000,0.000,61.221,0.000,57.993,0.000,54.604,2.440,0.000,2.760,0.000
122,0.000,0.000,0.000,0.000,0.000,1.660,0.000,0.000,57.053,0.000,2234.000,0.000,60.351,0.000,57.094,0.000,53.714,2.420,0.000,2.740,0.000
123,0.000,0.000,0.000,0.000,0.000,1.640,0.000,0.000,56.054,0.000,2235.000,0.000,59.364,0.000,56.084,0.000,52.714,2.390,0.000,2.700,0.000
124,0.000,0.000,0.000,0.000,0.000,1.620,0.000,0.000,54.797,0.000,2236.000,0.000,58.116,0.000,54.817,0.000,51.457,2.360,0.000,2.670,0.000
125,0.000,0.000,0.000,0.000,0.000,1.610,0.000,0.000,53.100,0.000,2237.000,0.000,56.426,0.000,53.112,0.000,49.763,2.330,0.000,2.640,0.000
126,0.000,0.000,0.000,0.000,0.000,1.580,0.000,0.000,51.017,0.000,2238.000,0.000,54.345,0.000,51.023,0.000,47.682,2.300,0.000,2.600,0.000
127,0.000,0.000,0.000,0.000,0.000,1.590,0.000,0.000,49.036,0.000,2239.000,0.000,52.366,0.000,49.040,0.000,45.703,2.310,0.000,2.620,0.000
128,0.000,0.000,0.000,0.000,0.000,1.730,0.000,0.000,47.159,0.000,2240.000,0.000,50.489,0.000,47.162,0.000,43.827,2.520,0.000,2.840,0.000
129,0.000,0.000,0.000,0.000,0.000,1.840,0.000,0.000,45.437,0.000,2241.000,0.000,48.766,0.000,45.440,0.000,42.106,2.670,0.000,3.020,0.000
130,0.000,0.000,0.000,0.000,0.000,1.990,0.000,0.000,43.827,0.000,2242.000,0.000,47.156,0.000,43.830,0.000,40.496,2.880,0.000,3.240,0.000
131,0.000,0.000,0.000,0.000,0.000,2.090,0.000,0.000,42.312,0.000,2243.000,0.000,45.640,0.000,42.314,0.000,38.981,3.020,0.000,3.390,0.000
132,0.000,0.000,0.000,0.000,0.000,2.160,0.000,0.000,40.813,0.000,2244.000,0.000,44.141,0.000,40.816,0.000,37.483,3.110,0.000,3.490,0.000
133,4.761,1.333,0.000,700.000,0.000,2.210,0.000,0.000,41.834,0.000,2245.000,0.000,44.214,0.000,42.144,0.000,39.144,3.190,1.000,3.570,700.000
134,4.029,1.107,0.000,700.000,0.000,2.260,0.000,0.000,42.401,0.000,2246.000,0.000,44.342,0.000,42.815,0.000,40.044,3.240,1.000,3.640,700.000
135,3.678,1.002,0.000,700.000,0.000,2.280,0.000,0.000,42.684,0.000,2247.000,0.000,44.432,0.000,43.145,0.000,40.475,3.280,1.000,3.670,700.000
136,3.531,0.957,0.000,700.000,0.000,2.290,0.000,0.000,42.811,0.000,2248.000,0.000,44.481,0.000,43.295,0.000,40.656,3.290,1.000,3.690,700.000
137,3.508,0.956,0.000,700.000,0.000,2.280,0.000,0.000,42.839,0.000,2249.000,0.000,44.495,0.000,43.336,0.000,40.685,3.270,1.000,3.670,700.000
138,0.000,0.000,1.000,0.000,0.000,2.230,0.000,0.000,44.506,0.000,2250.000,2.082,47.035,6.683,44.704,700.000,41.780,3.210,0.000,3.600,0.000
139,2.605,0.775,0.000,700.000,0.000,2.070,0.000,0.000,43.979,0.000,2251.000,0.000,45.610,0.000,44.532,0.000,41.796,2.990,1.000,3.360,700.000
140,2.749,0.875,0.000,700.000,0.000,1.920,0.000,0.000,43.633,0.000,2252.000,0.000,45.063,0.000,44.217,0.000,41.619,2.790,1.000,3.140,700.000
141,0.000,0.000,1.000,0.000,0.000,1.870,0.000,0.000,45.217,0.000,2253.000,2.176,47.454,5.920,45.480,700.000,42.718,2.720,0.000,3.060,0.000
142,0.000,0.000,1.000,0.000,0.000,1.840,0.000,0.000,46.604,0.000,2254.000,1.744,48.644,4.656,46.895,700.000,44.273,2.670,0.000,3.010,0.000
143,0.000,0.000,1.000,0.000,0.000,1.810,0.000,0.000,47.639,0.000,2255.000,1.335,49.269,3.524,47.983,700.000,45.665,2.640,0.000,2.970,0.000
144,0.000,0.000,0.000,0.000,0.000,1.790,0.000,0.000,47.028,0.000,2256.000,0.000,48.988,0.000,47.463,0.000,44.633,2.600,0.000,2.940,0.000
145,0.000,0.000,1.000,0.000,0.000,1.770,0.000,0.000,48.037,0.000,2257.000,1.196,49.473,3.075,48.419,700.000,46.218,2.570,0.000,2.900,0.000
146,0.000,0.000,1.000,0.000,0.000,1.750,0.000,0.000,48.610,0.000,2258.000,0.913,49.708,2.329,48.987,700.000,47.135,2.550,0.000,2.880,0.000
147,0.000,0.000,1.000,0.000,0.000,1.740,0.000,0.000,48.899,0.000,2259.000,0.775,49.821,1.962,49.290,700.000,47.587,2.530,0.000,2.860,0.000
148,0.000,0.000,1.000,0.000,0.000,1.740,0.000,0.000,48.962,0.000,2260.000,0.764,49.863,1.925,49.392,700.000,47.632,2.520,0.000,2.850,0.000
149,0.000,0.000,0.000,0.000,0.000,1.730,0.000,0.000,47.662,0.000,2261.000,0.000,49.409,0.000,48.250,0.000,45.327,2.520,0.000,2.840,0.000
150,0.000,0.000,1.000,0.000,0.000,1.730,0.000,0.000,47.921,0.000,2262.000,1.358,49.522,3.409,48.434,700.000,45.807,2.510,0.000,2.830,0.000
151,0.000,0.000,0.000,0.000,0.000,1.740,0.000,0.000,46.406,0.000,2263.000,0.000,48.707,0.000,46.919,0.000,43.591,2.530,0.000,2.860,0.000
152,0.000,0.000,0.000,0.000,0.000,1.830,0.000,0.000,44.968,0.000,2264.000,0.000,47.703,0.000,45.381,0.000,41.819,2.660,0.000,2.990,0.000
153,0.000,0.000,0.000,0.000,0.000,1.960,0.000,0.000,43.659,0.000,2265.000,0.000,46.647,0.000,43.966,0.000,40.364,2.840,0.000,3.200,0.000
154,0.000,0.000,0.000,0.000,0.000,2.140,0.000,0.000,42.436,0.000,2266.000,0.000,45.573,0.000,42.654,0.000,39.081,3.080,0.000,3.460,0.000
155,0.000,0.000,0.000,0.000,0.000,2.270,0.000,0.000,41.291,0.000,2267.000,0.000,44.514,0.000,41.442,0.000,37.916,3.260,0.000,3.660,0.000
156,0.000,0.000,-0.000,0.000,0.000,2.360,-0.000,0.000,40.163,-0.000,2268.000,0.000,43.437,0.000,40.265,-0.000,36.787,3.380,0.000,3.780,0.000
157,4.911,1.266,-0.000,700.000,0.000,2.430,0.000,0.000,41.635,0.000,2269.000,0.000,44.008,0.000,41.937,-0.000,38.959,3.470,1.000,3.880,700.000
158,0.000,0.000,-0.000,-0.000,0.000,2.480,0.000,0.000,40.421,0.000,2270.000,0.000,43.130,0.000,40.726,-0.000,37.406,3.530,-0.000,3.950,-0.000
159,4.762,1.193,-0.000,700.000,0.000,2.510,-0.000,0.000,41.683,-0.000,2271.000,0.000,43.878,0.000,42.028,-0.000,39.143,3.570,1.000,3.990,700.000
160,3.904,0.978,-0.000,700.000,0.000,2.510,-0.000,0.000,42.432,-0.000,2272.000,0.000,44.264,0.000,42.834,-0.000,40.198,3.580,1.000,3.990,700.000
161,3.420,0.864,-0.000,700.000,0.000,2.480,-0.000,0.000,42.852,-0.000,2273.000,0.000,44.466,0.000,43.298,-0.000,40.793,3.540,1.000,3.960,700.000
162,0.000,0.000,1.000,-0.000,0.000,2.410,-0.000,0.000,44.783,-0.000,2274.000,1.843,47.181,6.341,44.969,700.000,42.200,3.440,-0.000,3.850,-0.000
163,0.000,0.000,-0.000,-0.000,0.000,2.250,-0.000,0.000,43.302,-0.000,2275.000,0.000,46.058,0.000,43.536,-0.000,40.313,3.230,-0.000,3.620,-0.000
164,0.000,0.000,-0.000,-0.000,0.000,2.120,-0.000,0.000,41.899,-0.000,2276.000,0.000,44.884,0.000,42.105,-0.000,38.707,3.060,-0.000,3.440,-0.000
165,0.000,0.000,-0.000,-0.000,0.000,2.100,-0.000,0.000,40.668,-0.000,2277.000,0.000,43.788,0.000,40.831,-0.000,37.384,3.030,-0.000,3.410,-0.000
166,0.000,0.000,0.000,-0.000,0.000,2.070,-0.000,0.000,39.807,-0.000,2278.000,0.000,42.995,0.000,39.939,0.000,36.486,3.000,-0.000,3.370,-0.000
167,0.000,0.000,-0.000,-0.000,0.000,2.040,-0.000,0.000,39.152,-0.000,2279.000,0.000,42.380,0.000,39.262,-0.000,35.815,2.950,-0.000,3.320,-0.000
