index,ts_T_amb,ts_m_heatspace,Time,ts_P_heatspace,py_P_elec,py_COP,py_status,py_P_heat,ts_P_heat,py_m_flow,ts_m_flow,py_T_1,ts_T_1,py_T_2,ts_T_2,py_T_3,ts_T_3,py_T_m,ts_T_m,ts_T_R,ts_P_heatspace
0,-2.620,195.628,2112.000,2.272,6.177,1.880,1.000,11.613,11.766,700.000,700.000,60.092,59.885,55.196,54.915,50.715,50.528,55.335,55.109,49.885,2.272
1,-3.313,201.138,2113.000,2.336,0.000,1.860,-0.000,0.000,8.448,-0.000,700.000,58.807,61.659,54.144,57.456,50.308,53.446,54.420,57.520,51.659,2.336
2,-3.869,208.027,2114.000,2.416,0.000,1.850,-0.000,0.000,0.000,-0.000,0.000,57.527,61.903,53.141,58.171,49.685,54.574,53.451,58.216,51.903,2.416
3,-4.301,221.803,2115.000,2.576,4.974,1.840,1.000,9.152,7.062,700.000,700.000,61.297,62.481,57.343,59.296,53.743,55.960,57.461,59.246,52.481,2.576
4,-4.747,256.245,2116.000,2.976,0.000,1.840,-0.000,0.000,0.000,-0.000,0.000,60.181,62.422,56.353,59.437,52.944,56.078,56.493,59.312,52.422,2.976
5,-5.110,341.660,2117.000,3.968,0.000,1.830,-0.000,0.000,6.983,-0.000,700.000,58.637,62.613,54.970,59.762,51.673,56.475,55.093,59.617,52.613,3.968
6,-5.437,427.075,2118.000,4.960,0.000,1.830,-0.000,0.000,0.000,-0.000,0.000,56.589,61.735,53.072,58.805,49.807,55.446,53.156,58.662,51.735,4.960
7,-5.260,402.277,2119.000,4.672,0.000,1.830,-0.000,0.000,0.000,-0.000,0.000,54.758,59.363,51.328,56.178,48.054,52.738,51.380,56.093,49.363,4.672
8,-3.187,394.011,2120.000,4.576,0.000,1.840,-0.000,0.000,0.000,-0.000,0.000,53.062,56.940,49.682,53.640,46.392,50.255,49.712,53.611,46.940,4.576
9,-0.595,377.479,2121.000,4.384,0.000,1.850,0.000,0.000,0.000,0.000,0.000,51.542,54.549,48.188,51.219,44.885,47.871,48.205,51.213,44.549,4.384
10,2.251,360.947,2122.000,4.192,0.000,1.860,-0.000,0.000,0.000,-0.000,0.000,50.083,52.251,46.744,48.918,43.430,45.584,46.752,48.918,42.251,4.192
11,3.796,345.793,2123.000,4.016,0.000,1.860,0.000,0.000,0.000,0.000,0.000,48.842,50.051,45.511,46.723,42.190,43.399,45.514,46.724,40.051,4.016
12,5.011,338.905,2124.000,3.936,7.573,1.880,1.000,14.236,14.986,700.000,700.000,57.223,55.116,51.587,49.241,47.488,45.491,52.099,49.949,45.116,3.936
13,5.955,345.793,2125.000,4.016,5.388,1.900,1.000,10.236,11.504,700.000,700.000,61.056,60.091,56.453,54.344,52.409,50.379,56.639,54.938,50.091,4.016
14,6.593,355.436,2126.000,4.128,3.872,1.900,1.000,7.356,8.973,700.000,700.000,62.788,61.922,59.503,57.912,55.951,54.245,59.414,58.026,51.922,4.128
15,6.814,369.213,2127.000,4.288,2.938,1.870,1.000,5.494,7.309,700.000,700.000,63.655,62.875,61.340,59.915,58.243,56.571,61.079,59.787,52.875,4.288
16,6.707,384.367,2128.000,4.464,2.284,1.830,1.000,4.179,6.285,700.000,700.000,64.179,63.388,62.556,61.006,59.859,57.833,62.198,60.742,53.388,4.464
17,6.426,395.389,2129.000,4.592,1.856,1.810,1.000,3.359,5.674,700.000,700.000,64.471,63.662,63.287,61.580,60.868,58.484,62.876,61.242,53.662,4.592
18,5.789,402.277,2130.000,4.672,1.655,1.780,1.000,2.946,5.313,700.000,700.000,64.619,63.806,63.674,61.875,61.377,58.813,63.223,61.498,53.806,4.672
19,3.664,398.144,2131.000,4.624,1.563,1.750,1.000,2.736,5.065,700.000,700.000,64.698,63.892,63.878,62.049,61.635,59.009,63.404,61.650,53.892,4.624
20,2.047,380.234,2132.000,4.416,1.531,1.730,1.000,2.649,0.000,700.000,0.000,64.736,63.013,63.975,60.745,61.741,57.350,63.484,60.369,53.013,4.416
21,2.024,337.527,2133.000,3.920,1.481,1.720,1.000,2.547,6.202,700.000,700.000,64.766,62.983,64.056,60.462,61.867,57.134,63.563,60.193,52.983,3.920
22,2.008,247.979,2134.000,2.880,0.000,1.700,0.000,0.000,5.001,0.000,700.000,64.583,63.770,63.559,61.719,60.771,58.752,62.971,61.414,53.770,2.880
23,1.625,205.271,2135.000,2.384,1.357,1.670,1.000,2.267,0.000,700.000,0.000,64.779,63.585,64.130,61.536,62.212,58.347,63.707,61.156,53.585,2.384
24,1.091,208.027,2136.000,2.416,0.000,1.650,0.000,0.000,0.000,0.000,0.000,64.630,62.699,63.716,60.222,61.160,56.669,63.169,59.864,52.699,2.416
25,1.030,213.537,2137.000,2.480,1.549,1.660,1.000,2.571,0.000,700.000,0.000,64.742,61.639,64.010,58.802,61.837,55.193,63.530,58.545,51.639,2.480
26,1.357,220.426,2138.000,2.560,0.000,1.670,0.000,0.000,6.712,0.000,700.000,64.381,62.471,63.141,59.629,60.161,56.305,62.561,59.468,52.471,2.560
27,1.592,234.202,2139.000,2.720,0.000,1.680,0.000,0.000,0.000,0.000,0.000,63.807,62.571,62.035,59.707,58.613,56.411,61.485,59.563,52.571,2.720
28,1.356,271.399,2140.000,3.152,0.000,1.670,0.000,0.000,6.424,0.000,700.000,62.832,62.893,60.518,60.230,56.907,57.008,60.086,60.044,52.893,3.152
29,0.980,360.947,2141.000,4.192,0.000,1.650,0.000,0.000,0.000,0.000,0.000,61.209,62.364,58.421,59.634,54.815,56.296,58.148,59.431,52.364,4.192
30,0.754,451.873,2142.000,5.248,0.000,1.640,0.000,0.000,0.000,0.000,0.000,58.435,60.046,55.314,56.950,51.816,53.470,55.189,56.822,50.046,5.248
31,0.786,425.697,2143.000,4.944,0.000,1.630,0.000,0.000,0.000,0.000,0.000,55.752,57.429,52.499,54.142,49.080,50.735,52.444,54.102,47.429,4.944
32,1.043,417.431,2144.000,4.848,0.000,1.650,0.000,0.000,0.000,0.000,0.000,53.349,54.814,50.047,51.481,46.671,48.130,50.022,51.475,44.814,4.848
33,1.902,399.522,2145.000,4.640,0.000,1.700,0.000,0.000,0.000,0.000,0.000,50.986,52.270,47.665,48.936,44.312,45.602,47.654,48.936,42.270,4.640
34,4.059,382.990,2146.000,4.448,0.000,1.750,0.000,0.000,0.000,0.000,0.000,48.780,49.834,45.453,46.504,42.111,43.173,45.448,46.504,39.834,4.448
35,6.127,366.458,2147.000,4.256,8.264,1.790,1.000,14.792,0.000,700.000,0.000,56.370,47.503,50.592,44.175,46.805,40.843,51.256,44.174,37.503,4.256
36,7.368,359.569,2148.000,4.176,6.250,1.810,1.000,11.313,16.650,700.000,700.000,59.927,53.511,54.883,47.044,51.085,43.233,55.299,47.930,43.511,4.176
37,8.220,366.458,2149.000,4.256,4.869,1.800,1.000,8.764,0.000,700.000,0.000,61.733,54.631,57.797,47.929,54.219,44.908,57.916,49.156,44.631,4.256
38,8.765,376.101,2150.000,4.368,3.959,1.750,1.000,6.927,14.024,700.000,700.000,62.828,56.820,59.814,50.730,56.479,47.408,59.707,51.653,46.820,4.368
39,8.989,391.256,2151.000,4.544,3.508,1.650,1.000,5.788,10.954,700.000,700.000,63.424,60.456,61.027,55.298,57.880,51.510,60.777,55.755,50.456,4.544
40,8.839,406.410,2152.000,4.720,3.259,1.610,1.000,5.246,8.808,700.000,700.000,63.694,61.942,61.618,58.161,58.547,54.633,61.286,58.245,51.942,4.720
41,8.322,418.809,2153.000,4.864,3.102,1.580,1.000,4.901,7.417,700.000,700.000,63.870,62.743,61.990,59.779,58.971,56.457,61.610,59.660,52.743,4.864
42,7.302,424.320,2154.000,4.928,3.192,1.550,1.000,4.948,6.533,700.000,700.000,63.855,63.200,61.978,60.695,58.913,57.481,61.582,60.458,53.200,4.928
43,4.537,421.564,2155.000,4.896,0.000,1.520,0.000,0.000,5.950,0.000,700.000,61.767,63.475,59.184,61.236,55.724,58.083,58.891,60.931,53.475,4.896
44,1.996,400.899,2156.000,4.656,0.000,1.510,0.000,0.000,5.486,0.000,700.000,59.251,63.678,56.257,61.626,52.772,58.528,56.093,61.277,53.678,4.656
45,1.245,356.814,2157.000,4.144,0.000,1.500,0.000,0.000,4.995,0.000,700.000,56.355,63.885,53.156,62.026,49.727,59.014,53.079,61.642,53.885,4.144
46,0.519,261.756,2158.000,3.040,0.000,1.520,0.000,0.000,4.248,0.000,700.000,54.452,64.168,51.184,62.604,47.791,59.793,51.142,62.188,54.168,3.040
47,-0.213,217.670,2159.000,2.528,7.132,1.550,1.000,11.055,0.000,700.000,0.000,59.392,63.902,54.991,62.158,51.402,59.014,55.262,61.691,53.902,2.528
48,-0.907,205.271,2160.000,2.384,0.000,1.570,-0.000,0.000,0.000,-0.000,0.000,57.072,63.100,53.088,60.818,49.813,57.206,53.324,60.375,53.100,2.384
49,-1.416,210.782,2161.000,2.448,0.000,1.580,-0.000,0.000,5.373,-0.000,700.000,55.034,63.435,51.328,61.214,48.122,58.003,51.495,60.884,53.435,2.448
50,-1.633,217.670,2162.000,2.528,0.000,1.580,0.000,0.000,0.000,0.000,0.000,53.147,63.369,49.614,61.111,46.395,57.896,49.719,60.792,53.369,2.528
51,-1.595,231.447,2163.000,2.688,7.527,1.580,1.000,11.893,5.311,700.000,700.000,58.803,63.556,54.016,61.425,50.371,58.321,54.397,61.101,53.556,2.688
52,-1.486,267.266,2164.000,3.104,0.000,1.580,0.000,0.000,0.000,0.000,0.000,56.348,63.299,52.134,61.067,48.895,57.822,52.459,60.729,53.299,3.104
53,-1.455,356.814,2165.000,4.144,0.000,1.600,-0.000,0.000,0.000,-0.000,0.000,53.152,61.757,49.421,58.996,46.249,55.433,49.607,58.729,51.757,4.144
54,-1.592,444.984,2166.000,5.168,8.043,1.610,1.000,12.950,0.000,700.000,0.000,57.537,59.433,52.464,56.273,49.071,52.770,53.024,56.159,49.433,5.168
55,-1.469,420.187,2167.000,4.880,0.000,1.620,-0.000,0.000,0.000,-0.000,0.000,53.561,56.817,49.462,53.502,46.362,50.109,49.795,53.476,46.817,4.880
56,0.501,411.921,2168.000,4.784,7.501,1.640,1.000,12.301,0.000,700.000,0.000,58.404,54.223,53.385,50.884,49.869,47.542,53.886,50.883,44.223,4.784
57,2.543,394.011,2169.000,4.576,0.000,1.670,-0.000,0.000,0.000,-0.000,0.000,55.573,51.712,51.305,48.377,48.160,45.047,51.679,48.379,41.712,4.576
58,5.535,377.479,2170.000,4.384,0.000,1.700,-0.000,0.000,0.000,-0.000,0.000,52.820,49.310,49.037,45.981,45.915,42.650,49.258,45.980,39.310,4.384
59,6.891,360.947,2171.000,4.192,7.162,1.730,1.000,12.390,0.000,700.000,0.000,58.366,47.014,53.354,43.686,49.760,40.354,53.827,43.685,37.014,4.192
60,7.974,354.059,2172.000,4.112,5.553,1.740,1.000,9.662,16.854,700.000,700.000,60.967,53.249,56.699,46.673,53.115,42.835,56.927,47.586,43.249,4.112
61,8.860,360.947,2173.000,4.192,4.365,1.750,1.000,7.639,12.859,700.000,700.000,62.365,59.165,59.011,52.601,55.604,48.490,58.993,53.419,49.165,4.192
62,9.505,370.591,2174.000,4.304,3.622,1.730,1.000,6.266,9.936,700.000,700.000,63.157,61.344,60.510,56.798,57.293,53.003,60.320,57.048,51.344,4.304
63,9.811,385.745,2175.000,4.480,3.091,1.700,1.000,5.254,8.006,700.000,700.000,63.685,62.490,61.571,59.172,58.537,55.735,61.264,59.133,52.490,4.480
64,9.747,400.899,2176.000,4.656,2.725,1.690,1.000,4.605,6.805,700.000,700.000,64.000,63.117,62.240,60.482,59.336,57.238,61.859,60.279,53.117,4.656
65,9.306,413.298,2177.000,4.800,2.552,1.690,1.000,4.312,6.085,700.000,700.000,64.146,63.456,62.561,61.183,59.696,58.028,62.134,60.889,53.456,4.800
66,8.301,418.809,2178.000,4.864,2.421,1.670,1.000,4.044,5.647,700.000,700.000,64.268,63.641,62.825,61.556,60.026,58.442,62.373,61.213,53.641,4.864
67,5.372,414.676,2179.000,4.816,2.567,1.650,1.000,4.236,5.349,700.000,700.000,64.208,63.754,62.696,61.779,59.789,58.692,62.231,61.408,53.754,4.816
68,2.640,395.389,2180.000,4.592,0.000,1.640,0.000,0.000,5.074,0.000,700.000,62.421,63.857,60.071,61.978,56.613,58.927,59.702,61.587,53.857,4.592
69,1.804,352.681,2181.000,4.096,3.625,1.630,1.000,5.908,0.000,700.000,0.000,63.211,63.063,60.919,60.804,57.733,57.420,60.621,60.429,53.063,4.096
70,1.040,259.000,2182.000,3.008,0.000,1.640,0.000,0.000,5.759,0.000,700.000,62.014,63.183,59.373,60.799,55.955,57.538,59.114,60.507,53.183,3.008
71,0.173,214.915,2183.000,2.496,3.426,1.640,1.000,5.619,0.000,700.000,0.000,63.336,63.094,61.115,60.650,58.089,57.392,60.846,60.378,53.094,2.496
72,-0.684,176.341,2184.000,2.048,2.746,1.630,1.000,4.477,0.000,700.000,0.000,63.979,62.156,62.257,59.427,59.494,55.930,61.910,59.171,52.156,2.048
73,-0.957,181.851,2185.000,2.112,0.000,1.620,0.000,0.000,0.000,0.000,0.000,63.060,61.194,60.878,58.243,57.594,54.712,60.511,58.050,51.194,2.112
74,-0.620,188.740,2186.000,2.192,0.000,1.620,0.000,0.000,0.000,0.000,0.000,61.935,60.133,59.360,57.019,55.879,53.517,59.058,56.890,50.133,2.192
75,-0.187,202.516,2187.000,2.352,3.609,1.620,1.000,5.847,0.000,700.000,0.000,63.209,58.960,60.915,55.739,57.808,52.288,60.644,55.662,48.960,2.352
76,0.065,238.335,2188.000,2.768,0.000,1.620,0.000,0.000,8.602,0.000,700.000,61.829,60.837,59.163,57.197,55.774,53.756,58.922,57.263,50.837,2.768
77,-0.224,318.240,2189.000,3.696,0.000,1.620,0.000,0.000,0.000,0.000,0.000,59.597,60.996,56.598,57.274,53.144,53.948,56.446,57.406,50.996,3.696
78,-0.536,396.766,2190.000,4.608,0.000,1.630,0.000,0.000,0.000,0.000,0.000,56.438,58.529,53.234,55.029,49.819,51.794,53.164,55.117,48.529,4.608
79,-0.704,374.724,2191.000,4.352,0.000,1.630,0.000,0.000,0.000,0.000,0.000,53.036,56.061,49.748,52.690,46.374,49.417,49.719,52.723,46.061,4.352
80,0.042,365.080,2192.000,4.240,7.640,1.640,1.000,12.530,0.000,700.000,0.000,57.983,53.742,53.099,50.412,49.588,47.100,53.556,50.418,43.742,4.240
81,2.137,345.793,2193.000,4.016,0.000,1.660,0.000,0.000,0.000,0.000,0.000,55.019,51.536,50.854,48.215,47.692,44.894,51.188,48.215,41.536,4.016
82,5.306,329.261,2194.000,3.824,0.000,1.670,0.000,0.000,0.000,0.000,0.000,52.247,49.442,48.519,46.124,45.374,42.805,48.713,46.124,39.442,3.824
83,6.973,314.107,2195.000,3.648,0.000,1.700,0.000,0.000,0.000,0.000,0.000,49.641,47.447,46.139,44.131,42.933,40.809,46.238,44.129,37.447,3.648
84,8.098,308.596,2196.000,3.584,8.310,1.730,1.000,14.375,0.000,700.000,0.000,56.658,45.511,51.003,42.194,47.317,38.870,51.660,42.192,35.511,3.584
85,8.978,315.484,2197.000,3.664,6.411,1.740,1.000,11.154,17.720,700.000,700.000,59.939,52.580,54.988,45.683,51.280,41.711,55.402,46.658,42.580,3.664
86,9.592,325.128,2198.000,3.776,5.075,1.730,1.000,8.779,13.320,700.000,700.000,61.659,59.127,57.738,52.218,54.201,47.888,57.866,53.078,49.127,3.776
87,9.799,338.905,2199.000,3.936,4.247,1.710,1.000,7.262,10.093,700.000,700.000,62.567,61.454,59.424,56.812,56.067,52.889,59.353,57.052,51.454,3.936
88,9.628,354.059,2200.000,4.112,0.000,1.690,-0.000,0.000,7.958,-0.000,700.000,59.999,62.644,56.758,59.370,53.389,55.910,56.716,59.308,52.644,4.112
89,9.191,365.080,2201.000,4.240,0.000,1.680,-0.000,0.000,6.612,-0.000,700.000,57.446,63.296,54.155,60.782,50.797,57.572,54.133,60.550,53.296,4.240
90,8.467,371.968,2202.000,4.320,5.799,1.670,1.000,9.685,5.779,700.000,700.000,60.377,63.661,56.497,61.559,53.087,58.472,56.654,61.231,53.661,4.320
91,6.806,370.591,2203.000,4.304,0.000,1.670,-0.000,0.000,5.242,-0.000,700.000,57.349,63.874,53.747,62.002,50.470,58.983,53.855,61.620,53.874,4.304
92,5.166,351.304,2204.000,4.080,0.000,1.670,-0.000,0.000,0.000,-0.000,0.000,54.339,63.119,50.892,60.893,47.617,57.524,50.949,60.512,53.119,4.080
93,4.637,312.729,2205.000,3.632,0.000,1.670,-0.000,0.000,0.000,-0.000,0.000,51.609,61.556,48.231,58.736,44.935,55.105,48.258,58.466,51.556,3.632
94,4.383,227.314,2206.000,2.640,7.564,1.690,1.000,12.783,0.000,700.000,0.000,58.107,60.092,53.026,56.965,49.276,53.419,53.469,56.825,50.092,2.640
95,4.205,184.607,2207.000,2.144,0.000,1.690,-0.000,0.000,0.000,-0.000,0.000,56.128,58.875,51.599,55.628,48.323,52.165,52.016,55.556,48.875,2.144
96,4.202,147.410,2208.000,1.712,-0.000,1.700,0.000,-0.000,0.000,0.000,0.000,54.398,57.865,50.289,54.570,47.165,51.157,50.617,54.531,47.865,1.712
97,4.355,154.298,2209.000,1.792,-0.000,1.710,0.000,-0.000,0.000,0.000,0.000,52.853,56.924,49.035,53.607,45.928,50.227,49.272,53.586,46.924,1.792
98,4.493,161.186,2210.000,1.872,0.000,1.720,0.000,0.000,9.601,0.000,700.000,51.444,59.900,47.819,55.828,44.678,52.267,47.980,55.998,49.900,1.872
99,4.635,177.718,2211.000,2.064,0.000,1.730,0.000,0.000,0.000,0.000,0.000,50.084,61.156,46.585,56.804,43.398,53.352,46.689,57.104,51.156,2.064
100,4.712,217.670,2212.000,2.528,0.000,1.750,0.000,0.000,0.000,0.000,0.000,48.645,59.590,45.228,55.571,41.995,52.399,45.290,55.853,49.590,2.528
101,4.770,293.442,2213.000,3.408,8.424,1.770,1.000,14.911,0.000,700.000,0.000,56.253,57.716,50.412,54.033,46.658,50.916,51.108,54.221,47.716,3.408
102,4.750,363.702,2214.000,4.224,0.000,1.770,0.000,0.000,0.000,0.000,0.000,52.273,55.485,47.714,52.042,44.618,48.849,48.202,52.125,45.485,4.224
103,4.728,344.415,2215.000,4.000,0.000,1.770,0.000,0.000,0.000,0.000,0.000,48.784,53.246,44.930,49.908,41.850,46.638,45.188,49.931,43.246,4.000
104,4.964,329.261,2216.000,3.824,8.550,1.780,1.000,15.219,0.000,700.000,0.000,55.891,51.153,49.892,47.840,46.280,44.536,50.687,47.843,41.153,3.824
105,5.481,307.218,2217.000,3.568,0.000,1.800,0.000,0.000,0.000,0.000,0.000,52.374,49.187,47.645,45.877,44.617,42.557,48.212,45.873,39.187,3.568
106,6.703,289.309,2218.000,3.360,0.000,1.820,0.000,0.000,0.000,0.000,0.000,49.286,47.341,45.308,44.029,42.292,40.702,45.629,44.024,37.341,3.360
107,8.643,274.155,2219.000,3.184,8.053,1.840,1.000,14.817,0.000,700.000,0.000,56.343,45.595,50.425,42.279,46.774,38.951,51.181,42.275,35.595,3.184
108,9.793,270.022,2220.000,3.136,6.123,1.850,1.000,11.327,0.000,700.000,0.000,59.939,43.901,54.849,40.583,51.068,37.254,55.285,40.580,33.901,3.136
109,10.409,276.910,2221.000,3.216,4.726,1.850,1.000,8.743,18.707,700.000,700.000,61.764,51.835,57.825,44.575,54.246,40.441,57.945,45.617,41.835,3.216
110,10.786,286.553,2222.000,3.328,3.830,1.840,1.000,7.048,13.857,700.000,700.000,62.744,59.096,59.681,51.793,56.331,47.185,59.585,52.691,49.096,3.328
111,10.821,301.708,2223.000,3.504,3.287,1.830,1.000,6.015,10.273,700.000,700.000,63.291,61.597,60.793,56.847,57.601,52.748,60.562,57.064,51.597,3.504
112,10.606,314.107,2224.000,3.648,2.983,1.820,1.000,5.428,7.884,700.000,700.000,63.595,62.836,61.429,59.625,58.323,56.131,61.115,59.531,52.836,3.648
113,9.958,327.883,2225.000,3.808,2.814,1.810,1.000,5.093,6.388,700.000,700.000,63.771,63.500,61.796,61.135,58.736,57.972,61.434,60.869,53.500,3.808
114,8.825,337.527,2226.000,3.920,2.999,1.800,1.000,5.397,5.478,700.000,700.000,63.608,63.861,61.522,61.941,58.361,58.938,61.164,61.580,53.861,3.920
115,6.873,336.149,2227.000,3.904,3.156,1.790,1.000,5.650,4.897,700.000,700.000,63.459,64.066,61.256,62.390,58.050,59.471,60.922,61.976,54.066,3.904
116,3.889,319.617,2228.000,3.712,3.223,1.780,1.000,5.737,0.000,700.000,0.000,63.405,63.453,61.153,61.418,57.943,58.095,60.834,60.989,53.453,3.712
117,2.743,281.043,2229.000,3.264,3.194,1.780,1.000,5.686,0.000,700.000,0.000,63.435,62.137,61.199,59.470,58.006,55.803,60.880,59.136,52.137,3.264
118,2.244,199.761,2230.000,2.320,2.730,1.770,1.000,4.833,0.000,700.000,0.000,63.880,60.891,62.017,57.869,59.056,54.260,61.651,57.673,50.891,2.320
119,2.200,157.053,2231.000,1.824,2.405,1.770,1.000,4.256,0.000,700.000,0.000,64.153,59.866,62.580,56.690,59.764,53.164,62.166,56.574,49.866,1.824
120,2.102,128.122,2232.000,1.488,2.190,1.760,1.000,3.855,7.568,700.000,700.000,64.329,61.662,62.967,58.379,60.259,54.988,62.518,58.343,51.662,1.488
121,1.825,135.011,2233.000,1.568,0.000,1.750,-0.000,0.000,0.000,-0.000,0.000,63.273,62.569,61.233,59.251,57.881,55.920,60.796,59.247,52.569,1.568
122,1.451,141.899,2234.000,1.648,2.688,1.760,1.000,4.732,0.000,700.000,0.000,63.883,61.702,62.121,58.384,59.180,55.052,61.728,58.379,51.702,1.648
123,0.953,159.809,2235.000,1.856,2.376,1.750,1.000,4.158,0.000,700.000,0.000,64.178,60.754,62.667,57.436,59.885,54.104,62.243,57.432,50.754,1.856
124,0.460,201.138,2236.000,2.336,2.333,1.750,1.000,4.082,0.000,700.000,0.000,64.249,59.613,62.797,56.294,59.979,52.961,62.341,56.290,49.613,2.336
125,-0.030,271.399,2237.000,3.152,0.000,1.740,-0.000,0.000,0.000,-0.000,0.000,62.264,58.106,59.904,54.786,56.460,51.455,59.543,54.782,48.106,3.152
126,-0.572,333.394,2238.000,3.872,4.060,1.730,1.000,7.024,0.000,700.000,0.000,62.450,56.184,59.696,52.863,56.360,49.537,59.502,52.861,46.184,3.872
127,-0.359,316.862,2239.000,3.680,0.000,1.730,-0.000,0.000,0.000,-0.000,0.000,59.203,54.166,56.112,50.846,52.697,47.524,56.004,50.845,44.166,3.680
128,3.056,300.330,2240.000,3.488,0.000,1.730,-0.000,0.000,0.000,-0.000,0.000,56.223,52.252,52.990,48.934,49.597,45.610,52.937,48.932,42.252,3.488
129,5.527,275.532,2241.000,3.200,0.000,1.740,-0.000,0.000,0.000,-0.000,0.000,53.295,50.470,50.001,47.153,46.635,43.827,49.977,47.150,40.470,3.200
130,8.572,257.623,2242.000,2.992,0.000,1.760,-0.000,0.000,0.000,-0.000,0.000,50.506,48.817,47.189,45.499,43.840,42.171,47.178,45.496,38.817,2.992
131,10.537,242.468,2243.000,2.816,0.000,1.780,-0.000,0.000,0.000,-0.000,0.000,47.926,47.265,44.600,43.946,41.260,40.617,44.595,43.942,37.265,2.816
132,11.864,239.713,2244.000,2.784,8.579,1.810,1.000,15.529,0.000,700.000,0.000,55.603,45.762,49.605,42.442,45.899,39.112,50.369,42.439,35.762,2.784
133,12.877,246.601,2245.000,2.864,6.644,1.820,1.000,12.092,17.366,700.000,700.000,59.214,53.075,53.861,46.263,50.127,42.150,54.401,47.163,43.075,2.864
134,13.651,256.245,2246.000,2.976,5.312,1.810,1.000,9.614,12.807,700.000,700.000,61.053,59.831,56.746,53.076,53.174,48.502,56.991,53.803,49.831,2.976
135,14.127,271.399,2247.000,3.152,4.581,1.760,1.000,8.062,0.000,700.000,0.000,62.014,59.647,58.497,54.415,55.083,50.613,58.531,54.892,49.647,3.152
136,14.261,283.798,2248.000,3.296,3.971,1.750,1.000,6.950,10.399,700.000,700.000,62.699,60.607,59.753,56.129,56.451,52.645,59.634,56.460,50.607,3.296
137,14.008,297.575,2249.000,3.456,3.719,1.730,1.000,6.434,8.040,700.000,700.000,62.987,62.605,60.339,59.195,57.086,55.715,60.137,59.172,52.605,3.456
138,13.179,308.596,2250.000,3.584,3.570,1.710,1.000,6.104,0.000,700.000,0.000,63.181,62.068,60.714,59.006,57.492,55.598,60.462,58.891,52.068,3.584
139,10.221,308.596,2251.000,3.584,3.570,1.690,1.000,6.034,7.642,700.000,700.000,63.218,62.379,60.806,59.406,57.578,56.100,60.534,59.295,52.379,3.584
140,7.256,292.064,2252.000,3.392,3.648,1.680,1.000,6.128,0.000,700.000,0.000,63.153,62.089,60.710,59.107,57.462,55.771,60.442,58.989,52.089,3.392
141,6.213,256.245,2253.000,2.976,3.642,1.670,1.000,6.083,0.000,700.000,0.000,63.184,60.529,60.757,57.389,57.518,53.970,60.486,57.296,50.529,2.976
142,5.515,179.096,2254.000,2.080,0.000,1.670,0.000,0.000,0.000,0.000,0.000,61.703,59.259,58.929,56.029,55.499,52.621,58.710,55.970,49.259,2.080
143,4.918,137.766,2255.000,1.600,0.000,1.670,0.000,0.000,0.000,0.000,0.000,60.044,58.302,57.029,55.032,53.569,51.643,56.881,54.993,48.302,1.600
144,4.389,97.814,2256.000,1.136,4.388,1.670,1.000,7.328,0.000,700.000,0.000,62.216,57.584,59.264,54.294,55.987,50.919,59.156,54.266,47.584,1.136
145,3.922,103.325,2257.000,1.200,3.579,1.670,1.000,5.977,9.269,700.000,700.000,63.214,60.498,60.765,56.682,57.648,53.169,60.542,56.783,50.498,1.200
146,3.555,108.835,2258.000,1.264,2.955,1.670,1.000,4.935,0.000,700.000,0.000,63.805,62.023,61.856,57.954,58.929,54.466,61.530,58.148,52.023,1.264
147,3.307,122.612,2259.000,1.424,2.611,1.660,1.000,4.335,0.000,700.000,0.000,64.108,61.148,62.485,57.215,59.668,53.901,62.087,57.421,51.148,1.424
148,3.148,155.676,2260.000,1.808,2.476,1.660,1.000,4.111,0.000,700.000,0.000,64.231,60.131,62.750,56.357,59.943,53.140,62.308,56.543,50.131,1.808
149,3.034,208.027,2261.000,2.416,0.000,1.660,-0.000,0.000,0.000,-0.000,0.000,62.330,58.854,59.978,55.249,56.545,52.062,59.618,55.388,48.854,2.416
150,2.932,252.112,2262.000,2.928,0.000,1.660,0.000,0.000,0.000,0.000,0.000,58.934,57.310,55.974,53.849,52.482,50.637,55.797,53.932,47.310,2.928
151,3.301,242.468,2263.000,2.816,0.000,1.660,-0.000,0.000,0.000,-0.000,0.000,55.468,55.728,52.267,52.354,48.839,49.098,52.191,52.393,45.728,2.816
152,5.224,230.069,2264.000,2.672,0.000,1.670,-0.000,0.000,0.000,-0.000,0.000,52.280,54.244,48.993,50.909,45.614,47.618,48.962,50.924,44.244,2.672
153,8.037,209.404,2265.000,2.432,0.000,1.710,-0.000,0.000,0.000,-0.000,0.000,49.707,52.878,46.393,49.557,43.037,46.246,46.379,49.560,42.878,2.432
154,11.466,195.628,2266.000,2.272,8.227,1.750,1.000,14.398,0.000,700.000,0.000,56.549,51.619,50.955,48.303,47.290,44.980,51.598,48.301,41.619,2.272
155,13.903,183.229,2267.000,2.128,0.000,1.790,-0.000,0.000,0.000,-0.000,0.000,53.053,50.442,48.549,47.126,45.442,43.797,49.015,47.122,40.442,2.128
156,15.407,180.474,2268.000,2.096,0.000,1.810,-0.000,0.000,0.000,-0.000,0.000,50.274,49.309,46.369,45.992,43.298,42.660,46.647,45.987,39.309,2.096
157,16.545,187.362,2269.000,2.176,7.867,1.810,1.000,14.239,0.000,700.000,0.000,56.766,48.158,51.089,44.840,47.486,41.508,51.780,44.835,38.158,2.176
158,17.381,194.250,2270.000,2.256,0.000,1.800,-0.000,0.000,15.931,-0.000,700.000,53.691,54.720,49.054,48.512,45.976,44.425,49.574,49.219,44.720,2.256
159,17.858,208.027,2271.000,2.416,0.000,1.790,-0.000,0.000,0.000,-0.000,0.000,50.575,57.344,46.642,50.203,43.593,46.586,46.937,51.378,47.344,2.416
160,17.915,216.293,2272.000,2.512,0.000,1.800,-0.000,0.000,0.000,-0.000,0.000,47.626,54.780,44.050,48.984,40.901,46.382,44.192,50.048,44.780,2.512
161,17.504,227.314,2273.000,2.640,8.814,1.810,1.000,15.953,0.000,700.000,0.000,55.119,52.609,48.958,47.928,45.377,45.441,49.818,48.659,42.609,2.640
162,16.244,236.958,2274.000,2.752,0.000,1.820,-0.000,0.000,0.000,-0.000,0.000,50.594,50.736,46.006,46.792,43.005,44.090,46.535,47.206,40.736,2.752
163,13.508,236.958,2275.000,2.752,8.143,1.820,1.000,14.821,0.000,700.000,0.000,56.087,49.075,50.181,45.532,46.770,42.574,51.013,45.727,39.075,2.752
164,11.191,224.559,2276.000,2.608,0.000,1.840,-0.000,0.000,0.000,-0.000,0.000,51.695,47.584,47.241,44.216,44.254,41.076,47.730,44.292,37.584,2.608
165,10.786,197.006,2277.000,2.288,0.000,1.850,-0.000,0.000,0.000,-0.000,0.000,48.095,46.272,44.319,42.966,41.251,39.722,44.555,42.987,36.272,2.288
166,10.258,137.766,2278.000,1.600,8.116,1.870,1.000,15.176,0.000,700.000,0.000,56.288,45.252,50.218,41.960,46.332,38.669,50.946,41.960,35.252,1.600
167,9.643,104.702,2279.000,1.216,5.959,1.890,1.000,11.263,0.000,700.000,0.000,60.232,44.508,55.124,41.218,51.146,37.906,55.501,41.211,34.508,1.216
168,,,,,4.375,1.900,1.000,8.312,,700.000,,62.199,,58.426,,54.776,,58.467,,,
169,,,,,3.311,1.890,1.000,6.257,,700.000,,63.276,,60.564,,57.303,,60.381,,,
170,,,,,2.651,1.840,1.000,4.877,,700.000,,63.896,,61.924,,59.001,,61.607,,,
171,,,,,0.000,1.800,-0.000,0.000,,-0.000,,62.897,,60.526,,57.199,,60.207,,,
172,,,,,0.000,1.780,-0.000,0.000,,-0.000,,61.378,,58.616,,55.139,,58.378,,,
173,,,,,0.000,1.770,-0.000,0.000,,-0.000,,58.788,,55.707,,52.243,,55.579,,,
174,,,,,0.000,1.780,-0.000,0.000,,-0.000,,55.379,,52.135,,48.730,,52.081,,,
175,,,,,0.000,1.790,-0.000,0.000,,-0.000,,51.908,,48.604,,45.239,,48.583,,,
176,,,,,0.000,1.810,-0.000,0.000,,-0.000,,49.008,,45.686,,42.339,,45.677,,,
177,,,,,8.222,1.820,1.000,14.965,,700.000,,55.987,,50.218,,46.593,,50.932,,,
178,,,,,0.000,1.830,-0.000,0.000,,-0.000,,52.365,,47.794,,44.727,,48.295,,,
179,,,,,7.204,1.840,1.000,13.256,,700.000,,57.738,,52.267,,48.694,,52.900,,,
180,,,,,5.631,1.850,1.000,10.417,,700.000,,60.433,,55.794,,52.187,,56.138,,,
181,,,,,4.457,1.860,1.000,8.290,,700.000,,61.945,,58.269,,54.803,,58.339,,,
182,,,,,3.810,1.850,1.000,7.049,,700.000,,62.667,,59.652,,56.329,,59.549,,,
183,,,,,3.356,1.840,1.000,6.175,,700.000,,63.170,,60.617,,57.404,,60.397,,,
184,,,,,3.180,1.810,1.000,5.756,,700.000,,63.401,,61.090,,57.920,,60.804,,,
185,,,,,3.068,1.800,1.000,5.523,,700.000,,63.532,,61.355,,58.207,,61.031,,,
186,,,,,3.123,1.790,1.000,5.591,,700.000,,63.493,,61.302,,58.123,,60.972,,,
187,,,,,3.184,1.780,1.000,5.667,,700.000,,63.447,,61.225,,58.030,,60.901,,,
188,,,,,0.000,1.770,0.000,0.000,,0.000,,60.605,,57.770,,54.318,,57.564,,,
189,,,,,4.435,1.770,1.000,7.850,,700.000,,61.811,,58.686,,55.344,,58.614,,,
190,,,,,3.621,1.760,1.000,6.373,,700.000,,62.976,,60.343,,57.160,,60.160,,,
191,,,,,2.948,1.750,1.000,5.159,,700.000,,63.690,,61.621,,58.654,,61.322,,,
192,,,,,2.445,1.750,1.000,4.278,,700.000,,64.116,,62.497,,59.738,,62.117,,,
193,,,,,0.000,1.740,0.000,0.000,,0.000,,63.186,,61.056,,57.751,,60.664,,,
194,,,,,2.784,1.730,1.000,4.816,,700.000,,63.834,,62.016,,59.076,,61.642,,,
195,,,,,2.390,1.730,1.000,4.135,,700.000,,64.178,,62.666,,59.914,,62.253,,,
196,,,,,0.000,1.720,0.000,0.000,,0.000,,63.029,,60.878,,57.523,,60.477,,,
197,,,,,0.000,1.710,0.000,0.000,,0.000,,61.144,,58.432,,54.912,,58.163,,,
198,,,,,0.000,1.710,0.000,0.000,,0.000,,58.046,,54.954,,51.479,,54.826,,,
199,,,,,0.000,1.700,0.000,0.000,,0.000,,54.791,,51.543,,48.135,,51.490,,,
200,,,,,0.000,1.700,0.000,0.000,,0.000,,52.123,,48.822,,45.452,,48.799,,,
201,,,,,0.000,1.710,0.000,0.000,,0.000,,49.438,,46.118,,42.768,,46.108,,,
202,,,,,8.278,1.750,1.000,14.486,,700.000,,56.534,,50.891,,47.182,,51.536,,,
203,,,,,6.311,1.780,1.000,11.233,,700.000,,59.878,,54.902,,51.183,,55.321,,,
204,,,,,4.881,1.790,1.000,8.738,,700.000,,61.717,,57.803,,54.252,,57.924,,,
205,,,,,3.964,1.780,1.000,7.056,,700.000,,62.724,,59.663,,56.320,,59.569,,,
206,,,,,3.422,1.750,1.000,5.988,,700.000,,63.303,,60.817,,57.634,,60.585,,,
207,,,,,3.051,1.700,1.000,5.187,,700.000,,63.718,,61.657,,58.619,,61.332,,,
208,,,,,2.864,1.660,1.000,4.754,,700.000,,63.938,,62.122,,59.152,,61.737,,,
209,,,,,2.771,1.630,1.000,4.516,,700.000,,64.059,,62.380,,59.445,,61.961,,,
210,,,,,0.000,1.610,0.000,0.000,,0.000,,62.206,,59.767,,56.324,,59.432,,,
211,,,,,3.980,1.600,1.000,6.368,,700.000,,62.918,,60.420,,57.167,,60.168,,,
212,,,,,3.664,1.600,1.000,5.862,,700.000,,63.300,,60.967,,57.790,,60.686,,,
213,,,,,3.428,1.590,1.000,5.451,,700.000,,63.560,,61.415,,58.295,,61.090,,,
214,,,,,2.840,1.580,1.000,4.488,,700.000,,64.031,,62.323,,59.480,,61.945,,,
215,,,,,2.370,1.550,1.000,3.674,,700.000,,64.360,,63.049,,60.481,,62.630,,,
216,,,,,-0.000,1.520,0.000,-0.000,,0.000,,63.717,,61.911,,58.711,,61.446,,,
217,,,,,0.000,1.500,0.000,0.000,,0.000,,62.959,,60.731,,57.258,,60.316,,,
218,,,,,0.000,1.500,0.000,0.000,,0.000,,62.040,,59.463,,55.893,,59.132,,,
219,,,,,0.000,1.510,0.000,0.000,,0.000,,60.883,,58.022,,54.455,,57.787,,,
220,,,,,0.000,1.530,0.000,0.000,,0.000,,59.443,,56.376,,52.860,,56.226,,,
221,,,,,0.000,1.540,0.000,0.000,,0.000,,57.311,,54.096,,50.652,,54.020,,,
222,,,,,0.000,1.540,0.000,0.000,,0.000,,54.169,,50.874,,47.491,,50.845,,,
223,,,,,7.676,1.550,1.000,11.898,,700.000,,58.494,,53.841,,50.365,,54.234,,,
224,,,,,0.000,1.560,0.000,0.000,,0.000,,55.384,,51.375,,48.192,,51.650,,,
225,,,,,7.003,1.580,1.000,11.064,,700.000,,59.439,,54.881,,51.391,,55.237,,,
226,,,,,5.542,1.600,1.000,8.867,,700.000,,61.431,,57.558,,54.094,,57.694,,,
227,,,,,0.000,1.610,0.000,0.000,,0.000,,59.129,,55.480,,52.178,,55.595,,,
228,,,,,5.187,1.620,1.000,8.402,,700.000,,61.529,,58.022,,54.665,,58.072,,,
229,,,,,4.162,1.620,1.000,6.742,,700.000,,62.800,,59.943,,56.707,,59.817,,,
230,,,,,3.540,1.610,1.000,5.699,,700.000,,63.429,,61.097,,57.990,,60.839,,,
231,,,,,3.118,1.570,1.000,4.895,,700.000,,63.852,,61.937,,58.979,,61.589,,,
232,,,,,2.914,1.570,1.000,4.575,,700.000,,64.022,,62.302,,59.372,,61.899,,,
233,,,,,2.905,1.570,1.000,4.561,,700.000,,64.046,,62.359,,59.390,,61.932,,,
234,,,,,0.000,1.570,-0.000,0.000,,-0.000,,62.044,,59.567,,56.111,,59.241,,,
235,,,,,0.000,1.560,-0.000,0.000,,-0.000,,59.724,,56.795,,53.292,,56.604,,,
236,,,,,0.000,1.560,-0.000,0.000,,-0.000,,57.117,,53.955,,50.506,,53.859,,,
237,,,,,0.000,1.560,-0.000,0.000,,-0.000,,54.478,,51.213,,47.815,,51.169,,,
238,,,,,0.000,1.570,-0.000,0.000,,-0.000,,52.984,,49.688,,46.314,,49.662,,,
239,,,,,7.431,1.570,1.000,11.666,,700.000,,59.054,,54.402,,50.650,,54.702,,,
240,,,,,-0.000,1.570,0.000,-0.000,,0.000,,57.453,,53.153,,49.787,,53.464,,,
241,,,,,-0.000,1.580,0.000,-0.000,,0.000,,56.024,,52.014,,48.804,,52.280,,,
242,,,,,0.000,1.580,-0.000,0.000,,-0.000,,54.675,,50.890,,47.724,,51.096,,,
243,,,,,6.751,1.590,1.000,10.735,,700.000,,59.852,,55.420,,51.796,,55.689,,,
244,,,,,0.000,1.590,0.000,0.000,,0.000,,58.189,,54.081,,50.761,,54.344,,,
245,,,,,0.000,1.590,0.000,0.000,,0.000,,55.934,,52.166,,48.959,,52.353,,,
246,,,,,6.820,1.610,1.000,10.979,,700.000,,59.343,,54.906,,51.495,,55.248,,,
247,,,,,0.000,1.620,-0.000,0.000,,-0.000,,56.323,,52.432,,49.239,,52.665,,,
248,,,,,0.000,1.640,-0.000,0.000,,-0.000,,53.874,,50.267,,47.073,,50.405,,,
249,,,,,0.000,1.660,0.000,0.000,,0.000,,51.691,,48.231,,44.996,,48.306,,,
250,,,,,0.000,1.700,-0.000,0.000,,-0.000,,49.826,,46.436,,43.166,,46.476,,,
251,,,,,8.069,1.740,1.000,14.040,,700.000,,57.044,,51.508,,47.730,,52.094,,,
252,,,,,-0.000,1.760,0.000,-0.000,,0.000,,54.526,,49.810,,46.619,,50.318,,,
253,,,,,0.000,1.770,-0.000,0.000,,-0.000,,52.257,,48.133,,45.076,,48.489,,,
254,,,,,0.000,1.790,-0.000,0.000,,-0.000,,50.422,,46.641,,43.559,,46.874,,,
255,,,,,-0.000,1.790,-0.000,-0.000,,-0.000,,48.522,,44.963,,41.811,,45.098,,,
256,,,,,8.294,1.800,1.000,14.929,,700.000,,56.346,,50.442,,46.636,,51.141,,,
257,,,,,0.000,1.810,-0.000,0.000,,-0.000,,53.235,,48.427,,45.304,,48.989,,,
258,,,,,6.998,1.820,1.000,12.736,,700.000,,58.302,,52.948,,49.334,,53.528,,,
259,,,,,5.491,1.820,1.000,9.993,,700.000,,60.763,,56.304,,52.708,,56.592,,,
260,,,,,4.446,1.820,1.000,8.093,,700.000,,62.047,,58.484,,55.046,,58.525,,,
261,,,,,3.613,1.820,1.000,6.576,,700.000,,62.977,,60.169,,56.911,,60.019,,,
262,,,,,0.000,1.810,-0.000,0.000,,-0.000,,61.726,,58.753,,55.381,,58.620,,,
263,,,,,3.329,1.800,1.000,5.993,,700.000,,63.156,,60.714,,57.629,,60.500,,,
264,,,,,2.615,1.790,1.000,4.681,,700.000,,63.893,,62.047,,59.242,,61.727,,,
265,,,,,2.122,1.780,1.000,3.777,,700.000,,64.298,,62.913,,60.354,,62.522,,,
266,,,,,0.000,1.770,-0.000,0.000,,-0.000,,63.562,,61.669,,58.460,,61.230,,,
267,,,,,2.402,1.760,1.000,4.227,,700.000,,64.109,,62.570,,59.801,,62.160,,,
268,,,,,0.000,1.760,-0.000,0.000,,-0.000,,63.200,,61.121,,57.800,,60.707,,,
269,,,,,0.000,1.750,-0.000,0.000,,-0.000,,61.538,,58.903,,55.383,,58.608,,,
270,,,,,0.000,1.750,-0.000,0.000,,-0.000,,58.941,,55.911,,52.415,,55.756,,,
271,,,,,0.000,1.740,-0.000,0.000,,-0.000,,56.242,,53.031,,49.600,,52.957,,,
272,,,,,0.000,1.740,-0.000,0.000,,-0.000,,53.853,,50.570,,47.184,,50.536,,,
273,,,,,0.000,1.750,-0.000,0.000,,-0.000,,51.550,,48.238,,44.878,,48.222,,,
274,,,,,0.000,1.770,-0.000,0.000,,-0.000,,49.507,,46.185,,42.838,,46.177,,,
275,,,,,0.000,1.800,-0.000,0.000,,-0.000,,47.463,,44.136,,40.797,,44.132,,,
276,,,,,8.511,1.820,1.000,15.490,,700.000,,55.933,,49.873,,45.947,,50.584,,,
277,,,,,0.000,1.810,-0.000,0.000,,-0.000,,52.890,,47.940,,44.787,,48.539,,,
278,,,,,0.000,1.820,-0.000,0.000,,-0.000,,50.303,,46.095,,43.084,,46.494,,,
279,,,,,0.000,1.820,-0.000,0.000,,-0.000,,48.043,,44.265,,41.201,,44.503,,,
280,,,,,8.433,1.830,1.000,15.433,,700.000,,55.871,,49.757,,46.016,,50.548,,,
281,,,,,0.000,1.850,-0.000,0.000,,-0.000,,52.559,,47.683,,44.621,,48.288,,,
282,,,,,7.207,1.850,1.000,13.333,,700.000,,57.717,,52.161,,48.600,,52.826,,,
283,,,,,5.721,1.850,1.000,10.584,,700.000,,60.271,,55.564,,51.981,,55.939,,,
284,,,,,0.000,1.840,-0.000,0.000,,-0.000,,56.891,,52.870,,49.660,,53.140,,,
285,,,,,5.578,1.840,1.000,10.264,,700.000,,60.064,,55.804,,52.374,,56.081,,,
286,,,,,4.322,1.840,1.000,7.953,,700.000,,62.087,,58.612,,55.217,,58.639,,,
287,,,,,0.000,1.830,-0.000,0.000,,-0.000,,60.587,,57.155,,53.814,,57.186,,,
288,,,,,0.000,1.830,0.000,0.000,,0.000,,58.831,,55.440,,52.119,,55.464,,,
289,,,,,-0.000,1.830,0.000,-0.000,,0.000,,57.036,,53.673,,50.355,,53.688,,,
290,,,,,0.000,1.840,0.000,0.000,,0.000,,55.141,,51.796,,48.475,,51.804,,,
291,,,,,0.000,1.840,0.000,0.000,,0.000,,53.307,,49.971,,46.646,,49.974,,,
292,,,,,0.000,1.840,0.000,0.000,,0.000,,51.259,,47.929,,44.600,,47.930,,,
293,,,,,0.000,1.840,0.000,0.000,,0.000,,48.192,,44.863,,41.531,,44.862,,,
294,,,,,8.600,1.860,1.000,15.997,,700.000,,54.722,,48.742,,45.323,,49.596,,,
295,,,,,0.000,1.880,0.000,0.000,,0.000,,49.874,,45.462,,42.473,,45.936,,,
296,,,,,0.000,1.900,0.000,0.000,,0.000,,46.235,,42.482,,39.406,,42.708,,,
297,,,,,8.845,1.910,1.000,16.894,,700.000,,54.331,,47.806,,44.219,,48.786,,,
298,,,,,0.000,1.920,0.000,0.000,,0.000,,50.160,,45.291,,42.349,,45.933,,,
299,,,,,0.000,1.930,0.000,0.000,,0.000,,46.679,,42.693,,39.710,,43.027,,,
300,,,,,8.576,1.930,1.000,16.553,,700.000,,54.802,,48.292,,44.639,,49.244,,,
301,,,,,6.763,1.930,1.000,13.053,,700.000,,58.373,,52.608,,48.945,,53.309,,,
302,,,,,5.371,1.930,1.000,10.366,,700.000,,60.503,,55.837,,52.249,,56.197,,,
303,,,,,4.376,1.930,1.000,8.446,,700.000,,61.801,,58.065,,54.610,,58.159,,,
304,,,,,3.886,1.930,1.000,7.499,,700.000,,62.321,,59.124,,55.775,,59.073,,,
305,,,,,3.522,1.930,1.000,6.797,,700.000,,62.753,,59.923,,56.639,,59.772,,,
306,,,,,3.268,1.930,1.000,6.307,,700.000,,63.056,,60.480,,57.242,,60.260,,,
307,,,,,3.285,1.930,1.000,6.340,,700.000,,63.017,,60.463,,57.202,,60.227,,,
308,,,,,3.402,1.900,1.000,6.464,,700.000,,62.926,,60.327,,57.049,,60.100,,,
309,,,,,3.518,1.880,1.000,6.614,,700.000,,62.819,,60.156,,56.865,,59.946,,,
310,,,,,3.053,1.850,1.000,5.648,,700.000,,63.438,,61.170,,58.053,,60.887,,,
311,,,,,2.557,1.840,1.000,4.705,,700.000,,63.930,,62.109,,59.213,,61.750,,,
312,,,,,2.308,1.830,1.000,4.224,,700.000,,64.167,,62.610,,59.804,,62.194,,,
313,,,,,2.140,1.830,1.000,3.917,,700.000,,64.310,,62.924,,60.182,,62.472,,,
314,,,,,2.012,1.830,1.000,3.682,,700.000,,64.410,,63.150,,60.471,,62.677,,,
315,,,,,2.011,1.820,1.000,3.661,,700.000,,64.434,,63.199,,60.497,,62.710,,,
316,,,,,2.135,1.820,1.000,3.885,,700.000,,64.365,,63.035,,60.221,,62.540,,,
317,,,,,2.597,1.810,1.000,4.700,,700.000,,64.008,,62.297,,59.218,,61.841,,,
318,,,,,3.422,1.790,1.000,6.125,,700.000,,63.133,,60.766,,57.466,,60.455,,,
319,,,,,3.722,1.790,1.000,6.663,,700.000,,62.768,,60.120,,56.804,,59.897,,,
320,,,,,0.000,1.780,-0.000,0.000,,-0.000,,59.622,,56.581,,53.156,,56.453,,,
321,,,,,0.000,1.780,-0.000,0.000,,-0.000,,55.970,,52.742,,49.345,,52.686,,,
322,,,,,0.000,1.790,-0.000,0.000,,-0.000,,52.400,,49.103,,45.738,,49.080,,,
323,,,,,7.235,1.810,1.000,13.095,,700.000,,57.430,,52.372,,48.893,,52.898,,,
324,,,,,6.031,1.810,1.000,10.917,,700.000,,59.703,,55.035,,51.572,,55.437,,,
325,,,,,5.093,1.810,1.000,9.219,,700.000,,61.087,,57.084,,53.660,,57.277,,,
326,,,,,4.413,1.780,1.000,7.855,,700.000,,62.079,,58.699,,55.338,,58.705,,,
327,,,,,4.145,1.730,1.000,7.171,,700.000,,62.497,,59.491,,56.180,,59.389,,,
328,,,,,4.082,1.690,1.000,6.899,,700.000,,62.648,,59.810,,56.514,,59.657,,,
329,,,,,4.129,1.670,1.000,6.896,,700.000,,62.628,,59.819,,56.518,,59.655,,,
330,,,,,4.154,1.660,1.000,6.896,,700.000,,62.623,,59.819,,56.517,,59.653,,,
331,,,,,4.309,1.640,1.000,7.066,,700.000,,62.489,,59.622,,56.308,,59.473,,,
332,,,,,0.000,1.620,0.000,0.000,,0.000,,58.034,,54.864,,51.477,,54.791,,,
333,,,,,6.329,1.620,1.000,10.252,,700.000,,59.727,,55.733,,52.389,,55.950,,,
334,,,,,0.000,1.620,0.000,0.000,,0.000,,56.774,,53.120,,49.883,,53.259,,,
335,,,,,6.221,1.620,1.000,10.078,,700.000,,60.148,,56.032,,52.603,,56.261,,,
336,,,,,5.110,1.610,1.000,8.228,,700.000,,61.812,,58.271,,54.879,,58.321,,,
337,,,,,4.290,1.610,1.000,6.907,,700.000,,62.719,,59.787,,56.504,,59.670,,,
338,,,,,0.000,1.610,-0.000,0.000,,-0.000,,60.607,,57.498,,54.124,,57.410,,,
339,,,,,0.000,1.610,-0.000,0.000,,-0.000,,58.316,,55.096,,51.714,,55.042,,,
340,,,,,0.000,1.610,-0.000,0.000,,-0.000,,55.180,,51.892,,48.528,,51.867,,,
341,,,,,7.437,1.620,1.000,12.048,,700.000,,58.117,,53.516,,50.180,,53.938,,,
342,,,,,0.000,1.640,-0.000,0.000,,-0.000,,51.823,,48.113,,44.925,,48.287,,,
343,,,,,8.903,1.660,1.000,14.780,,700.000,,55.432,,50.002,,46.820,,50.752,,,
344,,,,,0.000,1.700,-0.000,0.000,,-0.000,,49.825,,45.790,,42.755,,46.124,,,
345,,,,,9.030,1.730,1.000,15.622,,700.000,,54.903,,49.021,,45.784,,49.903,,,
346,,,,,0.000,1.780,-0.000,0.000,,-0.000,,49.360,,45.125,,42.145,,45.544,,,
347,,,,,8.699,1.830,1.000,15.919,,700.000,,54.694,,48.658,,45.418,,49.590,,,
348,,,,,7.008,1.870,1.000,13.104,,700.000,,57.918,,52.310,,48.881,,53.036,,,
349,,,,,5.993,1.870,1.000,11.208,,700.000,,59.438,,54.605,,51.214,,55.086,,,
350,,,,,5.190,1.860,1.000,9.653,,700.000,,60.698,,56.522,,53.126,,56.782,,,
351,,,,,4.841,1.820,1.000,8.810,,700.000,,61.259,,57.523,,54.164,,57.649,,,
352,,,,,4.697,1.800,1.000,8.455,,700.000,,61.463,,57.940,,54.600,,58.001,,,
353,,,,,4.671,1.790,1.000,8.360,,700.000,,61.496,,58.050,,54.716,,58.087,,,
354,,,,,0.000,1.780,0.000,0.000,,0.000,,56.866,,53.496,,50.177,,53.513,,,
355,,,,,6.485,1.780,1.000,11.543,,700.000,,58.474,,54.079,,50.801,,54.451,,,
356,,,,,0.000,1.780,0.000,0.000,,0.000,,52.902,,49.234,,46.041,,49.393,,,
357,,,,,7.933,1.780,1.000,14.120,,700.000,,56.048,,50.827,,47.632,,51.502,,,
358,,,,,6.554,1.780,1.000,11.666,,700.000,,59.074,,54.091,,50.650,,54.605,,,
359,,,,,5.358,1.790,1.000,9.590,,700.000,,60.876,,56.663,,53.203,,56.914,,,
360,,,,,4.569,1.800,1.000,8.224,,700.000,,61.825,,58.269,,54.884,,58.326,,,
361,,,,,4.010,1.790,1.000,7.178,,700.000,,62.522,,59.481,,56.170,,59.391,,,
362,,,,,3.723,1.770,1.000,6.590,,700.000,,62.881,,60.157,,56.894,,59.977,,,
363,,,,,3.466,1.750,1.000,6.066,,700.000,,63.206,,60.746,,57.539,,60.497,,,
364,,,,,3.433,1.730,1.000,5.940,,700.000,,63.279,,60.905,,57.694,,60.626,,,
365,,,,,3.974,1.700,1.000,6.756,,700.000,,62.694,,60.001,,56.690,,59.795,,,
366,,,,,0.000,1.680,0.000,0.000,,0.000,,56.787,,53.635,,50.236,,53.552,,,
367,,,,,0.000,1.690,0.000,0.000,,0.000,,50.892,,47.605,,44.240,,47.579,,,
368,,,,,8.605,1.720,1.000,14.801,,700.000,,55.544,,50.088,,46.793,,50.809,,,
369,,,,,0.000,1.750,0.000,0.000,,0.000,,50.307,,46.205,,43.159,,46.557,,,
370,,,,,8.475,1.790,1.000,15.171,,700.000,,55.440,,49.632,,46.339,,50.470,,,
371,,,,,6.980,1.820,1.000,12.703,,700.000,,58.154,,52.766,,49.375,,53.432,,,
372,,,,,5.889,1.830,1.000,10.778,,700.000,,59.821,,55.152,,51.743,,55.572,,,
373,,,,,5.092,1.830,1.000,9.319,,700.000,,60.959,,56.932,,53.538,,57.143,,,
374,,,,,4.601,1.810,1.000,8.327,,700.000,,61.665,,58.117,,54.757,,58.180,,,
375,,,,,4.469,1.760,1.000,7.865,,700.000,,61.950,,58.662,,55.325,,58.646,,,
376,,,,,4.445,1.740,1.000,7.733,,700.000,,62.008,,58.818,,55.487,,58.771,,,
377,,,,,4.564,1.720,1.000,7.850,,700.000,,61.888,,58.676,,55.345,,58.636,,,
378,,,,,4.790,1.710,1.000,8.191,,700.000,,61.585,,58.256,,54.924,,58.255,,,
379,,,,,5.080,1.690,1.000,8.585,,700.000,,61.241,,57.767,,54.440,,57.816,,,
380,,,,,0.000,1.670,0.000,0.000,,0.000,,55.844,,52.469,,49.154,,52.489,,,
381,,,,,7.128,1.680,1.000,11.974,,700.000,,58.114,,53.560,,50.271,,53.982,,,
382,,,,,0.000,1.690,0.000,0.000,,0.000,,54.487,,50.619,,47.476,,50.860,,,
383,,,,,0.000,1.710,0.000,0.000,,0.000,,51.773,,48.202,,45.018,,48.331,,,
384,,,,,7.622,1.730,1.000,13.186,,700.000,,57.565,,52.347,,48.781,,52.898,,,
385,,,,,5.927,1.740,1.000,10.313,,700.000,,60.480,,55.929,,52.315,,56.241,,,
386,,,,,4.910,1.740,1.000,8.543,,700.000,,61.685,,57.943,,54.492,,58.040,,,
387,,,,,4.217,1.740,1.000,7.338,,700.000,,62.448,,59.312,,55.974,,59.245,,,
388,,,,,4.004,1.730,1.000,6.928,,700.000,,62.652,,59.779,,56.478,,59.636,,,
389,,,,,4.284,1.730,1.000,7.412,,700.000,,62.219,,59.212,,55.883,,59.104,,,
390,,,,,5.024,1.720,1.000,8.642,,700.000,,61.119,,57.695,,54.370,,57.728,,,
391,,,,,0.000,1.710,-0.000,0.000,,-0.000,,54.884,,51.528,,48.206,,51.539,,,
392,,,,,0.000,1.720,-0.000,0.000,,-0.000,,49.707,,46.370,,43.042,,46.373,,,
393,,,,,8.807,1.750,1.000,15.413,,700.000,,55.046,,49.353,,46.041,,50.147,,,
394,,,,,7.267,1.790,1.000,13.008,,700.000,,57.806,,52.366,,48.999,,53.057,,,
395,,,,,6.180,1.800,1.000,11.124,,700.000,,59.484,,54.704,,51.317,,55.169,,,
396,,,,,5.363,1.790,1.000,9.599,,700.000,,60.731,,56.586,,53.192,,56.836,,,
397,,,,,4.887,1.750,1.000,8.552,,700.000,,61.496,,57.846,,54.481,,57.941,,,
398,,,,,4.508,1.720,1.000,7.753,,700.000,,62.068,,58.798,,55.463,,58.776,,,
399,,,,,4.292,1.690,1.000,7.254,,700.000,,62.404,,59.388,,56.077,,59.290,,,
400,,,,,4.409,1.670,1.000,7.363,,700.000,,62.278,,59.265,,55.943,,59.162,,,
401,,,,,4.550,1.650,1.000,7.507,,700.000,,62.154,,59.093,,55.766,,59.005,,,
402,,,,,4.748,1.650,1.000,7.834,,700.000,,61.879,,58.696,,55.363,,58.646,,,
403,,,,,5.128,1.640,1.000,8.410,,700.000,,61.376,,57.986,,54.656,,58.006,,,
404,,,,,5.418,1.630,1.000,8.831,,700.000,,61.020,,57.458,,54.137,,57.538,,,
405,,,,,5.300,1.630,1.000,8.639,,700.000,,61.248,,57.703,,54.373,,57.775,,,
406,,,,,4.637,1.620,1.000,7.513,,700.000,,62.229,,59.070,,55.759,,59.019,,,
407,,,,,4.153,1.610,1.000,6.687,,700.000,,62.811,,60.033,,56.775,,59.873,,,
408,,,,,3.791,1.580,1.000,5.989,,700.000,,63.253,,60.816,,57.633,,60.567,,,
409,,,,,3.522,1.560,1.000,5.495,,700.000,,63.543,,61.361,,58.241,,61.048,,,
410,,,,,3.382,1.530,1.000,5.174,,700.000,,63.723,,61.713,,58.636,,61.357,,,
411,,,,,3.342,1.520,1.000,5.080,,700.000,,63.780,,61.832,,58.751,,61.454,,,
412,,,,,3.397,1.510,1.000,5.129,,700.000,,63.759,,61.798,,58.691,,61.416,,,
413,,,,,0.000,1.510,0.000,0.000,,0.000,,60.489,,57.717,,54.256,,57.488,,,
414,,,,,6.171,1.500,1.000,9.256,,700.000,,60.529,,56.957,,53.615,,57.033,,,
415,,,,,0.000,1.490,0.000,0.000,,0.000,,55.350,,51.940,,48.634,,51.975,,,
416,,,,,7.923,1.520,1.000,12.043,,700.000,,58.118,,53.502,,50.186,,53.935,,,
417,,,,,0.000,1.570,0.000,0.000,,0.000,,53.608,,49.784,,46.629,,50.007,,,
418,,,,,7.667,1.650,1.000,12.651,,700.000,,57.837,,52.837,,49.439,,53.371,,,
419,,,,,6.371,1.690,1.000,10.767,,700.000,,59.755,,55.168,,51.756,,55.560,,,
420,,,,,5.379,1.710,1.000,9.197,,700.000,,61.065,,57.090,,53.687,,57.280,,,
421,,,,,4.733,1.700,1.000,8.046,,700.000,,61.903,,58.462,,55.103,,58.489,,,
422,,,,,4.401,1.660,1.000,7.306,,700.000,,62.396,,59.329,,56.013,,59.246,,,
423,,,,,4.294,1.580,1.000,6.785,,700.000,,62.738,,59.935,,56.655,,59.776,,,
424,,,,,4.407,1.540,1.000,6.787,,700.000,,62.709,,59.945,,56.652,,59.769,,,
425,,,,,0.000,1.520,-0.000,0.000,,-0.000,,59.359,,56.266,,52.864,,56.163,,,
426,,,,,6.095,1.520,1.000,9.265,,700.000,,60.617,,56.956,,53.604,,57.059,,,
427,,,,,5.731,1.520,1.000,8.711,,700.000,,61.221,,57.627,,54.285,,57.711,,,
428,,,,,5.533,1.520,1.000,8.410,,700.000,,61.470,,57.992,,54.655,,58.039,,,
429,,,,,5.377,1.520,1.000,8.174,,700.000,,61.656,,58.280,,54.946,,58.294,,,
430,,,,,4.476,1.520,1.000,6.803,,700.000,,62.735,,59.879,,56.632,,59.749,,,
431,,,,,3.778,1.520,1.000,5.743,,700.000,,63.397,,61.049,,57.936,,60.794,,,
432,,,,,3.163,1.520,1.000,4.808,,700.000,,63.886,,62.006,,59.086,,61.659,,,
433,,,,,2.760,1.510,1.000,4.167,,700.000,,64.184,,62.642,,59.874,,62.234,,,
434,,,,,2.437,1.510,1.000,3.680,,700.000,,64.386,,63.100,,60.474,,62.653,,,
435,,,,,2.421,1.500,1.000,3.631,,700.000,,64.433,,63.204,,60.534,,62.724,,,
436,,,,,0.000,1.490,-0.000,0.000,,-0.000,,63.422,,61.469,,58.114,,61.002,,,
437,,,,,3.471,1.480,1.000,5.138,,700.000,,63.723,,61.792,,58.680,,61.399,,,
438,,,,,0.000,1.480,-0.000,0.000,,-0.000,,60.918,,58.207,,54.738,,57.954,,,
439,,,,,0.000,1.490,-0.000,0.000,,-0.000,,58.141,,55.073,,51.608,,54.941,,,
440,,,,,0.000,1.520,-0.000,0.000,,-0.000,,55.537,,52.315,,48.898,,52.250,,,
441,,,,,0.000,1.570,-0.000,0.000,,-0.000,,53.092,,49.805,,46.426,,49.775,,,
442,,,,,7.443,1.640,1.000,12.206,,700.000,,58.372,,53.568,,49.986,,53.975,,,
443,,,,,5.668,1.680,1.000,9.523,,700.000,,61.025,,56.854,,53.286,,57.055,,,
444,,,,,4.362,1.700,1.000,7.415,,700.000,,62.509,,59.261,,55.879,,59.216,,,
445,,,,,3.555,1.690,1.000,6.007,,700.000,,63.305,,60.781,,57.611,,60.565,,,
446,,,,,3.214,1.630,1.000,5.239,,700.000,,63.696,,61.605,,58.556,,61.286,,,
447,,,,,3.103,1.530,1.000,4.747,,700.000,,63.941,,62.123,,59.161,,61.742,,,
448,,,,,3.137,1.500,1.000,4.706,,700.000,,63.974,,62.210,,59.211,,61.799,,,
449,,,,,3.063,1.500,1.000,4.594,,700.000,,64.032,,62.328,,59.349,,61.903,,,
450,,,,,3.219,1.500,1.000,4.828,,700.000,,63.926,,62.123,,59.061,,61.703,,,
451,,,,,3.257,1.490,1.000,4.853,,700.000,,63.912,,62.091,,59.031,,61.678,,,
452,,,,,3.366,1.480,1.000,4.982,,700.000,,63.845,,61.964,,58.872,,61.560,,,
453,,,,,3.443,1.470,1.000,5.061,,700.000,,63.802,,61.879,,58.775,,61.485,,,
454,,,,,0.000,1.470,-0.000,0.000,,-0.000,,62.629,,60.212,,56.772,,59.871,,,
455,,,,,3.614,1.460,1.000,5.277,,700.000,,63.574,,61.529,,58.509,,61.204,,,
456,,,,,3.060,1.450,1.000,4.438,,700.000,,64.032,,62.359,,59.542,,61.978,,,
457,,,,,2.603,1.450,1.000,3.774,,700.000,,64.327,,62.981,,60.358,,62.555,,,
458,,,,,0.000,1.440,-0.000,0.000,,-0.000,,63.159,,61.096,,57.761,,60.672,,,
459,,,,,3.395,1.440,1.000,4.889,,700.000,,63.794,,61.962,,58.987,,61.581,,,
460,,,,,3.014,1.440,1.000,4.340,,700.000,,64.098,,62.500,,59.662,,62.087,,,
461,,,,,0.000,1.440,-0.000,0.000,,-0.000,,61.720,,59.226,,55.789,,58.911,,,
462,,,,,5.171,1.440,1.000,7.446,,700.000,,62.109,,59.182,,55.841,,59.044,,,
463,,,,,0.000,1.440,-0.000,0.000,,-0.000,,58.415,,55.241,,51.851,,55.169,,,
464,,,,,0.000,1.500,-0.000,0.000,,-0.000,,54.977,,51.704,,48.333,,51.671,,,
465,,,,,7.424,1.550,1.000,11.507,,700.000,,58.779,,54.281,,50.845,,54.635,,,
466,,,,,0.000,1.600,-0.000,0.000,,-0.000,,54.813,,50.978,,47.782,,51.191,,,
467,,,,,7.168,1.640,1.000,11.755,,700.000,,58.682,,53.965,,50.540,,54.396,,,
468,,,,,5.956,1.660,1.000,9.887,,700.000,,60.517,,56.270,,52.838,,56.542,,,
469,,,,,5.024,1.650,1.000,8.290,,700.000,,61.781,,58.192,,54.803,,58.258,,,
470,,,,,4.486,1.610,1.000,7.222,,700.000,,62.494,,59.430,,56.116,,59.347,,,
471,,,,,4.377,1.520,1.000,6.653,,700.000,,62.839,,60.086,,56.816,,59.914,,,
472,,,,,4.288,1.490,1.000,6.389,,700.000,,62.994,,60.396,,57.141,,60.177,,,
473,,,,,4.154,1.480,1.000,6.148,,700.000,,63.146,,60.670,,57.438,,60.418,,,
474,,,,,4.196,1.470,1.000,6.168,,700.000,,63.128,,60.660,,57.413,,60.401,,,
475,,,,,4.392,1.470,1.000,6.457,,700.000,,62.926,,60.341,,57.058,,60.108,,,
476,,,,,4.713,1.460,1.000,6.881,,700.000,,62.615,,59.850,,56.536,,59.667,,,
477,,,,,4.867,1.450,1.000,7.057,,700.000,,62.492,,59.636,,56.320,,59.483,,,
478,,,,,4.231,1.450,1.000,6.134,,700.000,,63.146,,60.647,,57.454,,60.416,,,
479,,,,,0.000,1.440,-0.000,0.000,,-0.000,,61.499,,58.670,,55.268,,58.479,,,
480,,,,,4.550,1.440,1.000,6.552,,700.000,,62.786,,60.153,,56.940,,59.960,,,
481,,,,,3.910,1.430,1.000,5.592,,700.000,,63.447,,61.204,,58.122,,60.924,,,
482,,,,,3.485,1.420,1.000,4.948,,700.000,,63.817,,61.896,,58.913,,61.542,,,
483,,,,,3.240,1.410,1.000,4.569,,700.000,,64.021,,62.305,,59.380,,61.902,,,
484,,,,,3.173,1.400,1.000,4.442,,700.000,,64.097,,62.463,,59.536,,62.032,,,
485,,,,,0.000,1.390,-0.000,0.000,,-0.000,,61.787,,59.281,,55.825,,58.965,,,
486,,,,,5.398,1.380,1.000,7.450,,700.000,,62.115,,59.184,,55.836,,59.045,,,
487,,,,,5.273,1.380,1.000,7.277,,700.000,,62.326,,59.368,,56.049,,59.248,,,
488,,,,,0.000,1.420,-0.000,0.000,,-0.000,,58.993,,55.819,,52.438,,55.750,,,
489,,,,,0.000,1.470,-0.000,0.000,,-0.000,,56.197,,52.934,,49.562,,52.898,,,
490,,,,,0.000,1.550,-0.000,0.000,,-0.000,,53.742,,50.441,,47.084,,50.422,,,
491,,,,,7.376,1.600,1.000,11.802,,700.000,,58.697,,54.036,,50.483,,54.406,,,
492,,,,,5.765,1.630,1.000,9.397,,700.000,,61.046,,56.959,,53.441,,57.149,,,
493,,,,,4.685,1.640,1.000,7.683,,700.000,,62.264,,58.931,,55.550,,58.915,,,
494,,,,,4.008,1.610,1.000,6.453,,700.000,,63.019,,60.301,,57.063,,60.128,,,
495,,,,,3.688,1.550,1.000,5.717,,700.000,,63.430,,61.111,,57.968,,60.836,,,
496,,,,,3.473,1.520,1.000,5.279,,700.000,,63.668,,61.592,,58.506,,61.256,,,
497,,,,,3.505,1.490,1.000,5.222,,700.000,,63.704,,61.684,,58.576,,61.321,,,
498,,,,,3.774,1.460,1.000,5.509,,700.000,,63.543,,61.405,,58.223,,61.057,,,
499,,,,,3.925,1.430,1.000,5.612,,700.000,,63.482,,61.290,,58.097,,60.956,,,
500,,,,,0.000,1.400,-0.000,0.000,,-0.000,,60.855,,58.053,,54.597,,57.835,,,
501,,,,,5.455,1.390,1.000,7.582,,700.000,,62.025,,59.005,,55.674,,58.901,,,
502,,,,,0.000,1.380,-0.000,0.000,,-0.000,,60.399,,57.259,,53.880,,57.179,,,
503,,,,,0.000,1.370,-0.000,0.000,,-0.000,,59.048,,55.838,,52.454,,55.780,,,
