index,py_P_elec,py_P_heat,py_m_flow,py_COP,py_status,py_T_1,py_T_2,py_T_3,py_T_m
0,6.177,11.613,700.000,1.880,1.000,60.092,55.196,50.715,55.335
1,0.000,0.000,-0.000,1.860,-0.000,58.807,54.144,50.308,54.420
2,0.000,0.000,-0.000,1.850,-0.000,57.527,53.141,49.685,53.451
3,4.974,9.152,700.000,1.840,1.000,61.297,57.343,53.743,57.461
4,0.000,0.000,-0.000,1.840,-0.000,60.181,56.353,52.944,56.493
5,0.000,0.000,-0.000,1.830,-0.000,58.637,54.970,51.673,55.093
6,0.000,0.000,-0.000,1.830,-0.000,56.589,53.072,49.807,53.156
7,0.000,0.000,-0.000,1.830,-0.000,54.758,51.328,48.054,51.380
8,0.000,0.000,-0.000,1.840,-0.000,53.062,49.682,46.392,49.712
9,0.000,0.000,0.000,1.850,0.000,51.542,48.188,44.885,48.205
10,0.000,0.000,-0.000,1.860,-0.000,50.083,46.744,43.430,46.752
11,0.000,0.000,0.000,1.860,0.000,48.842,45.511,42.190,45.514
12,7.573,14.236,700.000,1.880,1.000,57.223,51.587,47.488,52.099
13,5.388,10.236,700.000,1.900,1.000,61.056,56.453,52.409,56.639
14,3.872,7.356,700.000,1.900,1.000,62.788,59.503,55.951,59.414
15,2.938,5.494,700.000,1.870,1.000,63.655,61.340,58.243,61.079
16,2.284,4.179,700.000,1.830,1.000,64.179,62.556,59.859,62.198
17,1.856,3.359,700.000,1.810,1.000,64.471,63.287,60.868,62.876
18,1.655,2.946,700.000,1.780,1.000,64.619,63.674,61.377,63.223
19,1.563,2.736,700.000,1.750,1.000,64.698,63.878,61.635,63.404
20,1.531,2.649,700.000,1.730,1.000,64.736,63.975,61.741,63.484
21,1.481,2.547,700.000,1.720,1.000,64.766,64.056,61.867,63.563
22,0.000,0.000,0.000,1.700,0.000,64.583,63.559,60.771,62.971
23,1.357,2.267,700.000,1.670,1.000,64.779,64.130,62.212,63.707
24,0.000,0.000,0.000,1.650,0.000,64.630,63.716,61.160,63.169
25,1.549,2.571,700.000,1.660,1.000,64.742,64.010,61.837,63.530
26,0.000,0.000,0.000,1.670,0.000,64.381,63.141,60.161,62.561
27,0.000,0.000,0.000,1.680,0.000,63.807,62.035,58.613,61.485
28,0.000,0.000,0.000,1.670,0.000,62.832,60.518,56.907,60.086
29,0.000,0.000,0.000,1.650,0.000,61.209,58.421,54.815,58.148
30,0.000,0.000,0.000,1.640,0.000,58.435,55.314,51.816,55.189
31,0.000,0.000,0.000,1.630,0.000,55.752,52.499,49.080,52.444
32,0.000,0.000,0.000,1.650,0.000,53.349,50.047,46.671,50.022
33,0.000,0.000,0.000,1.700,0.000,50.986,47.665,44.312,47.654
34,0.000,0.000,0.000,1.750,0.000,48.780,45.453,42.111,45.448
35,8.264,14.792,700.000,1.790,1.000,56.370,50.592,46.805,51.256
36,6.250,11.313,700.000,1.810,1.000,59.927,54.883,51.085,55.299
37,4.869,8.764,700.000,1.800,1.000,61.733,57.797,54.219,57.916
38,3.959,6.927,700.000,1.750,1.000,62.828,59.814,56.479,59.707
39,3.508,5.788,700.000,1.650,1.000,63.424,61.027,57.880,60.777
40,3.259,5.246,700.000,1.610,1.000,63.694,61.618,58.547,61.286
41,3.102,4.901,700.000,1.580,1.000,63.870,61.990,58.971,61.610
42,3.192,4.948,700.000,1.550,1.000,63.855,61.978,58.913,61.582
43,0.000,0.000,0.000,1.520,0.000,61.767,59.184,55.724,58.891
44,0.000,0.000,0.000,1.510,0.000,59.251,56.257,52.772,56.093
45,0.000,0.000,0.000,1.500,0.000,56.355,53.156,49.727,53.079
46,0.000,0.000,0.000,1.520,0.000,54.452,51.184,47.791,51.142
47,7.132,11.055,700.000,1.550,1.000,59.392,54.991,51.402,55.262
48,0.000,0.000,-0.000,1.570,-0.000,57.072,53.088,49.813,53.324
49,0.000,0.000,-0.000,1.580,-0.000,55.034,51.328,48.122,51.495
50,0.000,0.000,0.000,1.580,0.000,53.147,49.614,46.395,49.719
51,7.527,11.893,700.000,1.580,1.000,58.803,54.016,50.371,54.397
52,0.000,0.000,0.000,1.580,0.000,56.348,52.134,48.895,52.459
53,0.000,0.000,-0.000,1.600,-0.000,53.152,49.421,46.249,49.607
54,8.043,12.950,700.000,1.610,1.000,57.537,52.464,49.071,53.024
55,0.000,0.000,-0.000,1.620,-0.000,53.561,49.462,46.362,49.795
56,7.501,12.301,700.000,1.640,1.000,58.404,53.385,49.869,53.886
57,0.000,0.000,-0.000,1.670,-0.000,55.573,51.305,48.160,51.679
58,0.000,0.000,-0.000,1.700,-0.000,52.820,49.037,45.915,49.258
59,7.162,12.390,700.000,1.730,1.000,58.366,53.354,49.760,53.827
60,5.553,9.662,700.000,1.740,1.000,60.967,56.699,53.115,56.927
61,4.365,7.639,700.000,1.750,1.000,62.365,59.011,55.604,58.993
62,3.622,6.266,700.000,1.730,1.000,63.157,60.510,57.293,60.320
63,3.091,5.254,700.000,1.700,1.000,63.685,61.571,58.537,61.264
64,2.725,4.605,700.000,1.690,1.000,64.000,62.240,59.336,61.859
65,2.552,4.312,700.000,1.690,1.000,64.146,62.561,59.696,62.134
66,2.421,4.044,700.000,1.670,1.000,64.268,62.825,60.026,62.373
67,2.567,4.236,700.000,1.650,1.000,64.208,62.696,59.789,62.231
68,0.000,0.000,0.000,1.640,0.000,62.421,60.071,56.613,59.702
69,3.625,5.908,700.000,1.630,1.000,63.211,60.919,57.733,60.621
70,0.000,0.000,0.000,1.640,0.000,62.014,59.373,55.955,59.114
71,3.426,5.619,700.000,1.640,1.000,63.336,61.115,58.089,60.846
72,2.746,4.477,700.000,1.630,1.000,63.979,62.257,59.494,61.910
73,0.000,0.000,0.000,1.620,0.000,63.060,60.878,57.594,60.511
74,0.000,0.000,0.000,1.620,0.000,61.935,59.360,55.879,59.058
75,3.609,5.847,700.000,1.620,1.000,63.209,60.915,57.808,60.644
76,0.000,0.000,0.000,1.620,0.000,61.829,59.163,55.774,58.922
77,0.000,0.000,0.000,1.620,0.000,59.597,56.598,53.144,56.446
78,0.000,0.000,0.000,1.630,0.000,56.438,53.234,49.819,53.164
79,0.000,0.000,0.000,1.630,0.000,53.036,49.748,46.374,49.719
80,7.640,12.530,700.000,1.640,1.000,57.983,53.099,49.588,53.556
81,0.000,0.000,0.000,1.660,0.000,55.019,50.854,47.692,51.188
82,0.000,0.000,0.000,1.670,0.000,52.247,48.519,45.374,48.713
83,0.000,0.000,0.000,1.700,0.000,49.641,46.139,42.933,46.238
84,8.310,14.375,700.000,1.730,1.000,56.658,51.003,47.317,51.660
85,6.411,11.154,700.000,1.740,1.000,59.939,54.988,51.280,55.402
86,5.075,8.779,700.000,1.730,1.000,61.659,57.738,54.201,57.866
87,4.247,7.262,700.000,1.710,1.000,62.567,59.424,56.067,59.353
88,0.000,0.000,-0.000,1.690,-0.000,59.999,56.758,53.389,56.716
89,0.000,0.000,-0.000,1.680,-0.000,57.446,54.155,50.797,54.133
90,5.799,9.685,700.000,1.670,1.000,60.377,56.497,53.087,56.654
91,0.000,0.000,-0.000,1.670,-0.000,57.349,53.747,50.470,53.855
92,0.000,0.000,-0.000,1.670,-0.000,54.339,50.892,47.617,50.949
93,0.000,0.000,-0.000,1.670,-0.000,51.609,48.231,44.935,48.258
94,7.564,12.783,700.000,1.690,1.000,58.107,53.026,49.276,53.469
95,0.000,0.000,-0.000,1.690,-0.000,56.128,51.599,48.323,52.016
96,-0.000,-0.000,0.000,1.700,0.000,54.398,50.289,47.165,50.617
97,-0.000,-0.000,0.000,1.710,0.000,52.853,49.035,45.928,49.272
98,0.000,0.000,0.000,1.720,0.000,51.444,47.819,44.678,47.980
99,0.000,0.000,0.000,1.730,0.000,50.084,46.585,43.398,46.689
100,0.000,0.000,0.000,1.750,0.000,48.645,45.228,41.995,45.290
101,8.424,14.911,700.000,1.770,1.000,56.253,50.412,46.658,51.108
102,0.000,0.000,0.000,1.770,0.000,52.273,47.714,44.618,48.202
103,0.000,0.000,0.000,1.770,0.000,48.784,44.930,41.850,45.188
104,8.550,15.219,700.000,1.780,1.000,55.891,49.892,46.280,50.687
105,0.000,0.000,0.000,1.800,0.000,52.374,47.645,44.617,48.212
106,0.000,0.000,0.000,1.820,0.000,49.286,45.308,42.292,45.629
107,8.053,14.817,700.000,1.840,1.000,56.343,50.425,46.774,51.181
108,6.123,11.327,700.000,1.850,1.000,59.939,54.849,51.068,55.285
109,4.726,8.743,700.000,1.850,1.000,61.764,57.825,54.246,57.945
110,3.830,7.048,700.000,1.840,1.000,62.744,59.681,56.331,59.585
111,3.287,6.015,700.000,1.830,1.000,63.291,60.793,57.601,60.562
112,2.983,5.428,700.000,1.820,1.000,63.595,61.429,58.323,61.115
113,2.814,5.093,700.000,1.810,1.000,63.771,61.796,58.736,61.434
114,2.999,5.397,700.000,1.800,1.000,63.608,61.522,58.361,61.164
115,3.156,5.650,700.000,1.790,1.000,63.459,61.256,58.050,60.922
116,3.223,5.737,700.000,1.780,1.000,63.405,61.153,57.943,60.834
117,3.194,5.686,700.000,1.780,1.000,63.435,61.199,58.006,60.880
118,2.730,4.833,700.000,1.770,1.000,63.880,62.017,59.056,61.651
119,2.405,4.256,700.000,1.770,1.000,64.153,62.580,59.764,62.166
120,2.190,3.855,700.000,1.760,1.000,64.329,62.967,60.259,62.518
121,0.000,0.000,-0.000,1.750,-0.000,63.273,61.233,57.881,60.796
122,2.688,4.732,700.000,1.760,1.000,63.883,62.121,59.180,61.728
123,2.376,4.158,700.000,1.750,1.000,64.178,62.667,59.885,62.243
124,2.333,4.082,700.000,1.750,1.000,64.249,62.797,59.979,62.341
125,0.000,0.000,-0.000,1.740,-0.000,62.264,59.904,56.460,59.543
126,4.060,7.024,700.000,1.730,1.000,62.450,59.696,56.360,59.502
127,0.000,0.000,-0.000,1.730,-0.000,59.203,56.112,52.697,56.004
128,0.000,0.000,-0.000,1.730,-0.000,56.223,52.990,49.597,52.937
129,0.000,0.000,-0.000,1.740,-0.000,53.295,50.001,46.635,49.977
130,0.000,0.000,-0.000,1.760,-0.000,50.506,47.189,43.840,47.178
131,0.000,0.000,-0.000,1.780,-0.000,47.926,44.600,41.260,44.595
132,8.579,15.529,700.000,1.810,1.000,55.603,49.605,45.899,50.369
133,6.644,12.092,700.000,1.820,1.000,59.214,53.861,50.127,54.401
134,5.312,9.614,700.000,1.810,1.000,61.053,56.746,53.174,56.991
135,4.581,8.062,700.000,1.760,1.000,62.014,58.497,55.083,58.531
136,3.971,6.950,700.000,1.750,1.000,62.699,59.753,56.451,59.634
137,3.719,6.434,700.000,1.730,1.000,62.987,60.339,57.086,60.137
138,3.570,6.104,700.000,1.710,1.000,63.181,60.714,57.492,60.462
139,3.570,6.034,700.000,1.690,1.000,63.218,60.806,57.578,60.534
140,3.648,6.128,700.000,1.680,1.000,63.153,60.710,57.462,60.442
141,3.642,6.083,700.000,1.670,1.000,63.184,60.757,57.518,60.486
142,0.000,0.000,0.000,1.670,0.000,61.703,58.929,55.499,58.710
143,0.000,0.000,0.000,1.670,0.000,60.044,57.029,53.569,56.881
144,4.388,7.328,700.000,1.670,1.000,62.216,59.264,55.987,59.156
145,3.579,5.977,700.000,1.670,1.000,63.214,60.765,57.648,60.542
146,2.955,4.935,700.000,1.670,1.000,63.805,61.856,58.929,61.530
147,2.611,4.335,700.000,1.660,1.000,64.108,62.485,59.668,62.087
148,2.476,4.111,700.000,1.660,1.000,64.231,62.750,59.943,62.308
149,0.000,0.000,-0.000,1.660,-0.000,62.330,59.978,56.545,59.618
150,0.000,0.000,0.000,1.660,0.000,58.934,55.974,52.482,55.797
151,0.000,0.000,-0.000,1.660,-0.000,55.468,52.267,48.839,52.191
152,0.000,0.000,-0.000,1.670,-0.000,52.280,48.993,45.614,48.962
153,0.000,0.000,-0.000,1.710,-0.000,49.707,46.393,43.037,46.379
154,8.227,14.398,700.000,1.750,1.000,56.549,50.955,47.290,51.598
155,0.000,0.000,-0.000,1.790,-0.000,53.053,48.549,45.442,49.015
156,0.000,0.000,-0.000,1.810,-0.000,50.274,46.369,43.298,46.647
157,7.867,14.239,700.000,1.810,1.000,56.766,51.089,47.486,51.780
158,0.000,0.000,-0.000,1.800,-0.000,53.691,49.054,45.976,49.574
159,0.000,0.000,-0.000,1.790,-0.000,50.575,46.642,43.593,46.937
160,0.000,0.000,-0.000,1.800,-0.000,47.626,44.050,40.901,44.192
161,8.814,15.953,700.000,1.810,1.000,55.119,48.958,45.377,49.818
162,0.000,0.000,-0.000,1.820,-0.000,50.594,46.006,43.005,46.535
163,8.143,14.821,700.000,1.820,1.000,56.087,50.181,46.770,51.013
164,0.000,0.000,-0.000,1.840,-0.000,51.695,47.241,44.254,47.730
165,0.000,0.000,-0.000,1.850,-0.000,48.095,44.319,41.251,44.555
166,8.116,15.176,700.000,1.870,1.000,56.288,50.218,46.332,50.946
167,5.959,11.263,700.000,1.890,1.000,60.232,55.124,51.146,55.501
168,4.375,8.312,700.000,1.900,1.000,62.199,58.426,54.776,58.467
169,3.311,6.257,700.000,1.890,1.000,63.276,60.564,57.303,60.381
170,2.651,4.877,700.000,1.840,1.000,63.896,61.924,59.001,61.607
171,0.000,0.000,-0.000,1.800,-0.000,62.897,60.526,57.199,60.207
172,0.000,0.000,-0.000,1.780,-0.000,61.378,58.616,55.139,58.378
173,0.000,0.000,-0.000,1.770,-0.000,58.788,55.707,52.243,55.579
174,0.000,0.000,-0.000,1.780,-0.000,55.379,52.135,48.730,52.081
175,0.000,0.000,-0.000,1.790,-0.000,51.908,48.604,45.239,48.583
176,0.000,0.000,-0.000,1.810,-0.000,49.008,45.686,42.339,45.677
177,8.222,14.965,700.000,1.820,1.000,55.987,50.218,46.593,50.932
178,0.000,0.000,-0.000,1.830,-0.000,52.365,47.794,44.727,48.295
179,7.204,13.256,700.000,1.840,1.000,57.738,52.267,48.694,52.900
180,5.631,10.417,700.000,1.850,1.000,60.433,55.794,52.187,56.138
181,4.457,8.290,700.000,1.860,1.000,61.945,58.269,54.803,58.339
182,3.810,7.049,700.000,1.850,1.000,62.667,59.652,56.329,59.549
183,3.356,6.175,700.000,1.840,1.000,63.170,60.617,57.404,60.397
184,3.180,5.756,700.000,1.810,1.000,63.401,61.090,57.920,60.804
185,3.068,5.523,700.000,1.800,1.000,63.532,61.355,58.207,61.031
186,3.123,5.591,700.000,1.790,1.000,63.493,61.302,58.123,60.972
187,3.184,5.667,700.000,1.780,1.000,63.447,61.225,58.030,60.901
188,0.000,0.000,0.000,1.770,0.000,60.605,57.770,54.318,57.564
189,4.435,7.850,700.000,1.770,1.000,61.811,58.686,55.344,58.614
190,3.621,6.373,700.000,1.760,1.000,62.976,60.343,57.160,60.160
191,2.948,5.159,700.000,1.750,1.000,63.690,61.621,58.654,61.322
192,2.445,4.278,700.000,1.750,1.000,64.116,62.497,59.738,62.117
193,0.000,0.000,0.000,1.740,0.000,63.186,61.056,57.751,60.664
194,2.784,4.816,700.000,1.730,1.000,63.834,62.016,59.076,61.642
195,2.390,4.135,700.000,1.730,1.000,64.178,62.666,59.914,62.253
196,0.000,0.000,0.000,1.720,0.000,63.029,60.878,57.523,60.477
197,0.000,0.000,0.000,1.710,0.000,61.144,58.432,54.912,58.163
198,0.000,0.000,0.000,1.710,0.000,58.046,54.954,51.479,54.826
199,0.000,0.000,0.000,1.700,0.000,54.791,51.543,48.135,51.490
200,0.000,0.000,0.000,1.700,0.000,52.123,48.822,45.452,48.799
201,0.000,0.000,0.000,1.710,0.000,49.438,46.118,42.768,46.108
202,8.278,14.486,700.000,1.750,1.000,56.534,50.891,47.182,51.536
203,6.311,11.233,700.000,1.780,1.000,59.878,54.902,51.183,55.321
204,4.881,8.738,700.000,1.790,1.000,61.717,57.803,54.252,57.924
205,3.964,7.056,700.000,1.780,1.000,62.724,59.663,56.320,59.569
206,3.422,5.988,700.000,1.750,1.000,63.303,60.817,57.634,60.585
207,3.051,5.187,700.000,1.700,1.000,63.718,61.657,58.619,61.332
208,2.864,4.754,700.000,1.660,1.000,63.938,62.122,59.152,61.737
209,2.771,4.516,700.000,1.630,1.000,64.059,62.380,59.445,61.961
210,0.000,0.000,0.000,1.610,0.000,62.206,59.767,56.324,59.432
211,3.980,6.368,700.000,1.600,1.000,62.918,60.420,57.167,60.168
212,3.664,5.862,700.000,1.600,1.000,63.300,60.967,57.790,60.686
213,3.428,5.451,700.000,1.590,1.000,63.560,61.415,58.295,61.090
214,2.840,4.488,700.000,1.580,1.000,64.031,62.323,59.480,61.945
215,2.370,3.674,700.000,1.550,1.000,64.360,63.049,60.481,62.630
216,-0.000,-0.000,0.000,1.520,0.000,63.717,61.911,58.711,61.446
217,0.000,0.000,0.000,1.500,0.000,62.959,60.731,57.258,60.316
218,0.000,0.000,0.000,1.500,0.000,62.040,59.463,55.893,59.132
219,0.000,0.000,0.000,1.510,0.000,60.883,58.022,54.455,57.787
220,0.000,0.000,0.000,1.530,0.000,59.443,56.376,52.860,56.226
221,0.000,0.000,0.000,1.540,0.000,57.311,54.096,50.652,54.020
222,0.000,0.000,0.000,1.540,0.000,54.169,50.874,47.491,50.845
223,7.676,11.898,700.000,1.550,1.000,58.494,53.841,50.365,54.234
224,0.000,0.000,0.000,1.560,0.000,55.384,51.375,48.192,51.650
225,7.003,11.064,700.000,1.580,1.000,59.439,54.881,51.391,55.237
226,5.542,8.867,700.000,1.600,1.000,61.431,57.558,54.094,57.694
227,0.000,0.000,0.000,1.610,0.000,59.129,55.480,52.178,55.595
228,5.187,8.402,700.000,1.620,1.000,61.529,58.022,54.665,58.072
229,4.162,6.742,700.000,1.620,1.000,62.800,59.943,56.707,59.817
230,3.540,5.699,700.000,1.610,1.000,63.429,61.097,57.990,60.839
231,3.118,4.895,700.000,1.570,1.000,63.852,61.937,58.979,61.589
232,2.914,4.575,700.000,1.570,1.000,64.022,62.302,59.372,61.899
233,2.905,4.561,700.000,1.570,1.000,64.046,62.359,59.390,61.932
234,0.000,0.000,-0.000,1.570,-0.000,62.044,59.567,56.111,59.241
235,0.000,0.000,-0.000,1.560,-0.000,59.724,56.795,53.292,56.604
236,0.000,0.000,-0.000,1.560,-0.000,57.117,53.955,50.506,53.859
237,0.000,0.000,-0.000,1.560,-0.000,54.478,51.213,47.815,51.169
238,0.000,0.000,-0.000,1.570,-0.000,52.984,49.688,46.314,49.662
239,7.431,11.666,700.000,1.570,1.000,59.054,54.402,50.650,54.702
240,-0.000,-0.000,0.000,1.570,0.000,57.453,53.153,49.787,53.464
241,-0.000,-0.000,0.000,1.580,0.000,56.024,52.014,48.804,52.280
242,0.000,0.000,-0.000,1.580,-0.000,54.675,50.890,47.724,51.096
243,6.751,10.735,700.000,1.590,1.000,59.852,55.420,51.796,55.689
244,0.000,0.000,0.000,1.590,0.000,58.189,54.081,50.761,54.344
245,0.000,0.000,0.000,1.590,0.000,55.934,52.166,48.959,52.353
246,6.820,10.979,700.000,1.610,1.000,59.343,54.906,51.495,55.248
247,0.000,0.000,-0.000,1.620,-0.000,56.323,52.432,49.239,52.665
248,0.000,0.000,-0.000,1.640,-0.000,53.874,50.267,47.073,50.405
249,0.000,0.000,0.000,1.660,0.000,51.691,48.231,44.996,48.306
250,0.000,0.000,-0.000,1.700,-0.000,49.826,46.436,43.166,46.476
251,8.069,14.040,700.000,1.740,1.000,57.044,51.508,47.730,52.094
252,-0.000,-0.000,0.000,1.760,0.000,54.526,49.810,46.619,50.318
253,0.000,0.000,-0.000,1.770,-0.000,52.257,48.133,45.076,48.489
254,0.000,0.000,-0.000,1.790,-0.000,50.422,46.641,43.559,46.874
255,-0.000,-0.000,-0.000,1.790,-0.000,48.522,44.963,41.811,45.098
256,8.294,14.929,700.000,1.800,1.000,56.346,50.442,46.636,51.141
257,0.000,0.000,-0.000,1.810,-0.000,53.235,48.427,45.304,48.989
258,6.998,12.736,700.000,1.820,1.000,58.302,52.948,49.334,53.528
259,5.491,9.993,700.000,1.820,1.000,60.763,56.304,52.708,56.592
260,4.446,8.093,700.000,1.820,1.000,62.047,58.484,55.046,58.525
261,3.613,6.576,700.000,1.820,1.000,62.977,60.169,56.911,60.019
262,0.000,0.000,-0.000,1.810,-0.000,61.726,58.753,55.381,58.620
263,3.329,5.993,700.000,1.800,1.000,63.156,60.714,57.629,60.500
264,2.615,4.681,700.000,1.790,1.000,63.893,62.047,59.242,61.727
265,2.122,3.777,700.000,1.780,1.000,64.298,62.913,60.354,62.522
266,0.000,0.000,-0.000,1.770,-0.000,63.562,61.669,58.460,61.230
267,2.402,4.227,700.000,1.760,1.000,64.109,62.570,59.801,62.160
268,0.000,0.000,-0.000,1.760,-0.000,63.200,61.121,57.800,60.707
269,0.000,0.000,-0.000,1.750,-0.000,61.538,58.903,55.383,58.608
270,0.000,0.000,-0.000,1.750,-0.000,58.941,55.911,52.415,55.756
271,0.000,0.000,-0.000,1.740,-0.000,56.242,53.031,49.600,52.957
272,0.000,0.000,-0.000,1.740,-0.000,53.853,50.570,47.184,50.536
273,0.000,0.000,-0.000,1.750,-0.000,51.550,48.238,44.878,48.222
274,0.000,0.000,-0.000,1.770,-0.000,49.507,46.185,42.838,46.177
275,0.000,0.000,-0.000,1.800,-0.000,47.463,44.136,40.797,44.132
276,8.511,15.490,700.000,1.820,1.000,55.933,49.873,45.947,50.584
277,0.000,0.000,-0.000,1.810,-0.000,52.890,47.940,44.787,48.539
278,0.000,0.000,-0.000,1.820,-0.000,50.303,46.095,43.084,46.494
279,0.000,0.000,-0.000,1.820,-0.000,48.043,44.265,41.201,44.503
280,8.433,15.433,700.000,1.830,1.000,55.871,49.757,46.016,50.548
281,0.000,0.000,-0.000,1.850,-0.000,52.559,47.683,44.621,48.288
282,7.207,13.333,700.000,1.850,1.000,57.717,52.161,48.600,52.826
283,5.721,10.584,700.000,1.850,1.000,60.271,55.564,51.981,55.939
284,0.000,0.000,-0.000,1.840,-0.000,56.891,52.870,49.660,53.140
285,5.578,10.264,700.000,1.840,1.000,60.064,55.804,52.374,56.081
286,4.322,7.953,700.000,1.840,1.000,62.087,58.612,55.217,58.639
287,0.000,0.000,-0.000,1.830,-0.000,60.587,57.155,53.814,57.186
288,0.000,0.000,0.000,1.830,0.000,58.831,55.440,52.119,55.464
289,-0.000,-0.000,0.000,1.830,0.000,57.036,53.673,50.355,53.688
290,0.000,0.000,0.000,1.840,0.000,55.141,51.796,48.475,51.804
291,0.000,0.000,0.000,1.840,0.000,53.307,49.971,46.646,49.974
292,0.000,0.000,0.000,1.840,0.000,51.259,47.929,44.600,47.930
293,0.000,0.000,0.000,1.840,0.000,48.192,44.863,41.531,44.862
294,8.600,15.997,700.000,1.860,1.000,54.722,48.742,45.323,49.596
295,0.000,0.000,0.000,1.880,0.000,49.874,45.462,42.473,45.936
296,0.000,0.000,0.000,1.900,0.000,46.235,42.482,39.406,42.708
297,8.845,16.894,700.000,1.910,1.000,54.331,47.806,44.219,48.786
298,0.000,0.000,0.000,1.920,0.000,50.160,45.291,42.349,45.933
299,0.000,0.000,0.000,1.930,0.000,46.679,42.693,39.710,43.027
300,8.576,16.553,700.000,1.930,1.000,54.802,48.292,44.639,49.244
301,6.763,13.053,700.000,1.930,1.000,58.373,52.608,48.945,53.309
302,5.371,10.366,700.000,1.930,1.000,60.503,55.837,52.249,56.197
303,4.376,8.446,700.000,1.930,1.000,61.801,58.065,54.610,58.159
304,3.886,7.499,700.000,1.930,1.000,62.321,59.124,55.775,59.073
305,3.522,6.797,700.000,1.930,1.000,62.753,59.923,56.639,59.772
306,3.268,6.307,700.000,1.930,1.000,63.056,60.480,57.242,60.260
307,3.285,6.340,700.000,1.930,1.000,63.017,60.463,57.202,60.227
308,3.402,6.464,700.000,1.900,1.000,62.926,60.327,57.049,60.100
309,3.518,6.614,700.000,1.880,1.000,62.819,60.156,56.865,59.946
310,3.053,5.648,700.000,1.850,1.000,63.438,61.170,58.053,60.887
311,2.557,4.705,700.000,1.840,1.000,63.930,62.109,59.213,61.750
312,2.308,4.224,700.000,1.830,1.000,64.167,62.610,59.804,62.194
313,2.140,3.917,700.000,1.830,1.000,64.310,62.924,60.182,62.472
314,2.012,3.682,700.000,1.830,1.000,64.410,63.150,60.471,62.677
315,2.011,3.661,700.000,1.820,1.000,64.434,63.199,60.497,62.710
316,2.135,3.885,700.000,1.820,1.000,64.365,63.035,60.221,62.540
317,2.597,4.700,700.000,1.810,1.000,64.008,62.297,59.218,61.841
318,3.422,6.125,700.000,1.790,1.000,63.133,60.766,57.466,60.455
319,3.722,6.663,700.000,1.790,1.000,62.768,60.120,56.804,59.897
320,0.000,0.000,-0.000,1.780,-0.000,59.622,56.581,53.156,56.453
321,0.000,0.000,-0.000,1.780,-0.000,55.970,52.742,49.345,52.686
322,0.000,0.000,-0.000,1.790,-0.000,52.400,49.103,45.738,49.080
323,7.235,13.095,700.000,1.810,1.000,57.430,52.372,48.893,52.898
324,6.031,10.917,700.000,1.810,1.000,59.703,55.035,51.572,55.437
325,5.093,9.219,700.000,1.810,1.000,61.087,57.084,53.660,57.277
326,4.413,7.855,700.000,1.780,1.000,62.079,58.699,55.338,58.705
327,4.145,7.171,700.000,1.730,1.000,62.497,59.491,56.180,59.389
328,4.082,6.899,700.000,1.690,1.000,62.648,59.810,56.514,59.657
329,4.129,6.896,700.000,1.670,1.000,62.628,59.819,56.518,59.655
330,4.154,6.896,700.000,1.660,1.000,62.623,59.819,56.517,59.653
331,4.309,7.066,700.000,1.640,1.000,62.489,59.622,56.308,59.473
332,0.000,0.000,0.000,1.620,0.000,58.034,54.864,51.477,54.791
333,6.329,10.252,700.000,1.620,1.000,59.727,55.733,52.389,55.950
334,0.000,0.000,0.000,1.620,0.000,56.774,53.120,49.883,53.259
335,6.221,10.078,700.000,1.620,1.000,60.148,56.032,52.603,56.261
336,5.110,8.228,700.000,1.610,1.000,61.812,58.271,54.879,58.321
337,4.290,6.907,700.000,1.610,1.000,62.719,59.787,56.504,59.670
338,0.000,0.000,-0.000,1.610,-0.000,60.607,57.498,54.124,57.410
339,0.000,0.000,-0.000,1.610,-0.000,58.316,55.096,51.714,55.042
340,0.000,0.000,-0.000,1.610,-0.000,55.180,51.892,48.528,51.867
341,7.437,12.048,700.000,1.620,1.000,58.117,53.516,50.180,53.938
342,0.000,0.000,-0.000,1.640,-0.000,51.823,48.113,44.925,48.287
343,8.903,14.780,700.000,1.660,1.000,55.432,50.002,46.820,50.752
344,0.000,0.000,-0.000,1.700,-0.000,49.825,45.790,42.755,46.124
345,9.030,15.622,700.000,1.730,1.000,54.903,49.021,45.784,49.903
346,0.000,0.000,-0.000,1.780,-0.000,49.360,45.125,42.145,45.544
347,8.699,15.919,700.000,1.830,1.000,54.694,48.658,45.418,49.590
348,7.008,13.104,700.000,1.870,1.000,57.918,52.310,48.881,53.036
349,5.993,11.208,700.000,1.870,1.000,59.438,54.605,51.214,55.086
350,5.190,9.653,700.000,1.860,1.000,60.698,56.522,53.126,56.782
351,4.841,8.810,700.000,1.820,1.000,61.259,57.523,54.164,57.649
352,4.697,8.455,700.000,1.800,1.000,61.463,57.940,54.600,58.001
353,4.671,8.360,700.000,1.790,1.000,61.496,58.050,54.716,58.087
354,0.000,0.000,0.000,1.780,0.000,56.866,53.496,50.177,53.513
355,6.485,11.543,700.000,1.780,1.000,58.474,54.079,50.801,54.451
356,0.000,0.000,0.000,1.780,0.000,52.902,49.234,46.041,49.393
357,7.933,14.120,700.000,1.780,1.000,56.048,50.827,47.632,51.502
358,6.554,11.666,700.000,1.780,1.000,59.074,54.091,50.650,54.605
359,5.358,9.590,700.000,1.790,1.000,60.876,56.663,53.203,56.914
360,4.569,8.224,700.000,1.800,1.000,61.825,58.269,54.884,58.326
361,4.010,7.178,700.000,1.790,1.000,62.522,59.481,56.170,59.391
362,3.723,6.590,700.000,1.770,1.000,62.881,60.157,56.894,59.977
363,3.466,6.066,700.000,1.750,1.000,63.206,60.746,57.539,60.497
364,3.433,5.940,700.000,1.730,1.000,63.279,60.905,57.694,60.626
365,3.974,6.756,700.000,1.700,1.000,62.694,60.001,56.690,59.795
366,0.000,0.000,0.000,1.680,0.000,56.787,53.635,50.236,53.552
367,0.000,0.000,0.000,1.690,0.000,50.892,47.605,44.240,47.579
368,8.605,14.801,700.000,1.720,1.000,55.544,50.088,46.793,50.809
369,0.000,0.000,0.000,1.750,0.000,50.307,46.205,43.159,46.557
370,8.475,15.171,700.000,1.790,1.000,55.440,49.632,46.339,50.470
371,6.980,12.703,700.000,1.820,1.000,58.154,52.766,49.375,53.432
372,5.889,10.778,700.000,1.830,1.000,59.821,55.152,51.743,55.572
373,5.092,9.319,700.000,1.830,1.000,60.959,56.932,53.538,57.143
374,4.601,8.327,700.000,1.810,1.000,61.665,58.117,54.757,58.180
375,4.469,7.865,700.000,1.760,1.000,61.950,58.662,55.325,58.646
376,4.445,7.733,700.000,1.740,1.000,62.008,58.818,55.487,58.771
377,4.564,7.850,700.000,1.720,1.000,61.888,58.676,55.345,58.636
378,4.790,8.191,700.000,1.710,1.000,61.585,58.256,54.924,58.255
379,5.080,8.585,700.000,1.690,1.000,61.241,57.767,54.440,57.816
380,0.000,0.000,0.000,1.670,0.000,55.844,52.469,49.154,52.489
381,7.128,11.974,700.000,1.680,1.000,58.114,53.560,50.271,53.982
382,0.000,0.000,0.000,1.690,0.000,54.487,50.619,47.476,50.860
383,0.000,0.000,0.000,1.710,0.000,51.773,48.202,45.018,48.331
384,7.622,13.186,700.000,1.730,1.000,57.565,52.347,48.781,52.898
385,5.927,10.313,700.000,1.740,1.000,60.480,55.929,52.315,56.241
386,4.910,8.543,700.000,1.740,1.000,61.685,57.943,54.492,58.040
387,4.217,7.338,700.000,1.740,1.000,62.448,59.312,55.974,59.245
388,4.004,6.928,700.000,1.730,1.000,62.652,59.779,56.478,59.636
389,4.284,7.412,700.000,1.730,1.000,62.219,59.212,55.883,59.104
390,5.024,8.642,700.000,1.720,1.000,61.119,57.695,54.370,57.728
391,0.000,0.000,-0.000,1.710,-0.000,54.884,51.528,48.206,51.539
392,0.000,0.000,-0.000,1.720,-0.000,49.707,46.370,43.042,46.373
393,8.807,15.413,700.000,1.750,1.000,55.046,49.353,46.041,50.147
394,7.267,13.008,700.000,1.790,1.000,57.806,52.366,48.999,53.057
395,6.180,11.124,700.000,1.800,1.000,59.484,54.704,51.317,55.169
396,5.363,9.599,700.000,1.790,1.000,60.731,56.586,53.192,56.836
397,4.887,8.552,700.000,1.750,1.000,61.496,57.846,54.481,57.941
398,4.508,7.753,700.000,1.720,1.000,62.068,58.798,55.463,58.776
399,4.292,7.254,700.000,1.690,1.000,62.404,59.388,56.077,59.290
400,4.409,7.363,700.000,1.670,1.000,62.278,59.265,55.943,59.162
401,4.550,7.507,700.000,1.650,1.000,62.154,59.093,55.766,59.005
402,4.748,7.834,700.000,1.650,1.000,61.879,58.696,55.363,58.646
403,5.128,8.410,700.000,1.640,1.000,61.376,57.986,54.656,58.006
404,5.418,8.831,700.000,1.630,1.000,61.020,57.458,54.137,57.538
405,5.300,8.639,700.000,1.630,1.000,61.248,57.703,54.373,57.775
406,4.637,7.513,700.000,1.620,1.000,62.229,59.070,55.759,59.019
407,4.153,6.687,700.000,1.610,1.000,62.811,60.033,56.775,59.873
408,3.791,5.989,700.000,1.580,1.000,63.253,60.816,57.633,60.567
409,3.522,5.495,700.000,1.560,1.000,63.543,61.361,58.241,61.048
410,3.382,5.174,700.000,1.530,1.000,63.723,61.713,58.636,61.357
411,3.342,5.080,700.000,1.520,1.000,63.780,61.832,58.751,61.454
412,3.397,5.129,700.000,1.510,1.000,63.759,61.798,58.691,61.416
413,0.000,0.000,0.000,1.510,0.000,60.489,57.717,54.256,57.488
414,6.171,9.256,700.000,1.500,1.000,60.529,56.957,53.615,57.033
415,0.000,0.000,0.000,1.490,0.000,55.350,51.940,48.634,51.975
416,7.923,12.043,700.000,1.520,1.000,58.118,53.502,50.186,53.935
417,0.000,0.000,0.000,1.570,0.000,53.608,49.784,46.629,50.007
418,7.667,12.651,700.000,1.650,1.000,57.837,52.837,49.439,53.371
419,6.371,10.767,700.000,1.690,1.000,59.755,55.168,51.756,55.560
420,5.379,9.197,700.000,1.710,1.000,61.065,57.090,53.687,57.280
421,4.733,8.046,700.000,1.700,1.000,61.903,58.462,55.103,58.489
422,4.401,7.306,700.000,1.660,1.000,62.396,59.329,56.013,59.246
423,4.294,6.785,700.000,1.580,1.000,62.738,59.935,56.655,59.776
424,4.407,6.787,700.000,1.540,1.000,62.709,59.945,56.652,59.769
425,0.000,0.000,-0.000,1.520,-0.000,59.359,56.266,52.864,56.163
426,6.095,9.265,700.000,1.520,1.000,60.617,56.956,53.604,57.059
427,5.731,8.711,700.000,1.520,1.000,61.221,57.627,54.285,57.711
428,5.533,8.410,700.000,1.520,1.000,61.470,57.992,54.655,58.039
429,5.377,8.174,700.000,1.520,1.000,61.656,58.280,54.946,58.294
430,4.476,6.803,700.000,1.520,1.000,62.735,59.879,56.632,59.749
431,3.778,5.743,700.000,1.520,1.000,63.397,61.049,57.936,60.794
432,3.163,4.808,700.000,1.520,1.000,63.886,62.006,59.086,61.659
433,2.760,4.167,700.000,1.510,1.000,64.184,62.642,59.874,62.234
434,2.437,3.680,700.000,1.510,1.000,64.386,63.100,60.474,62.653
435,2.421,3.631,700.000,1.500,1.000,64.433,63.204,60.534,62.724
436,0.000,0.000,-0.000,1.490,-0.000,63.422,61.469,58.114,61.002
437,3.471,5.138,700.000,1.480,1.000,63.723,61.792,58.680,61.399
438,0.000,0.000,-0.000,1.480,-0.000,60.918,58.207,54.738,57.954
439,0.000,0.000,-0.000,1.490,-0.000,58.141,55.073,51.608,54.941
440,0.000,0.000,-0.000,1.520,-0.000,55.537,52.315,48.898,52.250
441,0.000,0.000,-0.000,1.570,-0.000,53.092,49.805,46.426,49.775
442,7.443,12.206,700.000,1.640,1.000,58.372,53.568,49.986,53.975
443,5.668,9.523,700.000,1.680,1.000,61.025,56.854,53.286,57.055
444,4.362,7.415,700.000,1.700,1.000,62.509,59.261,55.879,59.216
445,3.555,6.007,700.000,1.690,1.000,63.305,60.781,57.611,60.565
446,3.214,5.239,700.000,1.630,1.000,63.696,61.605,58.556,61.286
447,3.103,4.747,700.000,1.530,1.000,63.941,62.123,59.161,61.742
448,3.137,4.706,700.000,1.500,1.000,63.974,62.210,59.211,61.799
449,3.063,4.594,700.000,1.500,1.000,64.032,62.328,59.349,61.903
450,3.219,4.828,700.000,1.500,1.000,63.926,62.123,59.061,61.703
451,3.257,4.853,700.000,1.490,1.000,63.912,62.091,59.031,61.678
452,3.366,4.982,700.000,1.480,1.000,63.845,61.964,58.872,61.560
453,3.443,5.061,700.000,1.470,1.000,63.802,61.879,58.775,61.485
454,0.000,0.000,-0.000,1.470,-0.000,62.629,60.212,56.772,59.871
455,3.614,5.277,700.000,1.460,1.000,63.574,61.529,58.509,61.204
456,3.060,4.438,700.000,1.450,1.000,64.032,62.359,59.542,61.978
457,2.603,3.774,700.000,1.450,1.000,64.327,62.981,60.358,62.555
458,0.000,0.000,-0.000,1.440,-0.000,63.159,61.096,57.761,60.672
459,3.395,4.889,700.000,1.440,1.000,63.794,61.962,58.987,61.581
460,3.014,4.340,700.000,1.440,1.000,64.098,62.500,59.662,62.087
461,0.000,0.000,-0.000,1.440,-0.000,61.720,59.226,55.789,58.911
462,5.171,7.446,700.000,1.440,1.000,62.109,59.182,55.841,59.044
463,0.000,0.000,-0.000,1.440,-0.000,58.415,55.241,51.851,55.169
464,0.000,0.000,-0.000,1.500,-0.000,54.977,51.704,48.333,51.671
465,7.424,11.507,700.000,1.550,1.000,58.779,54.281,50.845,54.635
466,0.000,0.000,-0.000,1.600,-0.000,54.813,50.978,47.782,51.191
467,7.168,11.755,700.000,1.640,1.000,58.682,53.965,50.540,54.396
468,5.956,9.887,700.000,1.660,1.000,60.517,56.270,52.838,56.542
469,5.024,8.290,700.000,1.650,1.000,61.781,58.192,54.803,58.258
470,4.486,7.222,700.000,1.610,1.000,62.494,59.430,56.116,59.347
471,4.377,6.653,700.000,1.520,1.000,62.839,60.086,56.816,59.914
472,4.288,6.389,700.000,1.490,1.000,62.994,60.396,57.141,60.177
473,4.154,6.148,700.000,1.480,1.000,63.146,60.670,57.438,60.418
474,4.196,6.168,700.000,1.470,1.000,63.128,60.660,57.413,60.401
475,4.392,6.457,700.000,1.470,1.000,62.926,60.341,57.058,60.108
476,4.713,6.881,700.000,1.460,1.000,62.615,59.850,56.536,59.667
477,4.867,7.057,700.000,1.450,1.000,62.492,59.636,56.320,59.483
478,4.231,6.134,700.000,1.450,1.000,63.146,60.647,57.454,60.416
479,0.000,0.000,-0.000,1.440,-0.000,61.499,58.670,55.268,58.479
480,4.550,6.552,700.000,1.440,1.000,62.786,60.153,56.940,59.960
481,3.910,5.592,700.000,1.430,1.000,63.447,61.204,58.122,60.924
482,3.485,4.948,700.000,1.420,1.000,63.817,61.896,58.913,61.542
483,3.240,4.569,700.000,1.410,1.000,64.021,62.305,59.380,61.902
484,3.173,4.442,700.000,1.400,1.000,64.097,62.463,59.536,62.032
485,0.000,0.000,-0.000,1.390,-0.000,61.787,59.281,55.825,58.965
486,5.398,7.450,700.000,1.380,1.000,62.115,59.184,55.836,59.045
487,5.273,7.277,700.000,1.380,1.000,62.326,59.368,56.049,59.248
488,0.000,0.000,-0.000,1.420,-0.000,58.993,55.819,52.438,55.750
489,0.000,0.000,-0.000,1.470,-0.000,56.197,52.934,49.562,52.898
490,0.000,0.000,-0.000,1.550,-0.000,53.742,50.441,47.084,50.422
491,7.376,11.802,700.000,1.600,1.000,58.697,54.036,50.483,54.406
492,5.765,9.397,700.000,1.630,1.000,61.046,56.959,53.441,57.149
493,4.685,7.683,700.000,1.640,1.000,62.264,58.931,55.550,58.915
494,4.008,6.453,700.000,1.610,1.000,63.019,60.301,57.063,60.128
495,3.688,5.717,700.000,1.550,1.000,63.430,61.111,57.968,60.836
496,3.473,5.279,700.000,1.520,1.000,63.668,61.592,58.506,61.256
497,3.505,5.222,700.000,1.490,1.000,63.704,61.684,58.576,61.321
498,3.774,5.509,700.000,1.460,1.000,63.543,61.405,58.223,61.057
499,3.925,5.612,700.000,1.430,1.000,63.482,61.290,58.097,60.956
500,0.000,0.000,-0.000,1.400,-0.000,60.855,58.053,54.597,57.835
501,5.455,7.582,700.000,1.390,1.000,62.025,59.005,55.674,58.901
502,0.000,0.000,-0.000,1.380,-0.000,60.399,57.259,53.880,57.179
503,0.000,0.000,-0.000,1.370,-0.000,59.048,55.838,52.454,55.780
